Item Name,Short Name,HSN Code,combined_features,hsn_label
5 Step Round Base (Nandhi) - KPS K-P,5 STEP ROUND BASE (NANDHI) - KPS .,74181010,5 Step Round Base (Nandhi) - KPS K-P 5 STEP ROUND BASE (NANDHI) - KPS .,24
5 Step Round Base (Peacock) - KPS K-P,5 STEP ROUND BASE (PEACOCK) - KPS .,74181010,5 Step Round Base (Peacock) - KPS K-P 5 STEP ROUND BASE (PEACOCK) - KPS .,24
5 Step Squar Base (Lion) - KPS K-P,5 STEP SQUAR BASE (LION) - KPS .,74181010,5 Step Squar Base (Lion) - KPS K-P 5 STEP SQUAR BASE (LION) - KPS .,24
5 Step Square Base (Peacock) - KPS K-P,5 STEP SQUARE BASE (PEACOCK) - KPS .,74198030,5 Step Square Base (Peacock) - KPS K-P 5 STEP SQUARE BASE (PEACOCK) - KPS .,28
AKP VILAKKU  -5 AZD K-P,AKP VILAKKU  -5 AZD .,74198030,AKP VILAKKU  -5 AZD K-P AKP VILAKKU  -5 AZD .,28
AKP VILAKKU  -9 AZD K-P,AKP VILAKKU  -9 AZD .,74198030,AKP VILAKKU  -9 AZD K-P AKP VILAKKU  -9 AZD .,28
AKP VILAKKU -6  AZD K-P,AKP VILAKKU -6  AZD .,74198030,AKP VILAKKU -6  AZD K-P AKP VILAKKU -6  AZD .,28
Bal Ambika Vigraham - BNKI K-P,BAL AMBIKA VIGRAHAM - BNKI .,74198030,Bal Ambika Vigraham - BNKI K-P BAL AMBIKA VIGRAHAM - BNKI .,28
Balaji Gol Base Vigraham - BNKI K-P,BALAJI GOL BASE VIGRAHAM - BNKI .,83062910,Balaji Gol Base Vigraham - BNKI K-P BALAJI GOL BASE VIGRAHAM - BNKI .,36
Bhero Vigraham - BNKI K-P,BHERO VIGRAHAM - BNKI .,741999,Bhero Vigraham - BNKI K-P BHERO VIGRAHAM - BNKI .,13
Brass 11 Arti - RSH K-P,BRASS 11 ARTI - RSH .,741999,Brass 11 Arti - RSH K-P BRASS 11 ARTI - RSH .,13
Brass 21 Arti - RSH K-P,BRASS 21 ARTI - RSH .,741999,Brass 21 Arti - RSH K-P BRASS 21 ARTI - RSH .,13
Brass 31 Arti - RSH K-P,BRASS 31 ARTI - RSH .,741999,Brass 31 Arti - RSH K-P BRASS 31 ARTI - RSH .,13
Brass 7 Arti - RSH K-P,BRASS 7 ARTI - RSH .,741999,Brass 7 Arti - RSH K-P BRASS 7 ARTI - RSH .,13
Brass 9 Arti - RSH K-P,BRASS 9 ARTI - RSH .,741999,Brass 9 Arti - RSH K-P BRASS 9 ARTI - RSH .,13
Brass Aiyappa BNKI K-P,BRASS AIYAPPA BNKI .,741999,Brass Aiyappa BNKI K-P BRASS AIYAPPA BNKI .,13
Brass AKP Vilakku 7 SAKT        K-P,BRASS AKP VILAKKU 7 SAKT        .,741999,Brass AKP Vilakku 7 SAKT        K-P BRASS AKP VILAKKU 7 SAKT        .,13
Brass AKP Vilakku 8 SAKT  K-P,BRASS AKP VILAKKU 8 SAKT  .,74181010,Brass AKP Vilakku 8 SAKT  K-P BRASS AKP VILAKKU 8 SAKT  .,24
Brass AKP Vilakku Fancy 10 MW K-P,BRASS AKP VILAKKU FANCY 10 MW .,74181010,Brass AKP Vilakku Fancy 10 MW K-P BRASS AKP VILAKKU FANCY 10 MW .,24
Brass AKP Vilakku Fancy 5 MW K-P,BRASS AKP VILAKKU FANCY 5 MW .,83062910,Brass AKP Vilakku Fancy 5 MW K-P BRASS AKP VILAKKU FANCY 5 MW .,36
Brass AKP Vilakku Fancy 6 MW K-P,BRASS AKP VILAKKU FANCY 6 MW .,74181010,Brass AKP Vilakku Fancy 6 MW K-P BRASS AKP VILAKKU FANCY 6 MW .,24
Brass AKP Vilakku Fancy 8 MW K-P,BRASS AKP VILAKKU FANCY 8 MW .,74181010,Brass AKP Vilakku Fancy 8 MW K-P BRASS AKP VILAKKU FANCY 8 MW .,24
Brass AKP Vilakku Fancy7 MW K-P,BRASS AKP VILAKKU FANCY7 MW .,74181010,Brass AKP Vilakku Fancy7 MW K-P BRASS AKP VILAKKU FANCY7 MW .,24
Brass AKP Vilakku Fancy9 MW K-P,BRASS AKP VILAKKU FANCY9 MW .,74181010,Brass AKP Vilakku Fancy9 MW K-P BRASS AKP VILAKKU FANCY9 MW .,24
BRASS ANKUR 1 MW K-P,BRASS ANKUR 1 MW .,83062910,BRASS ANKUR 1 MW K-P BRASS ANKUR 1 MW .,36
BRASS ANKUR 2 MW K-P,BRASS ANKUR 2 MW .,830629,BRASS ANKUR 2 MW K-P BRASS ANKUR 2 MW .,17
Brass Arjun Rath SSF BNKI K-P,BRASS ARJUN RATH SSF BNKI .,74181021,Brass Arjun Rath SSF BNKI K-P BRASS ARJUN RATH SSF BNKI .,25
BRASS ARTHI-1 K-P,BRASS ARTHI-1 .,74181021,BRASS ARTHI-1 K-P BRASS ARTHI-1 .,25
BRASS ARTHI-3 K-P,BRASS ARTHI-3 .,74181021,BRASS ARTHI-3 K-P BRASS ARTHI-3 .,25
BRASS ARTHI-4 K-P,BRASS ARTHI-4 .,74181021,BRASS ARTHI-4 K-P BRASS ARTHI-4 .,25
BRASS ARTHI-5 K-P,BRASS ARTHI-5 .,74181021,BRASS ARTHI-5 K-P BRASS ARTHI-5 .,25
Brass Ast Ganesh SF BNKI K-P,BRASS AST GANESH SF BNKI .,83062910,Brass Ast Ganesh SF BNKI K-P BRASS AST GANESH SF BNKI .,36
Brass Balaji Vigraham BNKI K-P,BRASS BALAJI VIGRAHAM BNKI .,570390,Brass Balaji Vigraham BNKI K-P BRASS BALAJI VIGRAHAM BNKI .,4
Brass beeding plate Ring   11 RAJTN K-P,BRASS BEEDING PLATE RING   11 RAJTN .,74181010,Brass beeding plate Ring   11 RAJTN K-P BRASS BEEDING PLATE RING   11 RAJTN .,24
Brass beeding plate Ring   15 RAJTN K-P,BRASS BEEDING PLATE RING   15 RAJTN .,741810,Brass beeding plate Ring   15 RAJTN K-P BRASS BEEDING PLATE RING   15 RAJTN .,9
Brass beeding plate Ring   9  RAJTN K-P,BRASS BEEDING PLATE RING   9  RAJTN .,741810,Brass beeding plate Ring   9  RAJTN K-P BRASS BEEDING PLATE RING   9  RAJTN .,9
Brass beeding plate Ring  13   RAJTN K-P,BRASS BEEDING PLATE RING  13   RAJTN .,741810,Brass beeding plate Ring  13   RAJTN K-P BRASS BEEDING PLATE RING  13   RAJTN .,9
Brass Beeding Plate Ring 14 RAJTN  K-P,BRASS BEEDING PLATE RING 14 RAJTN  .,741810,Brass Beeding Plate Ring 14 RAJTN  K-P BRASS BEEDING PLATE RING 14 RAJTN  .,9
Brass Beena Ganesh BNKI K-P,BRASS BEENA GANESH BNKI .,74181010,Brass Beena Ganesh BNKI K-P BRASS BEENA GANESH BNKI .,24
Brass Bowl 10 SDHRA K-P,BRASS BOWL 10 SDHRA .,83062910,Brass Bowl 10 SDHRA K-P BRASS BOWL 10 SDHRA .,36
Brass Bowl 11 SDHRA K-P,BRASS BOWL 11 SDHRA .,83062910,Brass Bowl 11 SDHRA K-P BRASS BOWL 11 SDHRA .,36
Brass Bowl 5   RAJTN                   K-P,BRASS BOWL 5   RAJTN                   .,83062910,Brass Bowl 5   RAJTN                   K-P BRASS BOWL 5   RAJTN                   .,36
Brass Bowl 6   RAJTN                   K-P,BRASS BOWL 6   RAJTN                   .,83062910,Brass Bowl 6   RAJTN                   K-P BRASS BOWL 6   RAJTN                   .,36
Brass Bowl 7   RAJTN                   K-P,BRASS BOWL 7   RAJTN                   .,83062910,Brass Bowl 7   RAJTN                   K-P BRASS BOWL 7   RAJTN                   .,36
Brass Bowl 7 SDHRA K-P,BRASS BOWL 7 SDHRA .,74181010,Brass Bowl 7 SDHRA K-P BRASS BOWL 7 SDHRA .,24
Brass Bowl 8 SDHRA K-P,BRASS BOWL 8 SDHRA .,74181010,Brass Bowl 8 SDHRA K-P BRASS BOWL 8 SDHRA .,24
Brass Bowl 9 SDHRA K-P,BRASS BOWL 9 SDHRA .,74181010,Brass Bowl 9 SDHRA K-P BRASS BOWL 9 SDHRA .,24
BRASS BUDDHA DESIGN BNKI K-P,BRASS BUDDHA DESIGN BNKI .,83062910,BRASS BUDDHA DESIGN BNKI K-P BRASS BUDDHA DESIGN BNKI .,36
Brass Buddha Dot BNKI K-P,BRASS BUDDHA DOT BNKI .,741999,Brass Buddha Dot BNKI K-P BRASS BUDDHA DOT BNKI .,13
Brass Chair Ganesh BNKI K-P,BRASS CHAIR GANESH BNKI .,830629,Brass Chair Ganesh BNKI K-P BRASS CHAIR GANESH BNKI .,17
Brass Chakra Deepak BNKI      K-P,BRASS CHAKRA DEEPAK BNKI      .,83062910,Brass Chakra Deepak BNKI      K-P BRASS CHAKRA DEEPAK BNKI      .,36
Brass Changanassery Deepak 6 EMB    K-P,BRASS CHANGANASSERY DEEPAK 6 EMB    .,83062190,Brass Changanassery Deepak 6 EMB    K-P BRASS CHANGANASSERY DEEPAK 6 EMB    .,35
Brass Changanassery Deepak 7 EMB   K-P,BRASS CHANGANASSERY DEEPAK 7 EMB   .,830629,Brass Changanassery Deepak 7 EMB   K-P BRASS CHANGANASSERY DEEPAK 7 EMB   .,17
Brass Changanassery Deepak 8 EMB   K-P,BRASS CHANGANASSERY DEEPAK 8 EMB   .,830629,Brass Changanassery Deepak 8 EMB   K-P BRASS CHANGANASSERY DEEPAK 8 EMB   .,17
BRASS CHILAMPU SET-10 SR K-P,BRASS CHILAMPU SET-10 SR .,74181010,BRASS CHILAMPU SET-10 SR K-P BRASS CHILAMPU SET-10 SR .,24
BRASS CHILAMPU SET-8 SR K-P,BRASS CHILAMPU SET-8 SR .,74181010,BRASS CHILAMPU SET-8 SR K-P BRASS CHILAMPU SET-8 SR .,24
Brass Cow Calf L+G Oval Base Vigraham BNKI K-P,BRASS COW CALF L+G OVAL BASE VIGRAHAM BNKI .,74181010,Brass Cow Calf L+G Oval Base Vigraham BNKI K-P BRASS COW CALF L+G OVAL BASE VIGRAHAM BNKI .,24
Brass Cow Krishna Double More BNKI      K-P,BRASS COW KRISHNA DOUBLE MORE BNKI      .,74181010,Brass Cow Krishna Double More BNKI      K-P BRASS COW KRISHNA DOUBLE MORE BNKI      .,24
Brass Cow Krishna Vigraham BNKI K-P-KR217,BRASS COW KRISHNA VIGRAHAM BNKI .-KR217,74181010,Brass Cow Krishna Vigraham BNKI K-P-KR217 BRASS COW KRISHNA VIGRAHAM BNKI .-KR217,24
Brass Cow Krishna Vigraham BNKI K-P-KR303,BRASS COW KRISHNA VIGRAHAM BNKI .-KR303,83062910,Brass Cow Krishna Vigraham BNKI K-P-KR303 BRASS COW KRISHNA VIGRAHAM BNKI .-KR303,36
Brass Cow Krishna Vigraham BNKI K-P-KR303N,BRASS COW KRISHNA VIGRAHAM BNKI .-KR303N,74181010,Brass Cow Krishna Vigraham BNKI K-P-KR303N BRASS COW KRISHNA VIGRAHAM BNKI .-KR303N,24
Brass Cup Oil 4 WAL K-P,BRASS CUP OIL 4 WAL .,83062910,Brass Cup Oil 4 WAL K-P BRASS CUP OIL 4 WAL .,36
BRASS DABARA-1 RAJTN                                   K-P,BRASS DABARA-1 RAJTN,83062910,BRASS DABARA-1 RAJTN                                   K-P BRASS DABARA-1 RAJTN,36
BRASS DABARA-2 K-P,BRASS DABARA-2 .,830629,BRASS DABARA-2 K-P BRASS DABARA-2 .,17
BRASS DANA KATORI   ADV  3    K-P,BRASS DANA KATORI   ADV  3    .,830629,BRASS DANA KATORI   ADV  3    K-P BRASS DANA KATORI   ADV  3    .,17
BRASS DANA KATORI 1  ADV      K-P,BRASS DANA KATORI 1  ADV      .,741999,BRASS DANA KATORI 1  ADV      K-P BRASS DANA KATORI 1  ADV      .,13
BRASS DANA KATORI 2  ADV      K-P,BRASS DANA KATORI 2  ADV      .,74181010,BRASS DANA KATORI 2  ADV      K-P BRASS DANA KATORI 2  ADV      .,24
BRASS DANA KATORI 4  ADV      K-P,BRASS DANA KATORI 4  ADV      .,74181010,BRASS DANA KATORI 4  ADV      K-P BRASS DANA KATORI 4  ADV      .,24
Brass Dancing Ganesh BNKI K-P,BRASS DANCING GANESH BNKI .,74181010,Brass Dancing Ganesh BNKI K-P BRASS DANCING GANESH BNKI .,24
Brass Dancing Ganesh SF BNKI K-P,BRASS DANCING GANESH SF BNKI .,74181010,Brass Dancing Ganesh SF BNKI K-P BRASS DANCING GANESH SF BNKI .,24
Brass Dancing Ganesh Vigraham BNKI K-P,BRASS DANCING GANESH VIGRAHAM BNKI .,741999,Brass Dancing Ganesh Vigraham BNKI K-P BRASS DANCING GANESH VIGRAHAM BNKI .,13
Brass Deep Lady 10 Hands Vigraham BNKI K-P,BRASS DEEP LADY 10 HANDS VIGRAHAM BNKI .,83062910,Brass Deep Lady 10 Hands Vigraham BNKI K-P BRASS DEEP LADY 10 HANDS VIGRAHAM BNKI .,36
Brass Deepak Medium SLXT K-P,BRASS DEEPAK MEDIUM SLXT .,83062910,Brass Deepak Medium SLXT K-P BRASS DEEPAK MEDIUM SLXT .,36
Brass Deevla Arthi 1 SR K-P,BRASS DEEVLA ARTHI 1 SR .,741810,Brass Deevla Arthi 1 SR K-P BRASS DEEVLA ARTHI 1 SR .,9
Brass Deevla Arthi 2 SR K-P,BRASS DEEVLA ARTHI 2 SR .,741810,Brass Deevla Arthi 2 SR K-P BRASS DEEVLA ARTHI 2 SR .,9
Brass Deevla Arthi 3 SR K-P,BRASS DEEVLA ARTHI 3 SR .,741810,Brass Deevla Arthi 3 SR K-P BRASS DEEVLA ARTHI 3 SR .,9
Brass Deevla Arthi 4 SR K-P,BRASS DEEVLA ARTHI 4 SR .,83062910,Brass Deevla Arthi 4 SR K-P BRASS DEEVLA ARTHI 4 SR .,36
Brass Dhara Patra Small   RSH              K-P,BRASS DHARA PATRA SMALL   RSH              .,83062910,Brass Dhara Patra Small   RSH              K-P BRASS DHARA PATRA SMALL   RSH              .,36
Brass Double Choki Ganesh BNKI K-P,BRASS DOUBLE CHOKI GANESH BNKI .,83062910,Brass Double Choki Ganesh BNKI K-P BRASS DOUBLE CHOKI GANESH BNKI .,36
Brass Elephant Deepak BNKI      K-P,BRASS ELEPHANT DEEPAK BNKI      .,830629,Brass Elephant Deepak BNKI      K-P BRASS ELEPHANT DEEPAK BNKI      .,17
Brass Etching Plate 11  SHILP                       K-P,BRASS ETCHING PLATE 11  SHILP,830629,Brass Etching Plate 11  SHILP                       K-P BRASS ETCHING PLATE 11  SHILP,17
Brass Etching Plate 13  SHILP                       K-P,BRASS ETCHING PLATE 13  SHILP,83062910,Brass Etching Plate 13  SHILP                       K-P BRASS ETCHING PLATE 13  SHILP,36
Brass Etching Plate 9   SHILP                    K-P,BRASS ETCHING PLATE 9   SHILP                    .,83062910,Brass Etching Plate 9   SHILP                    K-P BRASS ETCHING PLATE 9   SHILP                    .,36
Brass Five Face Hanuman BNKI K-P,BRASS FIVE FACE HANUMAN BNKI .,741999,Brass Five Face Hanuman BNKI K-P BRASS FIVE FACE HANUMAN BNKI .,13
Brass Frame Aiyappa BNKI K-P,BRASS FRAME AIYAPPA BNKI .,741999,Brass Frame Aiyappa BNKI K-P BRASS FRAME AIYAPPA BNKI .,13
Brass Frame Buddha BNKI K-P,BRASS FRAME BUDDHA BNKI .,741910,Brass Frame Buddha BNKI K-P BRASS FRAME BUDDHA BNKI .,11
Brass Frame Ram Darbar Vigraham BNKI K-P,BRASS FRAME RAM DARBAR VIGRAHAM BNKI .,741910,Brass Frame Ram Darbar Vigraham BNKI K-P BRASS FRAME RAM DARBAR VIGRAHAM BNKI .,11
Brass Frame Shiva Parvati Vigraham BNKI K-P,BRASS FRAME SHIVA PARVATI VIGRAHAM BNKI .,74181010,Brass Frame Shiva Parvati Vigraham BNKI K-P BRASS FRAME SHIVA PARVATI VIGRAHAM BNKI .,24
Brass Ganesh Face Deepak BNKI K-P,BRASS GANESH FACE DEEPAK BNKI .,741999,Brass Ganesh Face Deepak BNKI K-P BRASS GANESH FACE DEEPAK BNKI .,13
Brass Ganesh Gol Base BNKI K-P,BRASS GANESH GOL BASE BNKI .,741999,Brass Ganesh Gol Base BNKI K-P BRASS GANESH GOL BASE BNKI .,13
Brass Glass Chatai GUL K-P,BRASS GLASS CHATAI GUL .,741999,Brass Glass Chatai GUL K-P BRASS GLASS CHATAI GUL .,13
Brass Glass Diamond GUL K-P,BRASS GLASS DIAMOND GUL .,741910,Brass Glass Diamond GUL K-P BRASS GLASS DIAMOND GUL .,11
BRASS GLASS DIAMOND-GUL K-P,BRASS GLASS DIAMOND-GUL .,741910,BRASS GLASS DIAMOND-GUL K-P BRASS GLASS DIAMOND-GUL .,11
BRASS GLASS EICHING K-P,BRASS GLASS EICHING .,74181010,BRASS GLASS EICHING K-P BRASS GLASS EICHING .,24
BRASS GLASS ENGR K-P,BRASS GLASS ENGR .,830629,BRASS GLASS ENGR K-P BRASS GLASS ENGR .,17
Brass Glass Lehar GUL K-P,BRASS GLASS LEHAR GUL .,83062910,Brass Glass Lehar GUL K-P BRASS GLASS LEHAR GUL .,36
Brass Glass M.Lekar GUL K-P,BRASS GLASS M.LEKAR GUL .,741999,Brass Glass M.Lekar GUL K-P BRASS GLASS M.LEKAR GUL .,13
Brass Glass Plain GUL K-P,BRASS GLASS PLAIN GUL .,741999,Brass Glass Plain GUL K-P BRASS GLASS PLAIN GUL .,13
BRASS GLASS PLAIN K-P,BRASS GLASS PLAIN .,741999,BRASS GLASS PLAIN K-P BRASS GLASS PLAIN .,13
BRASS GLASS SAZAI K-P,BRASS GLASS SAZAI .,741999,BRASS GLASS SAZAI K-P BRASS GLASS SAZAI .,13
BRASS GLASS TEP K-P,BRASS GLASS TEP .,741999,BRASS GLASS TEP K-P BRASS GLASS TEP .,13
Brass Gyatri With Swan Vigraham BNKI K-P,BRASS GYATRI WITH SWAN VIGRAHAM BNKI .,741999,Brass Gyatri With Swan Vigraham BNKI K-P BRASS GYATRI WITH SWAN VIGRAHAM BNKI .,13
Brass Half Body Buddha   BNKI           K-P,BRASS HALF BODY BUDDHA   BNKI           .,741999,Brass Half Body Buddha   BNKI           K-P BRASS HALF BODY BUDDHA   BNKI           .,13
Brass Halwa Plate 1 GUL K-P,BRASS HALWA PLATE 1 GUL .,741999,Brass Halwa Plate 1 GUL K-P BRASS HALWA PLATE 1 GUL .,13
Brass Halwa Plate 2 GUL K-P,BRASS HALWA PLATE 2 GUL .,741999,Brass Halwa Plate 2 GUL K-P BRASS HALWA PLATE 2 GUL .,13
Brass Halwa Plate 3 GUL K-P,BRASS HALWA PLATE 3 GUL .,741999,Brass Halwa Plate 3 GUL K-P BRASS HALWA PLATE 3 GUL .,13
Brass Halwa Plate 4 GUL K-P,BRASS HALWA PLATE 4 GUL .,741999,Brass Halwa Plate 4 GUL K-P BRASS HALWA PLATE 4 GUL .,13
Brass Halwa Plate 5 GUL K-P,BRASS HALWA PLATE 5 GUL .,741999,Brass Halwa Plate 5 GUL K-P BRASS HALWA PLATE 5 GUL .,13
Brass Halwa Plate 6 GUL K-P,BRASS HALWA PLATE 6 GUL .,741999,Brass Halwa Plate 6 GUL K-P BRASS HALWA PLATE 6 GUL .,13
Brass Halwa Plate Heavy 1   GUL               K-P,BRASS HALWA PLATE HEAVY 1   GUL               .,741999,Brass Halwa Plate Heavy 1   GUL               K-P BRASS HALWA PLATE HEAVY 1   GUL               .,13
Brass Halwa Plate Heavy 2   GUL               K-P,BRASS HALWA PLATE HEAVY 2   GUL               .,741999,Brass Halwa Plate Heavy 2   GUL               K-P BRASS HALWA PLATE HEAVY 2   GUL               .,13
Brass Halwa Plate Heavy 3   GUL               K-P,BRASS HALWA PLATE HEAVY 3   GUL               .,741999,Brass Halwa Plate Heavy 3   GUL               K-P BRASS HALWA PLATE HEAVY 3   GUL               .,13
Brass Halwa Plate Heavy 4   GUL               K-P,BRASS HALWA PLATE HEAVY 4   GUL               .,83062910,Brass Halwa Plate Heavy 4   GUL               K-P BRASS HALWA PLATE HEAVY 4   GUL               .,36
Brass Halwa Plate Heavy 5   GUL               K-P,BRASS HALWA PLATE HEAVY 5   GUL               .,830629,Brass Halwa Plate Heavy 5   GUL               K-P BRASS HALWA PLATE HEAVY 5   GUL               .,17
Brass Halwa Plate Heavy 6   GUL               K-P,BRASS HALWA PLATE HEAVY 6   GUL               .,83062190,Brass Halwa Plate Heavy 6   GUL               K-P BRASS HALWA PLATE HEAVY 6   GUL               .,35
BRASS HANDLE KOMCHA PLATE -10 RSH K-P,BRASS HANDLE KOMCHA PLATE -10 RSH .,83062910,BRASS HANDLE KOMCHA PLATE -10 RSH K-P BRASS HANDLE KOMCHA PLATE -10 RSH .,36
BRASS HANDLE KOMCHA PLATE -12 RSH K-P,BRASS HANDLE KOMCHA PLATE -12 RSH .,741999,BRASS HANDLE KOMCHA PLATE -12 RSH K-P BRASS HANDLE KOMCHA PLATE -12 RSH .,13
BRASS HANDLE KOMCHA PLATE -8 RSH K-P,BRASS HANDLE KOMCHA PLATE -8 RSH .,74181010,BRASS HANDLE KOMCHA PLATE -8 RSH K-P BRASS HANDLE KOMCHA PLATE -8 RSH .,24
BRASS HANDLE KOMCHA PLATE -9 RSH K-P,BRASS HANDLE KOMCHA PLATE -9 RSH .,74181010,BRASS HANDLE KOMCHA PLATE -9 RSH K-P BRASS HANDLE KOMCHA PLATE -9 RSH .,24
Brass Hanging Ganesh Latkan BNKI      K-P,BRASS HANGING GANESH LATKAN BNKI      .,74181010,Brass Hanging Ganesh Latkan BNKI      K-P BRASS HANGING GANESH LATKAN BNKI      .,24
Brass Hannging Radha Krishna Plate Vigraham BNKI K-P,BRASS HANNGING RADHA KRISHNA PLATE VIGRAHAM BNKI .,74181010,Brass Hannging Radha Krishna Plate Vigraham BNKI K-P BRASS HANNGING RADHA KRISHNA PLATE VIGRAHAM BNKI .,24
Brass Hantic Silai Spl SVM K-P,BRASS HANTIC SILAI SPL SVM .,74181010,Brass Hantic Silai Spl SVM K-P BRASS HANTIC SILAI SPL SVM .,24
Brass Jisas Cross BNKI      K-P,BRASS JISAS CROSS BNKI      .,74181010,Brass Jisas Cross BNKI      K-P BRASS JISAS CROSS BNKI      .,24
Brass Kamal Deepak Uruli BNKI      K-P,BRASS KAMAL DEEPAK URULI BNKI      .,74181010,Brass Kamal Deepak Uruli BNKI      K-P BRASS KAMAL DEEPAK URULI BNKI      .,24
Brass Kattori (Big Piyali) GUL 1 K-P,BRASS KATTORI (BIG PIYALI) GUL 1 .,74181010,Brass Kattori (Big Piyali) GUL 1 K-P BRASS KATTORI (BIG PIYALI) GUL 1 .,24
Brass Kattori (Big Piyali) GUL 2 K-P,BRASS KATTORI (BIG PIYALI) GUL 2 .,74181010,Brass Kattori (Big Piyali) GUL 2 K-P BRASS KATTORI (BIG PIYALI) GUL 2 .,24
Brass Kattori (Big Piyali) GUL 3 K-P,BRASS KATTORI (BIG PIYALI) GUL 3 .,74181010,Brass Kattori (Big Piyali) GUL 3 K-P BRASS KATTORI (BIG PIYALI) GUL 3 .,24
Brass Khalbatta (Idikal) 2 KATM K-P,BRASS KHALBATTA (IDIKAL) 2 KATM .,741810,Brass Khalbatta (Idikal) 2 KATM K-P BRASS KHALBATTA (IDIKAL) 2 KATM .,9
Brass Khalbatta (Idikal) 4 KATM K-P,BRASS KHALBATTA (IDIKAL) 4 KATM .,741810,Brass Khalbatta (Idikal) 4 KATM K-P BRASS KHALBATTA (IDIKAL) 4 KATM .,9
Brass Khalbatta (Idikal) 6 KATM K-P,BRASS KHALBATTA (IDIKAL) 6 KATM .,741810,Brass Khalbatta (Idikal) 6 KATM K-P BRASS KHALBATTA (IDIKAL) 6 KATM .,9
Brass Kindi 9 AZD K-P,BRASS KINDI 9 AZD .,741999,Brass Kindi 9 AZD K-P BRASS KINDI 9 AZD .,13
Brass KN Pooja kindi MW 1 K-P,BRASS KN POOJA KINDI MW 1 .,830629,Brass KN Pooja kindi MW 1 K-P BRASS KN POOJA KINDI MW 1 .,17
Brass KN Pooja kindi MW 2 K-P,BRASS KN POOJA KINDI MW 2 .,830629,Brass KN Pooja kindi MW 2 K-P BRASS KN POOJA KINDI MW 2 .,17
Brass KN Pooja kindi MW 3 K-P,BRASS KN POOJA KINDI MW 3 .,830629,Brass KN Pooja kindi MW 3 K-P BRASS KN POOJA KINDI MW 3 .,17
Brass KN Pooja kindi MW 4 K-P,BRASS KN POOJA KINDI MW 4 .,741999,Brass KN Pooja kindi MW 4 K-P BRASS KN POOJA KINDI MW 4 .,13
Brass Krishna Vigraham BNKI K-P,BRASS KRISHNA VIGRAHAM BNKI .,741999,Brass Krishna Vigraham BNKI K-P BRASS KRISHNA VIGRAHAM BNKI .,13
Brass Kuber Deep 1    GUL                      K-P,BRASS KUBER DEEP 1    GUL                      .,741999,Brass Kuber Deep 1    GUL                      K-P BRASS KUBER DEEP 1    GUL                      .,13
Brass Kuber Deep 2    GUL                      K-P,BRASS KUBER DEEP 2    GUL                      .,74181010,Brass Kuber Deep 2    GUL                      K-P BRASS KUBER DEEP 2    GUL                      .,24
Brass Kuber Kunji Vigraham LB 112 BNKI K-P,BRASS KUBER KUNJI VIGRAHAM LB 112 BNKI .,74181010,Brass Kuber Kunji Vigraham LB 112 BNKI K-P BRASS KUBER KUNJI VIGRAHAM LB 112 BNKI .,24
Brass L+V Shaiya Vigraham BNKI K-P,BRASS L+V SHAIYA VIGRAHAM BNKI .,74181010,Brass L+V Shaiya Vigraham BNKI K-P BRASS L+V SHAIYA VIGRAHAM BNKI .,24
Brass Laxmi Vishnu Shaiya Vigraham BNKI K-P,BRASS LAXMI VISHNU SHAIYA VIGRAHAM BNKI .,74181010,Brass Laxmi Vishnu Shaiya Vigraham BNKI K-P BRASS LAXMI VISHNU SHAIYA VIGRAHAM BNKI .,24
BRASS LEG KOMCHA PLATE -10 RSH K-P,BRASS LEG KOMCHA PLATE -10 RSH .,74181010,BRASS LEG KOMCHA PLATE -10 RSH K-P BRASS LEG KOMCHA PLATE -10 RSH .,24
BRASS LEG KOMCHA PLATE -12 RSH K-P,BRASS LEG KOMCHA PLATE -12 RSH .,74181010,BRASS LEG KOMCHA PLATE -12 RSH K-P BRASS LEG KOMCHA PLATE -12 RSH .,24
BRASS LEG KOMCHA PLATE -14 RSH K-P,BRASS LEG KOMCHA PLATE -14 RSH .,74181010,BRASS LEG KOMCHA PLATE -14 RSH K-P BRASS LEG KOMCHA PLATE -14 RSH .,24
Brass Lotta (chempu) 4 KGB K-P,BRASS LOTTA (CHEMPU) 4 KGB .,74181010,Brass Lotta (chempu) 4 KGB K-P BRASS LOTTA (CHEMPU) 4 KGB .,24
Brass Lotta (chempu) 6 KGB K-P,BRASS LOTTA (CHEMPU) 6 KGB .,74181010,Brass Lotta (chempu) 6 KGB K-P BRASS LOTTA (CHEMPU) 6 KGB .,24
Brass Lotta (chempu)-5 KGB K-P,BRASS LOTTA (CHEMPU)-5 KGB .,74181010,Brass Lotta (chempu)-5 KGB K-P BRASS LOTTA (CHEMPU)-5 KGB .,24
BRASS LOTTA 6 (CHEMBU) KGB K-P,BRASS LOTTA 6 (CHEMBU) KGB .,74181010,BRASS LOTTA 6 (CHEMBU) KGB K-P BRASS LOTTA 6 (CHEMBU) KGB .,24
BRASS LOTTA 7 (CHEMBU) KGB K-P,BRASS LOTTA 7 (CHEMBU) KGB .,74181010,BRASS LOTTA 7 (CHEMBU) KGB K-P BRASS LOTTA 7 (CHEMBU) KGB .,24
Brass Mahabharath Annam 10 - SUPFB K-P,BRASS MAHABHARATH ANNAM 10 - SUPFB .,74181010,Brass Mahabharath Annam 10 - SUPFB K-P BRASS MAHABHARATH ANNAM 10 - SUPFB .,24
Brass Mahabharath Annam 11 - SUPFB K-P,BRASS MAHABHARATH ANNAM 11 - SUPFB .,74181010,Brass Mahabharath Annam 11 - SUPFB K-P BRASS MAHABHARATH ANNAM 11 - SUPFB .,24
Brass Mahabharath Annam 13 - SUPFB K-P,BRASS MAHABHARATH ANNAM 13 - SUPFB .,74181010,Brass Mahabharath Annam 13 - SUPFB K-P BRASS MAHABHARATH ANNAM 13 - SUPFB .,24
Brass Mahabharath Annam 15 - SUPFB K-P,BRASS MAHABHARATH ANNAM 15 - SUPFB .,74181010,Brass Mahabharath Annam 15 - SUPFB K-P BRASS MAHABHARATH ANNAM 15 - SUPFB .,24
Brass Mahabharath Annam 8 - SUPFB K-P,BRASS MAHABHARATH ANNAM 8 - SUPFB .,74181010,Brass Mahabharath Annam 8 - SUPFB K-P BRASS MAHABHARATH ANNAM 8 - SUPFB .,24
Brass Mahabharath Annam 9 - SUPFB K-P,BRASS MAHABHARATH ANNAM 9 - SUPFB .,83062910,Brass Mahabharath Annam 9 - SUPFB K-P BRASS MAHABHARATH ANNAM 9 - SUPFB .,36
Brass Mahabharath Kalash 10 - SUPFB K-P,BRASS MAHABHARATH KALASH 10 - SUPFB .,83062910,Brass Mahabharath Kalash 10 - SUPFB K-P BRASS MAHABHARATH KALASH 10 - SUPFB .,36
Brass Mahabharath Kalash 11 - SUPFB K-P,BRASS MAHABHARATH KALASH 11 - SUPFB .,741810,Brass Mahabharath Kalash 11 - SUPFB K-P BRASS MAHABHARATH KALASH 11 - SUPFB .,9
Brass Mahabharath Kalash 13 - SUPFB K-P,BRASS MAHABHARATH KALASH 13 - SUPFB .,741810,Brass Mahabharath Kalash 13 - SUPFB K-P BRASS MAHABHARATH KALASH 13 - SUPFB .,9
Brass Mahabharath Kalash 15 - SUPFB K-P,BRASS MAHABHARATH KALASH 15 - SUPFB .,74181021,Brass Mahabharath Kalash 15 - SUPFB K-P BRASS MAHABHARATH KALASH 15 - SUPFB .,25
Brass Mahabharath Kalash 8 - SUPFB K-P,BRASS MAHABHARATH KALASH 8 - SUPFB .,741810,Brass Mahabharath Kalash 8 - SUPFB K-P BRASS MAHABHARATH KALASH 8 - SUPFB .,9
Brass Mahabharath Kalash 9 - SUPFB K-P,BRASS MAHABHARATH KALASH 9 - SUPFB .,741999,Brass Mahabharath Kalash 9 - SUPFB K-P BRASS MAHABHARATH KALASH 9 - SUPFB .,13
Brass Modern Whole Ganesh BNKI K-P-GA249,BRASS MODERN WHOLE GANESH BNKI .-GA249,741999,Brass Modern Whole Ganesh BNKI K-P-GA249 BRASS MODERN WHOLE GANESH BNKI .-GA249,13
Brass Modern Whole Ganesh BNKI K-P-GA249G,BRASS MODERN WHOLE GANESH BNKI .-GA249G,741999,Brass Modern Whole Ganesh BNKI K-P-GA249G BRASS MODERN WHOLE GANESH BNKI .-GA249G,13
Brass Montha 10 Chiran K-P,BRASS MONTHA 10 CHIRAN .,741999,Brass Montha 10 Chiran K-P BRASS MONTHA 10 CHIRAN .,13
Brass Montha 11 Chiran K-P,BRASS MONTHA 11 CHIRAN .,741999,Brass Montha 11 Chiran K-P BRASS MONTHA 11 CHIRAN .,13
Brass Montha 12 Chiran K-P,BRASS MONTHA 12 CHIRAN .,741999,Brass Montha 12 Chiran K-P BRASS MONTHA 12 CHIRAN .,13
Brass Montha 9 Chiran K-P,BRASS MONTHA 9 CHIRAN .,741999,Brass Montha 9 Chiran K-P BRASS MONTHA 9 CHIRAN .,13
Brass More Kiran 12 W/ O Rod GUL K-P,BRASS MORE KIRAN 12 W/ O ROD GUL .,741999,Brass More Kiran 12 W/ O Rod GUL K-P BRASS MORE KIRAN 12 W/ O ROD GUL .,13
Brass More Kiran 12 W/ Rod GUL K-P,BRASS MORE KIRAN 12 W/ ROD GUL .,741999,Brass More Kiran 12 W/ Rod GUL K-P BRASS MORE KIRAN 12 W/ ROD GUL .,13
Brass More Kiran 14 W/ Rod GUL K-P,BRASS MORE KIRAN 14 W/ ROD GUL .,741999,Brass More Kiran 14 W/ Rod GUL K-P BRASS MORE KIRAN 14 W/ ROD GUL .,13
Brass More Kiran 14 W/O  Rod GUL K-P,BRASS MORE KIRAN 14 W/O  ROD GUL .,74181010,Brass More Kiran 14 W/O  Rod GUL K-P BRASS MORE KIRAN 14 W/O  ROD GUL .,24
Brass Multi Stand -1 Gul K-P,BRASS MULTI STAND -1 GUL .,74181010,Brass Multi Stand -1 Gul K-P BRASS MULTI STAND -1 GUL .,24
Brass Multi Stand -2 Gul K-P,BRASS MULTI STAND -2 GUL .,74181010,Brass Multi Stand -2 Gul K-P BRASS MULTI STAND -2 GUL .,24
Brass Multi Stand -3 Gul K-P,BRASS MULTI STAND -3 GUL .,74181010,Brass Multi Stand -3 Gul K-P BRASS MULTI STAND -3 GUL .,24
Brass Multi Stand -4 Gul K-P,BRASS MULTI STAND -4 GUL .,74181010,Brass Multi Stand -4 Gul K-P BRASS MULTI STAND -4 GUL .,24
Brass Multi Stand -5 Gul K-P,BRASS MULTI STAND -5 GUL .,74181010,Brass Multi Stand -5 Gul K-P BRASS MULTI STAND -5 GUL .,24
Brass Multi Stand -7 Gul K-P,BRASS MULTI STAND -7 GUL .,74181010,Brass Multi Stand -7 Gul K-P BRASS MULTI STAND -7 GUL .,24
Brass Natraj 10 ADV K-P,BRASS NATRAJ 10 ADV .,74181010,Brass Natraj 10 ADV K-P BRASS NATRAJ 10 ADV .,24
Brass Natraj 12 ADV K-P,BRASS NATRAJ 12 ADV .,74181010,Brass Natraj 12 ADV K-P BRASS NATRAJ 12 ADV .,24
Brass Natraj 14 ADV K-P,BRASS NATRAJ 14 ADV .,74181010,Brass Natraj 14 ADV K-P BRASS NATRAJ 14 ADV .,24
Brass Natraj 16 ADV K-P,BRASS NATRAJ 16 ADV .,83062910,Brass Natraj 16 ADV K-P BRASS NATRAJ 16 ADV .,36
Brass Natraj 18 ADV K-P,BRASS NATRAJ 18 ADV .,830629,Brass Natraj 18 ADV K-P BRASS NATRAJ 18 ADV .,17
Brass Natraj 5 ADV K-P,BRASS NATRAJ 5 ADV .,830629,Brass Natraj 5 ADV K-P BRASS NATRAJ 5 ADV .,17
Brass Natraj 6 ADV K-P,BRASS NATRAJ 6 ADV .,830629,Brass Natraj 6 ADV K-P BRASS NATRAJ 6 ADV .,17
Brass Natraj 7 ADV K-P,BRASS NATRAJ 7 ADV .,830629,Brass Natraj 7 ADV K-P BRASS NATRAJ 7 ADV .,17
Brass Natraj 8 ADV K-P,BRASS NATRAJ 8 ADV .,74181010,Brass Natraj 8 ADV K-P BRASS NATRAJ 8 ADV .,24
Brass Natraj 9 ADV K-P,BRASS NATRAJ 9 ADV .,74181010,Brass Natraj 9 ADV K-P BRASS NATRAJ 9 ADV .,24
Brass Natraj BNKI      K-P,BRASS NATRAJ BNKI      .,83062910,Brass Natraj BNKI      K-P BRASS NATRAJ BNKI      .,36
Brass Natraj Vigraham BNKI K-P-SH102,BRASS NATRAJ VIGRAHAM BNKI .-SH102,83062910,Brass Natraj Vigraham BNKI K-P-SH102 BRASS NATRAJ VIGRAHAM BNKI .-SH102,36
Brass Natraj Vigraham BNKI K-P-SH115,BRASS NATRAJ VIGRAHAM BNKI .-SH115,83062910,Brass Natraj Vigraham BNKI K-P-SH115 BRASS NATRAJ VIGRAHAM BNKI .-SH115,36
Brass Natraj Vigraham BNKI K-P-SH123,BRASS NATRAJ VIGRAHAM BNKI .-SH123,74181021,Brass Natraj Vigraham BNKI K-P-SH123 BRASS NATRAJ VIGRAHAM BNKI .-SH123,25
Brass Natraj Vigraham BNKI K-P-SH192,BRASS NATRAJ VIGRAHAM BNKI .-SH192,83062910,Brass Natraj Vigraham BNKI K-P-SH192 BRASS NATRAJ VIGRAHAM BNKI .-SH192,36
Brass New Para 3 ARF K-P,BRASS NEW PARA 3 ARF .,741999,Brass New Para 3 ARF K-P BRASS NEW PARA 3 ARF .,13
Brass New Para 3.5 ARF K-P,BRASS NEW PARA 3.5 ARF .,741999,Brass New Para 3.5 ARF K-P BRASS NEW PARA 3.5 ARF .,13
Brass New Para 5 ARF K-P,BRASS NEW PARA 5 ARF .,830629,Brass New Para 5 ARF K-P BRASS NEW PARA 5 ARF .,17
Brass OD urunda montha 7 Chiran K-P,BRASS OD URUNDA MONTHA 7 CHIRAN .,830629,Brass OD urunda montha 7 Chiran K-P BRASS OD URUNDA MONTHA 7 CHIRAN .,17
Brass OD urunda montha 8 Chiran K-P,BRASS OD URUNDA MONTHA 8 CHIRAN .,83062910,Brass OD urunda montha 8 Chiran K-P BRASS OD URUNDA MONTHA 8 CHIRAN .,36
Brass OD urunda montha 9 Chiran K-P,BRASS OD URUNDA MONTHA 9 CHIRAN .,74181010,Brass OD urunda montha 9 Chiran K-P BRASS OD URUNDA MONTHA 9 CHIRAN .,24
Brass Odiya Montha 9  Chiran K-P,BRASS ODIYA MONTHA 9  CHIRAN .,74181010,Brass Odiya Montha 9  Chiran K-P BRASS ODIYA MONTHA 9  CHIRAN .,24
Brass Paan Wall Arthi  1   AMRM K-P,BRASS PAAN WALL ARTHI  1   AMRM .,741999,Brass Paan Wall Arthi  1   AMRM K-P BRASS PAAN WALL ARTHI  1   AMRM .,13
Brass Paan Wall Arthi  2   AMRM K-P,BRASS PAAN WALL ARTHI  2   AMRM .,74181010,Brass Paan Wall Arthi  2   AMRM K-P BRASS PAAN WALL ARTHI  2   AMRM .,24
Brass Padmanabha Swami Vigraham BNKI K-P,BRASS PADMANABHA SWAMI VIGRAHAM BNKI .,74181010,Brass Padmanabha Swami Vigraham BNKI K-P BRASS PADMANABHA SWAMI VIGRAHAM BNKI .,24
Brass Padmavati Vigraham BNKI K-P,BRASS PADMAVATI VIGRAHAM BNKI .,74181010,Brass Padmavati Vigraham BNKI K-P BRASS PADMAVATI VIGRAHAM BNKI .,24
Brass Padnamabam Swami   BNKI               K-P,BRASS PADNAMABAM SWAMI   BNKI               .,83062910,Brass Padnamabam Swami   BNKI               K-P BRASS PADNAMABAM SWAMI   BNKI               .,36
Brass Para 3 STRT K-P,BRASS PARA 3 STRT .,74181010,Brass Para 3 STRT K-P BRASS PARA 3 STRT .,24
Brass Pavitra  Kindi MW 4 K-P,BRASS PAVITRA  KINDI MW 4 .,74181010,Brass Pavitra  Kindi MW 4 K-P BRASS PAVITRA  KINDI MW 4 .,24
Brass Pavitra  Kindi MW 5 K-P,BRASS PAVITRA  KINDI MW 5 .,74181010,Brass Pavitra  Kindi MW 5 K-P BRASS PAVITRA  KINDI MW 5 .,24
Brass Pavitra  Kindi MW 6 K-P,BRASS PAVITRA  KINDI MW 6 .,74181010,Brass Pavitra  Kindi MW 6 K-P BRASS PAVITRA  KINDI MW 6 .,24
Brass Peacock Plate Colour 10 SHLP K-P,BRASS PEACOCK PLATE COLOUR 10 SHLP .,74181010,Brass Peacock Plate Colour 10 SHLP K-P BRASS PEACOCK PLATE COLOUR 10 SHLP .,24
Brass Peacock Plate Colour 8 SHLP K-P,BRASS PEACOCK PLATE COLOUR 8 SHLP .,74181010,Brass Peacock Plate Colour 8 SHLP K-P BRASS PEACOCK PLATE COLOUR 8 SHLP .,24
BRASS POOJA KINDI 1 ASB K-P,BRASS POOJA KINDI 1 ASB .,74181010,BRASS POOJA KINDI 1 ASB K-P BRASS POOJA KINDI 1 ASB .,24
BRASS POOJA KINDI 2  ASB K-P,BRASS POOJA KINDI 2  ASB .,74181010,BRASS POOJA KINDI 2  ASB K-P BRASS POOJA KINDI 2  ASB .,24
BRASS POOJA KINDI 3  ASB K-P,BRASS POOJA KINDI 3  ASB .,74181010,BRASS POOJA KINDI 3  ASB K-P BRASS POOJA KINDI 3  ASB .,24
BRASS POOJA KINDI 4  ASB K-P,BRASS POOJA KINDI 4  ASB .,74181010,BRASS POOJA KINDI 4  ASB K-P BRASS POOJA KINDI 4  ASB .,24
BRASS POOJA KINDI 5 ASB K-P,BRASS POOJA KINDI 5 ASB .,741999,BRASS POOJA KINDI 5 ASB K-P BRASS POOJA KINDI 5 ASB .,13
BRASS POOJA KINDI 6 ASB K-P,BRASS POOJA KINDI 6 ASB .,741999,BRASS POOJA KINDI 6 ASB K-P BRASS POOJA KINDI 6 ASB .,13
BRASS POOJA KINDI 7 ASB K-P,BRASS POOJA KINDI 7 ASB .,741810,BRASS POOJA KINDI 7 ASB K-P BRASS POOJA KINDI 7 ASB .,9
BRASS POOJA KINDI 8 ASB K-P,BRASS POOJA KINDI 8 ASB .,74181010,BRASS POOJA KINDI 8 ASB K-P BRASS POOJA KINDI 8 ASB .,24
BRASS POOJA KINDI 9 ASB K-P,BRASS POOJA KINDI 9 ASB .,830629,BRASS POOJA KINDI 9 ASB K-P BRASS POOJA KINDI 9 ASB .,17
Brass Pooja Plate 10 SHLP K-P,BRASS POOJA PLATE 10 SHLP .,83062190,Brass Pooja Plate 10 SHLP K-P BRASS POOJA PLATE 10 SHLP .,35
Brass Pooja Plate 12 SHLP K-P,BRASS POOJA PLATE 12 SHLP .,83062190,Brass Pooja Plate 12 SHLP K-P BRASS POOJA PLATE 12 SHLP .,35
Brass Pooja Plate 14 SHLP K-P,BRASS POOJA PLATE 14 SHLP .,83062910,Brass Pooja Plate 14 SHLP K-P BRASS POOJA PLATE 14 SHLP .,36
Brass Pooja Plate 6  SHILP                     K-P,BRASS POOJA PLATE 6  SHILP                     .,741999,Brass Pooja Plate 6  SHILP                     K-P BRASS POOJA PLATE 6  SHILP                     .,13
Brass Pooja Plate 7  SHILP                     K-P,BRASS POOJA PLATE 7  SHILP                     .,741999,Brass Pooja Plate 7  SHILP                     K-P BRASS POOJA PLATE 7  SHILP                     .,13
Brass Pooja Plate 8 SHLP K-P,BRASS POOJA PLATE 8 SHLP .,741999,Brass Pooja Plate 8 SHLP K-P BRASS POOJA PLATE 8 SHLP .,13
Brass Shank Chakra Balaji Deepak Vigraham BNKI K-P,BRASS SHANK CHAKRA BALAJI DEEPAK VIGRAHAM BNKI .,741999,Brass Shank Chakra Balaji Deepak Vigraham BNKI K-P BRASS SHANK CHAKRA BALAJI DEEPAK VIGRAHAM BNKI .,13
Brass Shank Chakra Balaji Panel BNKI K-P-VS246,BRASS SHANK CHAKRA BALAJI PANEL BNKI .-VS246,74181010,Brass Shank Chakra Balaji Panel BNKI K-P-VS246 BRASS SHANK CHAKRA BALAJI PANEL BNKI .-VS246,24
Brass Shank Chakra Balaji Panel BNKI K-P-VS265,BRASS SHANK CHAKRA BALAJI PANEL BNKI .-VS265,741999,Brass Shank Chakra Balaji Panel BNKI K-P-VS265 BRASS SHANK CHAKRA BALAJI PANEL BNKI .-VS265,13
Brass Shank Deepak BNKI      K-P,BRASS SHANK DEEPAK BNKI      .,74181010,Brass Shank Deepak BNKI      K-P BRASS SHANK DEEPAK BNKI      .,24
Brass Sheet Uruli Hathi 10   GUL             K-P,BRASS SHEET URULI HATHI 10   GUL             .,74181010,Brass Sheet Uruli Hathi 10   GUL             K-P BRASS SHEET URULI HATHI 10   GUL             .,24
Brass Sheet Uruli Hathi 11   GUL             K-P,BRASS SHEET URULI HATHI 11   GUL             .,74181010,Brass Sheet Uruli Hathi 11   GUL             K-P BRASS SHEET URULI HATHI 11   GUL             .,24
Brass Sheet Uruli Hathi 12   GUL             K-P,BRASS SHEET URULI HATHI 12   GUL             .,74181010,Brass Sheet Uruli Hathi 12   GUL             K-P BRASS SHEET URULI HATHI 12   GUL             .,24
Brass Sheet Uruli Hathi 8   GUL             K-P,BRASS SHEET URULI HATHI 8   GUL             .,83062120,Brass Sheet Uruli Hathi 8   GUL             K-P BRASS SHEET URULI HATHI 8   GUL             .,34
Brass Shilpa SK Kindi MW 00 K-P,BRASS SHILPA SK KINDI MW 00 .,83062920,Brass Shilpa SK Kindi MW 00 K-P BRASS SHILPA SK KINDI MW 00 .,37
Brass Shilpa SK Kindi MW 000 K-P,BRASS SHILPA SK KINDI MW 000 .,830629,Brass Shilpa SK Kindi MW 000 K-P BRASS SHILPA SK KINDI MW 000 .,17
Brass Shilpa SK Kindi MW 1 K-P,BRASS SHILPA SK KINDI MW 1 .,830629,Brass Shilpa SK Kindi MW 1 K-P BRASS SHILPA SK KINDI MW 1 .,17
Brass Shilpa SK Kindi MW 2 K-P,BRASS SHILPA SK KINDI MW 2 .,83062910,Brass Shilpa SK Kindi MW 2 K-P BRASS SHILPA SK KINDI MW 2 .,36
Brass Shilpa SK Kindi MW 3 K-P,BRASS SHILPA SK KINDI MW 3 .,83062910,Brass Shilpa SK Kindi MW 3 K-P BRASS SHILPA SK KINDI MW 3 .,36
Brass Shilpa SK Kindi MW 4 K-P,BRASS SHILPA SK KINDI MW 4 .,741999,Brass Shilpa SK Kindi MW 4 K-P BRASS SHILPA SK KINDI MW 4 .,13
Brass Ship Bells 112-4 RMH K-P,BRASS SHIP BELLS 112-4 RMH .,741999,Brass Ship Bells 112-4 RMH K-P BRASS SHIP BELLS 112-4 RMH .,13
Brass Ship Bells 112-5 RMH K-P,BRASS SHIP BELLS 112-5 RMH .,741999,Brass Ship Bells 112-5 RMH K-P BRASS SHIP BELLS 112-5 RMH .,13
Brass Shiva Vigraham BNKI K-P,BRASS SHIVA VIGRAHAM BNKI .,741999,Brass Shiva Vigraham BNKI K-P BRASS SHIVA VIGRAHAM BNKI .,13
Brass Shri Nath Ji Plate BNKI K-P,BRASS SHRI NATH JI PLATE BNKI .,741999,Brass Shri Nath Ji Plate BNKI K-P BRASS SHRI NATH JI PLATE BNKI .,13
Brass Sitting Hanuman with Gol Base SF BNKI K-P,BRASS SITTING HANUMAN WITH GOL BASE SF BNKI .,74181010,Brass Sitting Hanuman with Gol Base SF BNKI K-P BRASS SITTING HANUMAN WITH GOL BASE SF BNKI .,24
Brass Sitting Haunman BNKI      K-P,BRASS SITTING HAUNMAN BNKI      .,74181010,Brass Sitting Haunman BNKI      K-P BRASS SITTING HAUNMAN BNKI      .,24
Brass Soolam 10  KPS                        K-P,BRASS SOOLAM 10  KPS                        .,74181010,Brass Soolam 10  KPS                        K-P BRASS SOOLAM 10  KPS                        .,24
Brass Soolam 11  KPS                        K-P,BRASS SOOLAM 11  KPS                        .,74181010,Brass Soolam 11  KPS                        K-P BRASS SOOLAM 11  KPS                        .,24
Brass Soolam 13  KPS                        K-P,BRASS SOOLAM 13  KPS                        .,74181010,Brass Soolam 13  KPS                        K-P BRASS SOOLAM 13  KPS                        .,24
Brass Soolam 14  KPS                        K-P,BRASS SOOLAM 14  KPS                        .,74181010,Brass Soolam 14  KPS                        K-P BRASS SOOLAM 14  KPS                        .,24
Brass Soolam 16  KPS                        K-P,BRASS SOOLAM 16  KPS                        .,74181010,Brass Soolam 16  KPS                        K-P BRASS SOOLAM 16  KPS                        .,24
Brass Soup Bowl 1 MW K-P,BRASS SOUP BOWL 1 MW .,74181010,Brass Soup Bowl 1 MW K-P BRASS SOUP BOWL 1 MW .,24
Brass Soup Bowl 2 MW K-P,BRASS SOUP BOWL 2 MW .,74181010,Brass Soup Bowl 2 MW K-P BRASS SOUP BOWL 2 MW .,24
Brass Soup Bowl 3 MW K-P,BRASS SOUP BOWL 3 MW .,74181010,Brass Soup Bowl 3 MW K-P BRASS SOUP BOWL 3 MW .,24
Brass Soup Bowl 4 MW K-P,BRASS SOUP BOWL 4 MW .,74181010,Brass Soup Bowl 4 MW K-P BRASS SOUP BOWL 4 MW .,24
Brass Spl Ghughroo Big 40 SLXT K-P,BRASS SPL GHUGHROO BIG 40 SLXT .,74181010,Brass Spl Ghughroo Big 40 SLXT K-P BRASS SPL GHUGHROO BIG 40 SLXT .,24
Brass Spl Ghughroo Medium 60 SLXT K-P,BRASS SPL GHUGHROO MEDIUM 60 SLXT .,95021020,Brass Spl Ghughroo Medium 60 SLXT K-P BRASS SPL GHUGHROO MEDIUM 60 SLXT .,41
Brass spl kindi (copper coat) - 2 MW K-P,BRASS SPL KINDI (COPPER COAT) - 2 MW .,83062910,Brass spl kindi (copper coat) - 2 MW K-P BRASS SPL KINDI (COPPER COAT) - 2 MW .,36
Brass spl kindi (copper coat) - 3 MW K-P,BRASS SPL KINDI (COPPER COAT) - 3 MW .,830629,Brass spl kindi (copper coat) - 3 MW K-P BRASS SPL KINDI (COPPER COAT) - 3 MW .,17
Brass spl kindi (copper coat) - 4 MW K-P,BRASS SPL KINDI (COPPER COAT) - 4 MW .,83062910,Brass spl kindi (copper coat) - 4 MW K-P BRASS SPL KINDI (COPPER COAT) - 4 MW .,36
BRASS SPL KINDI(COPPER COAT)-1 MW K-P,BRASS SPL KINDI(COPPER COAT)-1 MW .,83062910,BRASS SPL KINDI(COPPER COAT)-1 MW K-P BRASS SPL KINDI(COPPER COAT)-1 MW .,36
Brass Sri Varaki Amman Vilakku RKCR K-P,BRASS SRI VARAKI AMMAN VILAKKU RKCR .,83062910,Brass Sri Varaki Amman Vilakku RKCR K-P BRASS SRI VARAKI AMMAN VILAKKU RKCR .,36
Brass Stand Sevanali Big KATM K-P,BRASS STAND SEVANALI BIG KATM .,741810,Brass Stand Sevanali Big KATM K-P BRASS STAND SEVANALI BIG KATM .,9
Brass Stand Sevanali Small KATM K-P,BRASS STAND SEVANALI SMALL KATM .,741810,Brass Stand Sevanali Small KATM K-P BRASS STAND SEVANALI SMALL KATM .,9
Brass Standing Anna Lamp BNKI      K-P,BRASS STANDING ANNA LAMP BNKI      .,83062190,Brass Standing Anna Lamp BNKI      K-P BRASS STANDING ANNA LAMP BNKI      .,35
Brass Standing flute Ganesh Vigraham BNKI K-P,BRASS STANDING FLUTE GANESH VIGRAHAM BNKI .,83062910,Brass Standing flute Ganesh Vigraham BNKI K-P BRASS STANDING FLUTE GANESH VIGRAHAM BNKI .,36
Brass Standing P.Hanuman BNKI K-P,BRASS STANDING P.HANUMAN BNKI .,83062910,Brass Standing P.Hanuman BNKI K-P BRASS STANDING P.HANUMAN BNKI .,36
Brass Sun Rath BNKI K-P,BRASS SUN RATH BNKI .,83062910,Brass Sun Rath BNKI K-P BRASS SUN RATH BNKI .,36
Brass Sunflower Stand BNKI      K-P,BRASS SUNFLOWER STAND BNKI      .,83062910,Brass Sunflower Stand BNKI      K-P BRASS SUNFLOWER STAND BNKI      .,36
Brass Swing Chain Set 23 FRD K-P,BRASS SWING CHAIN SET 23 FRD .,74181010,Brass Swing Chain Set 23 FRD K-P BRASS SWING CHAIN SET 23 FRD .,24
Brass Swing Rod 1/4 Set FRD K-P,BRASS SWING ROD 1/4 SET FRD .,74181010,Brass Swing Rod 1/4 Set FRD K-P BRASS SWING ROD 1/4 SET FRD .,24
Brass T Balaji BNKI K-P,BRASS T BALAJI BNKI .,74181010,Brass T Balaji BNKI K-P BRASS T BALAJI BNKI .,24
Brass T Balaji Katora Deepak BNKI      K-P,BRASS T BALAJI KATORA DEEPAK BNKI      .,74181010,Brass T Balaji Katora Deepak BNKI      K-P BRASS T BALAJI KATORA DEEPAK BNKI      .,24
Brass Tortoise Chakara Deepak BNKI      K-P,BRASS TORTOISE CHAKARA DEEPAK BNKI      .,74181010,Brass Tortoise Chakara Deepak BNKI      K-P BRASS TORTOISE CHAKARA DEEPAK BNKI      .,24
Brass Tortoise Deepak BNKI      K-P,BRASS TORTOISE DEEPAK BNKI      .,74181010,Brass Tortoise Deepak BNKI      K-P BRASS TORTOISE DEEPAK BNKI      .,24
Brass Tortoise Shank Deepak BNKI      K-P,BRASS TORTOISE SHANK DEEPAK BNKI      .,74181010,Brass Tortoise Shank Deepak BNKI      K-P BRASS TORTOISE SHANK DEEPAK BNKI      .,24
Brass U Bowl NO .0 GUL K-P,BRASS U BOWL NO .0 GUL .,741999,Brass U Bowl NO .0 GUL K-P BRASS U BOWL NO .0 GUL .,13
Brass U Bowl NO .00 GUL K-P,BRASS U BOWL NO .00 GUL .,741999,Brass U Bowl NO .00 GUL K-P BRASS U BOWL NO .00 GUL .,13
Brass U Bowl NO .1 GUL K-P,BRASS U BOWL NO .1 GUL .,741999,Brass U Bowl NO .1 GUL K-P BRASS U BOWL NO .1 GUL .,13
BRASS URULI 3 1/2 LW SWA K-P,BRASS URULI 3 1/2 LW SWA .,741999,BRASS URULI 3 1/2 LW SWA K-P BRASS URULI 3 1/2 LW SWA .,13
Brass Uruli L/W  3   SWA K-P,BRASS URULI L/W  3   SWA .,741999,Brass Uruli L/W  3   SWA K-P BRASS URULI L/W  3   SWA .,13
Brass Uruli L/W  4   SWA K-P,BRASS URULI L/W  4   SWA .,741999,Brass Uruli L/W  4   SWA K-P BRASS URULI L/W  4   SWA .,13
Brass Uruli L/W  5   SWA K-P,BRASS URULI L/W  5   SWA .,741999,Brass Uruli L/W  5   SWA K-P BRASS URULI L/W  5   SWA .,13
Brass Vel  1   (8)  KPS                K-P,BRASS VEL  1   (8)  KPS                .,830629,Brass Vel  1   (8)  KPS                K-P BRASS VEL  1   (8)  KPS                .,17
Brass Vel  10  (3)  KPS                K-P,BRASS VEL  10  (3)  KPS                .,74181010,Brass Vel  10  (3)  KPS                K-P BRASS VEL  10  (3)  KPS                .,24
Brass Vel  11  (4)  KPS                K-P,BRASS VEL  11  (4)  KPS                .,74181010,Brass Vel  11  (4)  KPS                K-P BRASS VEL  11  (4)  KPS                .,24
Brass Vel  13  (5)  KPS                K-P,BRASS VEL  13  (5)  KPS                .,74181010,Brass Vel  13  (5)  KPS                K-P BRASS VEL  13  (5)  KPS                .,24
Brass Vel  14  (6)  KPS                K-P,BRASS VEL  14  (6)  KPS                .,74181010,Brass Vel  14  (6)  KPS                K-P BRASS VEL  14  (6)  KPS                .,24
Brass Vel  16  (7)  KPS                K-P,BRASS VEL  16  (7)  KPS                .,74181010,Brass Vel  16  (7)  KPS                K-P BRASS VEL  16  (7)  KPS                .,24
Brass Vel  9  (2)  KPS                K-P,BRASS VEL  9  (2)  KPS                .,74181010,Brass Vel  9  (2)  KPS                K-P BRASS VEL  9  (2)  KPS                .,24
Brass Vishnu Vigraham BNKI K-P,BRASS VISHNU VIGRAHAM BNKI .,74181010,Brass Vishnu Vigraham BNKI K-P BRASS VISHNU VIGRAHAM BNKI .,24
CANDLE STAND-3 CANDLE RSH K-P,CANDLE STAND-3 CANDLE RSH .,74181010,CANDLE STAND-3 CANDLE RSH K-P CANDLE STAND-3 CANDLE RSH .,24
CANDLE STAND-5 CANDLE RSH K-P,CANDLE STAND-5 CANDLE RSH .,74181010,CANDLE STAND-5 CANDLE RSH K-P CANDLE STAND-5 CANDLE RSH .,24
Chandan Pyali 1 - PERFBH K-P,CHANDAN PYALI 1 - PERFBH .,741999,Chandan Pyali 1 - PERFBH K-P CHANDAN PYALI 1 - PERFBH .,13
Chandan Pyali 3 - PERFBH K-P,CHANDAN PYALI 3 - PERFBH .,741999,Chandan Pyali 3 - PERFBH K-P CHANDAN PYALI 3 - PERFBH .,13
Chandan Pyali 4 - PERFBH K-P,CHANDAN PYALI 4 - PERFBH .,74181010,Chandan Pyali 4 - PERFBH K-P CHANDAN PYALI 4 - PERFBH .,24
Chandan Pyali 5 - PERFBH K-P,CHANDAN PYALI 5 - PERFBH .,74181010,Chandan Pyali 5 - PERFBH K-P CHANDAN PYALI 5 - PERFBH .,24
Copper China Plate No.10 SDHRA K-P,COPPER CHINA PLATE NO.10 SDHRA .,74181010,Copper China Plate No.10 SDHRA K-P COPPER CHINA PLATE NO.10 SDHRA .,24
Copper China Plate No.11 SDHRA K-P,COPPER CHINA PLATE NO.11 SDHRA .,74181010,Copper China Plate No.11 SDHRA K-P COPPER CHINA PLATE NO.11 SDHRA .,24
Copper China Plate No.12 SDHRA K-P,COPPER CHINA PLATE NO.12 SDHRA .,74181010,Copper China Plate No.12 SDHRA K-P COPPER CHINA PLATE NO.12 SDHRA .,24
Copper Halwa Plate 4   GUL                  K-P,COPPER HALWA PLATE 4   GUL                  .,74181010,Copper Halwa Plate 4   GUL                  K-P COPPER HALWA PLATE 4   GUL                  .,24
Copper Halwa Plate 6   GUL                  K-P,COPPER HALWA PLATE 6   GUL                  .,74181010,Copper Halwa Plate 6   GUL                  K-P COPPER HALWA PLATE 6   GUL                  .,24
Copper Lotta (chempu)-1 KGB K-P,COPPER LOTTA (CHEMPU)-1 KGB .,74181010,Copper Lotta (chempu)-1 KGB K-P COPPER LOTTA (CHEMPU)-1 KGB .,24
Copper Lotta (chempu)-2 KGB K-P,COPPER LOTTA (CHEMPU)-2 KGB .,74199930,Copper Lotta (chempu)-2 KGB K-P COPPER LOTTA (CHEMPU)-2 KGB .,29
Copper Lotta (chempu)-3 KGB K-P,COPPER LOTTA (CHEMPU)-3 KGB .,74199930,Copper Lotta (chempu)-3 KGB K-P COPPER LOTTA (CHEMPU)-3 KGB .,29
Copper Lotta (chempu)-4 KGB K-P,COPPER LOTTA (CHEMPU)-4 KGB .,741810,Copper Lotta (chempu)-4 KGB K-P COPPER LOTTA (CHEMPU)-4 KGB .,9
Copper Lotta (chempu)-5 KGB K-P,COPPER LOTTA (CHEMPU)-5 KGB .,74181010,Copper Lotta (chempu)-5 KGB K-P COPPER LOTTA (CHEMPU)-5 KGB .,24
Copper Lotta (chempu)-6 KGB K-P,COPPER LOTTA (CHEMPU)-6 KGB .,741999,Copper Lotta (chempu)-6 KGB K-P COPPER LOTTA (CHEMPU)-6 KGB .,13
COPPER LOTTA 6 (CHEMBU) KGB K-P,COPPER LOTTA 6 (CHEMBU) KGB .,74198030,COPPER LOTTA 6 (CHEMBU) KGB K-P COPPER LOTTA 6 (CHEMBU) KGB .,28
COPPER LOTTA 7 (CHEMBU) KGB K-P,COPPER LOTTA 7 (CHEMBU) KGB .,741999,COPPER LOTTA 7 (CHEMBU) KGB K-P COPPER LOTTA 7 (CHEMBU) KGB .,13
Copper Montha 01 - PERFBH K-P,COPPER MONTHA 01 - PERFBH .,741999,Copper Montha 01 - PERFBH K-P COPPER MONTHA 01 - PERFBH .,13
Copper Montha 02 - PERFBH K-P,COPPER MONTHA 02 - PERFBH .,74181010,Copper Montha 02 - PERFBH K-P COPPER MONTHA 02 - PERFBH .,24
Copper Montha 7 Chiran K-P,COPPER MONTHA 7 CHIRAN .,74181010,Copper Montha 7 Chiran K-P COPPER MONTHA 7 CHIRAN .,24
Copper Montha 7 SAD K-P,COPPER MONTHA 7 SAD .,74181010,Copper Montha 7 SAD K-P COPPER MONTHA 7 SAD .,24
COPPER SNAKE UDARANI -2 RSH K-P,COPPER SNAKE UDARANI -2 RSH .,74181010,COPPER SNAKE UDARANI -2 RSH K-P COPPER SNAKE UDARANI -2 RSH .,24
COPPER SNAKE UDARANI -3 RSH K-P,COPPER SNAKE UDARANI -3 RSH .,74181010,COPPER SNAKE UDARANI -3 RSH K-P COPPER SNAKE UDARANI -3 RSH .,24
COPPER SNAKE UDARANI -4 RSH K-P,COPPER SNAKE UDARANI -4 RSH .,74181010,COPPER SNAKE UDARANI -4 RSH K-P COPPER SNAKE UDARANI -4 RSH .,24
COPPER SNAKE UDARANI -5 RSH K-P,COPPER SNAKE UDARANI -5 RSH .,74181010,COPPER SNAKE UDARANI -5 RSH K-P COPPER SNAKE UDARANI -5 RSH .,24
CROSS FANCY-10 AMRM K-P,CROSS FANCY-10 AMRM .,74181010,CROSS FANCY-10 AMRM K-P CROSS FANCY-10 AMRM .,24
CROSS FANCY-12 AMRM K-P,CROSS FANCY-12 AMRM .,74181010,CROSS FANCY-12 AMRM K-P CROSS FANCY-12 AMRM .,24
CROSS FANCY-14 AMRM K-P,CROSS FANCY-14 AMRM .,74181010,CROSS FANCY-14 AMRM K-P CROSS FANCY-14 AMRM .,24
Dancing Ganesh Vigraham - BNKI K-P,DANCING GANESH VIGRAHAM - BNKI .,74181010,Dancing Ganesh Vigraham - BNKI K-P DANCING GANESH VIGRAHAM - BNKI .,24
Deeparadhana 3 step SWA K-P,DEEPARADHANA 3 STEP SWA .,74181010,Deeparadhana 3 step SWA K-P DEEPARADHANA 3 STEP SWA .,24
FLAT PANCHA  ARTHY RSH-1 K-P,FLAT PANCHA  ARTHY RSH-1 .,74181010,FLAT PANCHA  ARTHY RSH-1 K-P FLAT PANCHA  ARTHY RSH-1 .,24
FLAT PANCHA  ARTHY RSH-2 K-P,FLAT PANCHA  ARTHY RSH-2 .,74181010,FLAT PANCHA  ARTHY RSH-2 K-P FLAT PANCHA  ARTHY RSH-2 .,24
FLAT PANCHA  ARTHY RSH-3 K-P,FLAT PANCHA  ARTHY RSH-3 .,74181010,FLAT PANCHA  ARTHY RSH-3 K-P FLAT PANCHA  ARTHY RSH-3 .,24
Gaj Laxmi Vigraham - BNKI K-P,GAJ LAXMI VIGRAHAM - BNKI .,741999,Gaj Laxmi Vigraham - BNKI K-P GAJ LAXMI VIGRAHAM - BNKI .,13
Gaja Lekshmi Latkan 1 SAI K-P,GAJA LEKSHMI LATKAN 1 SAI .,741999,Gaja Lekshmi Latkan 1 SAI K-P GAJA LEKSHMI LATKAN 1 SAI .,13
Gaja Lekshmi Latkan 2 SAI K-P,GAJA LEKSHMI LATKAN 2 SAI .,74181010,Gaja Lekshmi Latkan 2 SAI K-P GAJA LEKSHMI LATKAN 2 SAI .,24
Ganesh Mouse Vigraham - BNKI K-P,GANESH MOUSE VIGRAHAM - BNKI .,74181010,Ganesh Mouse Vigraham - BNKI K-P GANESH MOUSE VIGRAHAM - BNKI .,24
Ganesh W/Mouse Round Vigraham - BNKI K-P,GANESH W/MOUSE ROUND VIGRAHAM - BNKI .,74181010,Ganesh W/Mouse Round Vigraham - BNKI K-P GANESH W/MOUSE ROUND VIGRAHAM - BNKI .,24
Hand Krishna Vigraham - BNKI K-P,HAND KRISHNA VIGRAHAM - BNKI .,74181010,Hand Krishna Vigraham - BNKI K-P HAND KRISHNA VIGRAHAM - BNKI .,24
Handaal Vigraham - BNKI K-P,HANDAAL VIGRAHAM - BNKI .,74181010,Handaal Vigraham - BNKI K-P HANDAAL VIGRAHAM - BNKI .,24
HANUMAN POOJA BELL 6  RMH K-P,HANUMAN POOJA BELL 6  RMH .,741810,HANUMAN POOJA BELL 6  RMH K-P HANUMAN POOJA BELL 6  RMH .,9
HANUMAN POOJA BELL 7  RMH K-P,HANUMAN POOJA BELL 7  RMH .,74181010,HANUMAN POOJA BELL 7  RMH K-P HANUMAN POOJA BELL 7  RMH .,24
Hanuman Sitting Vigraham - BNKI K-P,HANUMAN SITTING VIGRAHAM - BNKI .,74181010,Hanuman Sitting Vigraham - BNKI K-P HANUMAN SITTING VIGRAHAM - BNKI .,24
Hanuman W/Gata Stand Vigraham - BNKI K-P,HANUMAN W/GATA STAND VIGRAHAM - BNKI .,74181010,Hanuman W/Gata Stand Vigraham - BNKI K-P HANUMAN W/GATA STAND VIGRAHAM - BNKI .,24
Kamakshi Frame SQR Base Vigraham - BNKI K-P,KAMAKSHI FRAME SQR BASE VIGRAHAM - BNKI .,74181010,Kamakshi Frame SQR Base Vigraham - BNKI K-P KAMAKSHI FRAME SQR BASE VIGRAHAM - BNKI .,24
Kamal Bai Ambika Vigraham - BNKI K-P,KAMAL BAI AMBIKA VIGRAHAM - BNKI .,74181010,Kamal Bai Ambika Vigraham - BNKI K-P KAMAL BAI AMBIKA VIGRAHAM - BNKI .,24
KARPOORAARATHI No.9 RSH K-P,KARPOORAARATHI NO.9 RSH .,74181010,KARPOORAARATHI No.9 RSH K-P KARPOORAARATHI NO.9 RSH .,24
Kerala Fancy Vilakku GUL K-P,KERALA FANCY VILAKKU GUL .,74181010,Kerala Fancy Vilakku GUL K-P KERALA FANCY VILAKKU GUL .,24
Kerala Fancy Vilakku K-P-14950,KERALA FANCY VILAKKU .-14950,74181010,Kerala Fancy Vilakku K-P-14950 KERALA FANCY VILAKKU .-14950,24
Kerala Fancy Vilakku K-P-15065,KERALA FANCY VILAKKU .-15065,74181010,Kerala Fancy Vilakku K-P-15065 KERALA FANCY VILAKKU .-15065,24
Kerala Fancy Vilakku K-P-20100,KERALA FANCY VILAKKU .-20100,74181010,Kerala Fancy Vilakku K-P-20100 KERALA FANCY VILAKKU .-20100,24
Kerala Fancy Vilakku K-P-22480,KERALA FANCY VILAKKU .-22480,74181010,Kerala Fancy Vilakku K-P-22480 KERALA FANCY VILAKKU .-22480,24
Kerala Fancy Vilakku K-P-23170,KERALA FANCY VILAKKU .-23170,74181010,Kerala Fancy Vilakku K-P-23170 KERALA FANCY VILAKKU .-23170,24
Kerala Fancy Vilakku K-P-34235,KERALA FANCY VILAKKU .-34235,74181010,Kerala Fancy Vilakku K-P-34235 KERALA FANCY VILAKKU .-34235,24
KODI VILAKKU -3  SWA K-P,KODI VILAKKU -3  SWA .,741999,KODI VILAKKU -3  SWA K-P KODI VILAKKU -3  SWA .,13
KODI VILAKKU-1  SWA K-P,KODI VILAKKU-1  SWA .,741999,KODI VILAKKU-1  SWA K-P KODI VILAKKU-1  SWA .,13
KTR VILAKKU K-P,KTR VILAKKU .,74181010,KTR VILAKKU K-P KTR VILAKKU .,24
Kuber Laxmi Panel Vigraham - BNKI K-P,KUBER LAXMI PANEL VIGRAHAM - BNKI .,74181010,Kuber Laxmi Panel Vigraham - BNKI K-P KUBER LAXMI PANEL VIGRAHAM - BNKI .,24
Kuber Vigraham - BNKI K-P,KUBER VIGRAHAM - BNKI .,74181010,Kuber Vigraham - BNKI K-P KUBER VIGRAHAM - BNKI .,24
Kubera Deep Tortoise W/Stand 2 SR K-P,KUBERA DEEP TORTOISE W/STAND 2 SR .,74181010,Kubera Deep Tortoise W/Stand 2 SR K-P KUBERA DEEP TORTOISE W/STAND 2 SR .,24
Kubera Deep Tortoise W/Stand 5 SR K-P,KUBERA DEEP TORTOISE W/STAND 5 SR .,74181010,Kubera Deep Tortoise W/Stand 5 SR K-P KUBERA DEEP TORTOISE W/STAND 5 SR .,24
Kumba Deep No:1 KPS K-P,KUMBA DEEP NO:1 KPS .,74181010,Kumba Deep No:1 KPS K-P KUMBA DEEP NO:1 KPS .,24
Kumba Deep No:2 KPS K-P,KUMBA DEEP NO:2 KPS .,74181010,Kumba Deep No:2 KPS K-P KUMBA DEEP NO:2 KPS .,24
KUMBAKONAM VILAKKU KART K-P-KUMB,KUMBAKONAM VILAKKU KART .-KUMB,74181010,KUMBAKONAM VILAKKU KART K-P-KUMB KUMBAKONAM VILAKKU KART .-KUMB,24
KUMBAKONAM VILAKKU KART K-P-KUMB1,KUMBAKONAM VILAKKU KART .-KUMB1,74181010,KUMBAKONAM VILAKKU KART K-P-KUMB1 KUMBAKONAM VILAKKU KART .-KUMB1,24
KUMBAKONAM VILAKKU KART K-P-KUMB2,KUMBAKONAM VILAKKU KART .-KUMB2,74181010,KUMBAKONAM VILAKKU KART K-P-KUMB2 KUMBAKONAM VILAKKU KART .-KUMB2,24
Laxmi Hi Girivar Vigraham - BNKI K-P,LAXMI HI GIRIVAR VIGRAHAM - BNKI .,74181010,Laxmi Hi Girivar Vigraham - BNKI K-P LAXMI HI GIRIVAR VIGRAHAM - BNKI .,24
MUKKALI-2 SWA K-P,MUKKALI-2 SWA .,74181010,MUKKALI-2 SWA K-P MUKKALI-2 SWA .,24
MUKKALI-3 SWA K-P,MUKKALI-3 SWA .,74181010,MUKKALI-3 SWA K-P MUKKALI-3 SWA .,24
MUKKALI-4 SWA K-P,MUKKALI-4 SWA .,74181010,MUKKALI-4 SWA K-P MUKKALI-4 SWA .,24
MUKKALI-5 SWA K-P,MUKKALI-5 SWA .,74181010,MUKKALI-5 SWA K-P MUKKALI-5 SWA .,24
MUKKALI-6  SWA K-P,MUKKALI-6  SWA .,74181010,MUKKALI-6  SWA K-P MUKKALI-6  SWA .,24
MUKKALI-7 SWA K-P,MUKKALI-7 SWA .,74181010,MUKKALI-7 SWA K-P MUKKALI-7 SWA .,24
MUKKALI-8 SWA K-P,MUKKALI-8 SWA .,74181010,MUKKALI-8 SWA K-P MUKKALI-8 SWA .,24
Murugan Frame Vigraham - BNKI K-P,MURUGAN FRAME VIGRAHAM - BNKI .,74198030,Murugan Frame Vigraham - BNKI K-P MURUGAN FRAME VIGRAHAM - BNKI .,28
NAGA   ARTHY KGB K-P,NAGA   ARTHY KGB .,74198030,NAGA   ARTHY KGB K-P NAGA   ARTHY KGB .,28
NAGAM-10 RSH K-P,NAGAM-10 RSH .,74181010,NAGAM-10 RSH K-P NAGAM-10 RSH .,24
NAGAM-12 RSH K-P,NAGAM-12 RSH .,74181010,NAGAM-12 RSH K-P NAGAM-12 RSH .,24
NAGAM-6 RSH K-P,NAGAM-6 RSH .,74181010,NAGAM-6 RSH K-P NAGAM-6 RSH .,24
NAGAM-8 RSH K-P,NAGAM-8 RSH .,74181010,NAGAM-8 RSH K-P NAGAM-8 RSH .,24
Namaskar Hanuman Stand Vigraham - BNKI K-P,NAMASKAR HANUMAN STAND VIGRAHAM - BNKI .,74181010,Namaskar Hanuman Stand Vigraham - BNKI K-P NAMASKAR HANUMAN STAND VIGRAHAM - BNKI .,24
BRASS NATRAJ  12 ``  RSH   K-P,BRASS NATRAJ  12 ``  RSH,74181010,BRASS NATRAJ  12 ``  RSH   K-P BRASS NATRAJ  12 ``  RSH,24
BRASS NATRAJ  14 ``  RSH   K-P,BRASS NATRAJ  14 ``  RSH,74181010,BRASS NATRAJ  14 ``  RSH   K-P BRASS NATRAJ  14 ``  RSH,24
BRASS NATRAJ  16 ``  RSH    K-P,BRASS NATRAJ  16 ``  RSH,74181010,BRASS NATRAJ  16 ``  RSH    K-P BRASS NATRAJ  16 ``  RSH,24
BRASS NATRAJ  8 ``  RSH    K-P,BRASS NATRAJ  8 ``  RSH,74181010,BRASS NATRAJ  8 ``  RSH    K-P BRASS NATRAJ  8 ``  RSH,24
BRASS NATRAJ  10 ``  RSH   K-P,BRASS NATRAJ  10 ``  RSH,74181010,BRASS NATRAJ  10 ``  RSH   K-P BRASS NATRAJ  10 ``  RSH,24
BRASS NATRAJ  6 ``  RSH   K-P,BRASS NATRAJ  6 ``  RSH,74181010,BRASS NATRAJ  6 ``  RSH   K-P BRASS NATRAJ  6 ``  RSH,24
New Design Pooja Bell - PERFBH K-P,NEW DESIGN POOJA BELL - PERFBH .,74181010,New Design Pooja Bell - PERFBH K-P NEW DESIGN POOJA BELL - PERFBH .,24
OM WITH  BASE -6 RSH K-P,OM WITH  BASE -6 RSH .,74181010,OM WITH  BASE -6 RSH K-P OM WITH  BASE -6 RSH .,24
OM WITH STAND-10  RSH K-P,OM WITH STAND-10  RSH .,74181010,OM WITH STAND-10  RSH K-P OM WITH STAND-10  RSH .,24
OM WITH STAND-12 K-P,OM WITH STAND-12 .,74181010,OM WITH STAND-12 K-P OM WITH STAND-12 .,24
OM WITH STAND-14 K-P,OM WITH STAND-14 .,74181010,OM WITH STAND-14 K-P OM WITH STAND-14 .,24
OM WITH STAND-6  RSH K-P,OM WITH STAND-6  RSH .,74181010,OM WITH STAND-6  RSH K-P OM WITH STAND-6  RSH .,24
OM WITH STAND-8  RSH K-P,OM WITH STAND-8  RSH .,74181010,OM WITH STAND-8  RSH K-P OM WITH STAND-8  RSH .,24
Patta Laddu Gopal Vigraham - BNKI K-P,PATTA LADDU GOPAL VIGRAHAM - BNKI .,741999,Patta Laddu Gopal Vigraham - BNKI K-P PATTA LADDU GOPAL VIGRAHAM - BNKI .,13
Sai Baba Vigraham - BNKI K-P,SAI BABA VIGRAHAM - BNKI .,741999,Sai Baba Vigraham - BNKI K-P SAI BABA VIGRAHAM - BNKI .,13
SANKU STAND NO.1 K-P,SANKU STAND NO.1 .,74181010,SANKU STAND NO.1 K-P SANKU STAND NO.1 .,24
SANKU STAND NO.2 K-P,SANKU STAND NO.2 .,741999,SANKU STAND NO.2 K-P SANKU STAND NO.2 .,13
SANKU STAND NO.3 K-P,SANKU STAND NO.3 .,741999,SANKU STAND NO.3 K-P SANKU STAND NO.3 .,13
STEP ARTHY -CREDIBLE K-P,STEP ARTHY -CREDIBLE .,74181010,STEP ARTHY -CREDIBLE K-P STEP ARTHY -CREDIBLE .,24
Step Arthy 3 SAI K-P,STEP ARTHY 3 SAI .,732394,Step Arthy 3 SAI K-P STEP ARTHY 3 SAI .,7
BRASS STEP ARTHY- ( 3 STEP) AMRM K-P,BRASS STEP ARTHY- ( 3 STEP) AMRM .,74199930,BRASS STEP ARTHY- ( 3 STEP) AMRM K-P BRASS STEP ARTHY- ( 3 STEP) AMRM .,29
BRASS  STEP ARTHY- ( 5 STEP) AMRM K-P,BRASS   STEP ARTHY- ( 5 STEP) AMRM .,732394,BRASS  STEP ARTHY- ( 5 STEP) AMRM K-P BRASS   STEP ARTHY- ( 5 STEP) AMRM .,7
Sudarshan Vigraham - BNKI K-P,SUDARSHAN VIGRAHAM - BNKI .,732394,Sudarshan Vigraham - BNKI K-P SUDARSHAN VIGRAHAM - BNKI .,7
Brass Soolam 8  KPS    K-P,BRASS SOOLAM 8  KPS                        .,74181010,Brass Soolam 8  KPS    K-P BRASS SOOLAM 8  KPS                        .,24
Brass Soolam 9  KPS  K-P,BRASS SOOLAM 9  KPS                        .,74181010,Brass Soolam 9  KPS  K-P BRASS SOOLAM 9  KPS                        .,24
Copper China Plate No.8  SDHRA K-P,COPPER CHINA PLATE NO.8  SDHRA .,741810,Copper China Plate No.8  SDHRA K-P COPPER CHINA PLATE NO.8  SDHRA .,9
Brass Bell No 70  15  SLXT K-P,BRASS BELL NO 70  15  SLXT,83062120,Brass Bell No 70  15  SLXT K-P BRASS BELL NO 70  15  SLXT,34
Brass Elephant 4  SBLH  K-P,BRASS ELEPHANT 4  SBLH,83062910,Brass Elephant 4  SBLH  K-P BRASS ELEPHANT 4  SBLH,36
Brass Elephant 3.5  SBLH  K-P,BRASS ELEPHANT 3.5  SBLH,83062910,Brass Elephant 3.5  SBLH  K-P BRASS ELEPHANT 3.5  SBLH,36
Copper Plate 5    DHIN      K-P,COPPER PLATE 5    DHIN,741810,Copper Plate 5    DHIN      K-P COPPER PLATE 5    DHIN,9
Brass Dhara Patra Big   RSH              K-P,BRASS DHARA PATRA BIG   RSH              .,741999,Brass Dhara Patra Big   RSH              K-P BRASS DHARA PATRA BIG   RSH              .,13
BRASS KERALA FANCY VILAKKU ASB KG,BRASS KERALA FANCY VILAKKU ASB,741980,BRASS KERALA FANCY VILAKKU ASB KG BRASS KERALA FANCY VILAKKU ASB,12
Brass TCR MW Vilakku   ZI   KG,BRASS TCR MW VILAKKU   ZI,741910,Brass TCR MW Vilakku   ZI   KG BRASS TCR MW VILAKKU   ZI,11
Brass Para 4 to 7  zi KG,BRASS PARA 4 TO 7  ZI,741999,Brass Para 4 to 7  zi KG BRASS PARA 4 TO 7  ZI,13
Brass para 7.5  to 10.5  zi KG,BRASS PARA 7.5  TO 10.5  ZI,74199930,Brass para 7.5  to 10.5  zi KG BRASS PARA 7.5  TO 10.5  ZI,29
Brass sada uruli ZI KG,BRASS SADA URULI ZI,741999,Brass sada uruli ZI KG BRASS SADA URULI ZI,13
Brass uruli Lw  zi KG,BRASS URULI LW  ZI,741999,Brass uruli Lw  zi KG BRASS URULI LW  ZI,13
Brass Shilpa Uruli MW KG,BRASS SHILPA URULI MW,741999,Brass Shilpa Uruli MW KG BRASS SHILPA URULI MW,13
Brass varp ZI KG,BRASS VARP ZI,741999,Brass varp ZI KG BRASS VARP ZI,13
Brass Annapakshi Vilakku - SWA KG,BRASS ANNAPAKSHI VILAKKU - SWA,74181010,Brass Annapakshi Vilakku - SWA KG BRASS ANNAPAKSHI VILAKKU - SWA,24
Brass Mahabharat Vilakku - SWA KG,BRASS MAHABHARAT VILAKKU - SWA,741810,Brass Mahabharat Vilakku - SWA KG BRASS MAHABHARAT VILAKKU - SWA,9
Brass Mahabharat Step Vilakku - SWA KG,BRASS MAHABHARAT STEP VILAKKU - SWA,74181010,Brass Mahabharat Step Vilakku - SWA KG BRASS MAHABHARAT STEP VILAKKU - SWA,24
Brass Sheet Warp - SWA KG,BRASS SHEET WARP - SWA,74181010,Brass Sheet Warp - SWA KG BRASS SHEET WARP - SWA,24
Brass Appakara - SWA KG,BRASS APPAKARA - SWA,74181010,Brass Appakara - SWA KG BRASS APPAKARA - SWA,24
Brass KTR Vilakku - SWA KG,BRASS KTR VILAKKU - SWA,74181010,Brass KTR Vilakku - SWA KG BRASS KTR VILAKKU - SWA,24
Brass Kavara Vilakku M/W - SWA KG,BRASS KAVARA VILAKKU M/W - SWA,74181010,Brass Kavara Vilakku M/W - SWA KG BRASS KAVARA VILAKKU M/W - SWA,24
Brass Ganapathy Vilakku - SWA KG,BRASS GANAPATHY VILAKKU - SWA,74181010,Brass Ganapathy Vilakku - SWA KG BRASS GANAPATHY VILAKKU - SWA,24
Brass Kodi Vilakku - SWA KG,BRASS KODI VILAKKU - SWA,74181010,Brass Kodi Vilakku - SWA KG BRASS KODI VILAKKU - SWA,24
Brass KTR Latken - SWA KG,BRASS KTR LATKEN - SWA,74181010,Brass KTR Latken - SWA KG BRASS KTR LATKEN - SWA,24
Brass Pavithra Kindi - SWA KG,BRASS PAVITHRA KINDI - SWA,74181010,Brass Pavithra Kindi - SWA KG BRASS PAVITHRA KINDI - SWA,24
Brass Changala Vatta - SWA KG,BRASS CHANGALA VATTA - SWA,74181010,Brass Changala Vatta - SWA KG BRASS CHANGALA VATTA - SWA,24
Brass New Uruli - SWA KG,BRASS NEW URULI - SWA,74181010,Brass New Uruli - SWA KG BRASS NEW URULI - SWA,24
Brass Warp - SWA KG,BRASS WARP - SWA,74181010,Brass Warp - SWA KG BRASS WARP - SWA,24
Brass Uruli LW - SWA KG,BRASS URULI LW - SWA,74181010,Brass Uruli LW - SWA KG BRASS URULI LW - SWA,24
Brass KTR Vilakku (NC) - POP KG,BRASS KTR VILAKKU (NC) - POP,74181010,Brass KTR Vilakku (NC) - POP KG BRASS KTR VILAKKU (NC) - POP,24
Brass RB SPL Vilakku - POP KG,BRASS RB SPL VILAKKU - POP,74181010,Brass RB SPL Vilakku - POP KG BRASS RB SPL VILAKKU - POP,24
BRASS AKP SSPL VILAKKU (9-12)  - POP KG,BRASS AKP SSPL VILAKKU (9-12)  - POP,741980,BRASS AKP SSPL VILAKKU (9-12)  - POP KG BRASS AKP SSPL VILAKKU (9-12)  - POP,12
BRASS AKP SSPL VILAKKU (14-18) - POP KG,BRASS AKP SSPL VILAKKU (14-18) - POP,741980,BRASS AKP SSPL VILAKKU (14-18) - POP KG BRASS AKP SSPL VILAKKU (14-18) - POP,12
Brass AKP SSPL Vilakku 8 - POP KG,BRASS AKP SSPL VILAKKU 8 - POP,74181010,Brass AKP SSPL Vilakku 8 - POP KG BRASS AKP SSPL VILAKKU 8 - POP,24
Brass Lakshmi Latken - POP KG,BRASS LAKSHMI LATKEN - POP,74199930,Brass Lakshmi Latken - POP KG BRASS LAKSHMI LATKEN - POP,29
MOH ARTWARE Gold KG,MOH ARTWARE GOLD,741999,MOH ARTWARE Gold KG MOH ARTWARE GOLD,13
MOH ARTWARE Silver KG,MOH ARTWARE SILVER,741999,MOH ARTWARE Silver KG MOH ARTWARE SILVER,13
Brass china plate  VNS    10  to 14 KG,BRASS CHINA PLATE  VNS    10  TO 14,74181010,Brass china plate  VNS    10  to 14 KG BRASS CHINA PLATE  VNS    10  TO 14,24
Brass AKP vilakku  11TO 24 BSPRN   SP KG,BRASS AKP VILAKKU 11 TO 24 BSPRN,74181010,Brass AKP vilakku  11TO 24 BSPRN   SP KG BRASS AKP VILAKKU 11 TO 24 BSPRN,24
Brass Leg Uruli BSPRN   SP BIG SIZE KG,BRASS LEG URULI BSPRN   SP BIG SIZE,74181010,Brass Leg Uruli BSPRN   SP BIG SIZE KG BRASS LEG URULI BSPRN   SP BIG SIZE,24
Brass mahabharath vilaku 12 to 48 VNS KG,BRASS MAHABHARATH VILAKU 12 TO 48 VNS,74181010,Brass mahabharath vilaku 12 to 48 VNS KG BRASS MAHABHARATH VILAKU 12 TO 48 VNS,24
Brass ANP VILAKKU  JB KG,BRASS ANP VILAKKU  JB,74181021,Brass ANP VILAKKU  JB KG BRASS ANP VILAKKU  JB,25
Brass KTR MW vilakku zi KG,BRASS KTR MW VILAKKU ZI,741999,Brass KTR MW vilakku zi KG BRASS KTR MW VILAKKU ZI,13
BRASS TCR VILAKKU JB KG,BRASS TCR VILAKKU JB,741999,BRASS TCR VILAKKU JB KG BRASS TCR VILAKKU JB,13
BRASS KTR MW VILAKKU JB KG,BRASS KTR MW VILAKKU JB,741999,BRASS KTR MW VILAKKU JB KG BRASS KTR MW VILAKKU JB,13
BRASS TCR MW VILAKKU JB KG,BRASS TCR MW VILAKKU JB,741999,BRASS TCR MW VILAKKU JB KG BRASS TCR MW VILAKKU JB,13
BRASS FLOWER VASE (16TO36) RMH KG,BRASS FLOWER VASE (16TO36) RMH,741999,BRASS FLOWER VASE (16TO36) RMH KG BRASS FLOWER VASE (16TO36) RMH,13
Brass Flower Vase Black (16TO36) RMH KG,BRASS FLOWER VASE BLACK (16TO36) RMH,741999,Brass Flower Vase Black (16TO36) RMH KG BRASS FLOWER VASE BLACK (16TO36) RMH,13
BRASS RB SSPL VILAKKU(9-12)POP KG,BRASS RB SSPL VILAKKU(9-12)POP,74199930,BRASS RB SSPL VILAKKU(9-12)POP KG BRASS RB SSPL VILAKKU(9-12)POP,29
Brass Covera Vilakku Heavy POP KG,BRASS COVERA VILAKKU HEAVY POP,74181010,Brass Covera Vilakku Heavy POP KG BRASS COVERA VILAKKU HEAVY POP,24
Brass Covera Vilakku(8-16) POP KG,BRASS COVERA VILAKKU(8-16) POP,74181010,Brass Covera Vilakku(8-16) POP KG BRASS COVERA VILAKKU(8-16) POP,24
BRASS BEEDING PLATE KRAN KG,BRASS BEEDING PLATE KRAN,74181010,BRASS BEEDING PLATE KRAN KG BRASS BEEDING PLATE KRAN,24
Brass kavara Vilakku SWA KG,BRASS KAVARA VILAKKU SWA,74181010,Brass kavara Vilakku SWA KG BRASS KAVARA VILAKKU SWA,24
Brass China Plate KRAN KG,BRASS CHINA PLATE KRAN,74181010,Brass China Plate KRAN KG BRASS CHINA PLATE KRAN,24
Brass KTR Vilakku 12to40 ZI KG,BRASS KTR VILAKKU 12TO40 ZI,74199930,Brass KTR Vilakku 12to40 ZI KG BRASS KTR VILAKKU 12TO40 ZI,29
Brass Vigraham N BNKI KG,BRASS VIGRAHAM N BNKI,83062190,Brass Vigraham N BNKI KG BRASS VIGRAHAM N BNKI,35
Brass Vigraham S.F BNKI KG,BRASS VIGRAHAM S.F BNKI,83062190,Brass Vigraham S.F BNKI KG BRASS VIGRAHAM S.F BNKI,35
Brass Vigraham SM BNKI KG,BRASS VIGRAHAM SM BNKI,83062190,Brass Vigraham SM BNKI KG BRASS VIGRAHAM SM BNKI,35
Brass Vigraham SSF BNKI KG,BRASS VIGRAHAM SSF BNKI,83062190,Brass Vigraham SSF BNKI KG BRASS VIGRAHAM SSF BNKI,35
Brass Vigraham B SF BNKI KG,BRASS VIGRAHAM B SF BNKI,83062190,Brass Vigraham B SF BNKI KG BRASS VIGRAHAM B SF BNKI,35
Brass Vigraham B SSF BNKI KG,BRASS VIGRAHAM B SSF BNKI,83062190,Brass Vigraham B SSF BNKI KG BRASS VIGRAHAM B SSF BNKI,35
Brass TCR Vilakku 11-20 ZI KG,BRASS TCR VILAKKU 11-20 ZI,74199930,Brass TCR Vilakku 11-20 ZI KG BRASS TCR VILAKKU 11-20 ZI,29
Brass Basket KART KG,BRASS BASKET KART,74181010,Brass Basket KART KG BRASS BASKET KART,24
Brass Bell  1 to 40 kart KG,BRASS BELL  1 TO 40 KART,830621,Brass Bell  1 to 40 kart KG BRASS BELL  1 TO 40 KART,16
Brass Bombay Bell  750 to 10  KART    KG,BRASS BOMBAY BELL  750 TO 10  KART,74181010,Brass Bombay Bell  750 to 10  KART    KG BRASS BOMBAY BELL  750 TO 10  KART,24
Copper Thaliya Kudam KART KG,COPPER THALIYA KUDAM KART,74181010,Copper Thaliya Kudam KART KG COPPER THALIYA KUDAM KART,24
Brass ICC Bharath KART KG,BRASS ICC BHARATH KART,74181010,Brass ICC Bharath KART KG BRASS ICC BHARATH KART,24
Brass Bell 45-55 KART KG,BRASS BELL 45-55 KART,74181010,Brass Bell 45-55 KART KG BRASS BELL 45-55 KART,24
Brass Bell 60 KART KG,BRASS BELL 60 KART,74181010,Brass Bell 60 KART KG BRASS BELL 60 KART,24
Brass Vigaraham SSF BNKI KG,BRASS VIGARAHAM SSF BNKI,83062190,Brass Vigaraham SSF BNKI KG BRASS VIGARAHAM SSF BNKI,35
Brass artware Handmade Chain Hook FRD KG,BRASS ARTWARE HANDMADE CHAIN HOOK FRD,74191010,Brass artware Handmade Chain Hook FRD KG BRASS ARTWARE HANDMADE CHAIN HOOK FRD,27
Brass AKP Vilakku LW ASB KG,BRASS AKP VILAKKU LW ASB,74181010,Brass AKP Vilakku LW ASB KG BRASS AKP VILAKKU LW ASB,24
Brass TCR Vilakku S Spl ASB KG,BRASS TCR VILAKKU S SPL ASB,74181010,Brass TCR Vilakku S Spl ASB KG BRASS TCR VILAKKU S SPL ASB,24
Brass Vikaragam SM BNKI KG,BRASS VIKARAGAM SM BNKI,83062190,Brass Vikaragam SM BNKI KG BRASS VIKARAGAM SM BNKI,35
Brass Sheet Uruli NMIT KG,BRASS SHEET URULI NMIT,741999,Brass Sheet Uruli NMIT KG BRASS SHEET URULI NMIT,13
Brass Umbrella step latken KPS KG,BRASS UMBRELLA STEP LATKEN KPS,74181010,Brass Umbrella step latken KPS KG BRASS UMBRELLA STEP LATKEN KPS,24
Brass chilambu KPS KG,BRASS CHILAMBU KPS,74181010,Brass chilambu KPS KG BRASS CHILAMBU KPS,24
Brass Kavara vilakku KPS KG,BRASS KAVARA VILAKKU KPS,74181010,Brass Kavara vilakku KPS KG BRASS KAVARA VILAKKU KPS,24
Brass AKP Latken KPS KG,BRASS AKP LATKEN KPS,74181010,Brass AKP Latken KPS KG BRASS AKP LATKEN KPS,24
Brass Ganpathi Lamp KPS KG,BRASS GANPATHI LAMP KPS,74181010,Brass Ganpathi Lamp KPS KG BRASS GANPATHI LAMP KPS,24
Brass artware UNJL ROD PLAIN FRD KG,BRASS ARTWARE UNJL ROD PLAIN FRD,74199930,Brass artware UNJL ROD PLAIN FRD KG BRASS ARTWARE UNJL ROD PLAIN FRD,29
Brass Bottom Handle Rod FRD KG,BRASS BOTTOM HANDLE ROD FRD,74191010,Brass Bottom Handle Rod FRD KG BRASS BOTTOM HANDLE ROD FRD,27
Brass Mahabharat Vilakku Spl SWA KG,BRASS MAHABHARAT VILAKKU SPL SWA,74181010,Brass Mahabharat Vilakku Spl SWA KG BRASS MAHABHARAT VILAKKU SPL SWA,24
Brass Kadai SWA KG,BRASS KADAI SWA,74181010,Brass Kadai SWA KG BRASS KADAI SWA,24
Brass Dance Parath KART KG,BRASS DANCE PARATH KART,741810,Brass Dance Parath KART KG BRASS DANCE PARATH KART,9
Brass KTR MW vilakku 12 to 24  ZI KG,BRASS KTR MW VILAKKU 12 TO 24  ZI,741999,Brass KTR MW vilakku 12 to 24  ZI KG BRASS KTR MW VILAKKU 12 TO 24  ZI,13
BRASS AKP FANCY 48  TO  72  N MW KG,BRASS AKP FANCY 48  TO  72  N MW,741999,BRASS AKP FANCY 48  TO  72  N MW KG BRASS AKP FANCY 48  TO  72  N MW,13
Brass AKP vilakku SPL  48 TO 66 BIS KG,BRASS AKP VILAKKU SPL  48 TO 66 BIS,74181010,Brass AKP vilakku SPL  48 TO 66 BIS KG BRASS AKP VILAKKU SPL  48 TO 66 BIS,24
Brass Kerala Fancy Vilakku WAL KG,BRASS KERALA FANCY VILAKKU WAL,74181010,Brass Kerala Fancy Vilakku WAL KG BRASS KERALA FANCY VILAKKU WAL,24
Brass Annapakshi Vilakku WAL KG,BRASS ANNAPAKSHI VILAKKU WAL,74181010,Brass Annapakshi Vilakku WAL KG BRASS ANNAPAKSHI VILAKKU WAL,24
Brass Varp 4to6 ZI KG,BRASS VARP 4TO6 ZI,741999,Brass Varp 4to6 ZI KG BRASS VARP 4TO6 ZI,13
Brass New Uruli 4to6 ZI KG,BRASS NEW URULI 4TO6 ZI,741999,Brass New Uruli 4to6 ZI KG BRASS NEW URULI 4TO6 ZI,13
Brass Uruli L W 2.5 TO 7  ZI KG,BRASS URULI L W 2.5 TO 7  ZI,741999,Brass Uruli L W 2.5 TO 7  ZI KG BRASS URULI L W 2.5 TO 7  ZI,13
Brass Sankuchakara Latkan SWA KG,BRASS SANKUCHAKARA LATKAN SWA,74181010,Brass Sankuchakara Latkan SWA KG BRASS SANKUCHAKARA LATKAN SWA,24
Brass KTR Vilakku 11to24 STRT KG,BRASS KTR VILAKKU 11TO24 STRT,74181010,Brass KTR Vilakku 11to24 STRT KG BRASS KTR VILAKKU 11TO24 STRT,24
Brass Kindi 700 to 1 STRT KG,BRASS KINDI 700 TO 1 STRT,74181010,Brass Kindi 700 to 1 STRT KG BRASS KINDI 700 TO 1 STRT,24
Brass Kerala Fancy Vilakku 9to16 STRT KG,BRASS KERALA FANCY VILAKKU 9TO16 STRT,74181010,Brass Kerala Fancy Vilakku 9to16 STRT KG BRASS KERALA FANCY VILAKKU 9TO16 STRT,24
Brass TCR MW Vilakku 11to14 STRT KG,BRASS TCR MW VILAKKU 11TO14 STRT,74181010,Brass TCR MW Vilakku 11to14 STRT KG BRASS TCR MW VILAKKU 11TO14 STRT,24
Brass Bowl . uruli . KGB KG,BRASS BOWL . URULI . KGB,74181010,Brass Bowl . uruli . KGB KG BRASS BOWL . URULI . KGB,24
Brass Rocket Lamp SR KG,BRASS ROCKET LAMP SR,74181010,Brass Rocket Lamp SR KG BRASS ROCKET LAMP SR,24
Brass full para 4 to 7  zi KG,BRASS FULL PARA 4 TO 7   ZI,741999,Brass full para 4 to 7  zi KG BRASS FULL PARA 4 TO 7   ZI,13
Brass Tcr MW vilakku 11 to 20  zi KG,BRASS TCR MW VILAKKU 11 TO 20  ZI,741999,Brass Tcr MW vilakku 11 to 20  zi KG BRASS TCR MW VILAKKU 11 TO 20  ZI,13
Brass Fancy Parath RAJTN KG,BRASS FANCY PARATH RAJTN,74181021,Brass Fancy Parath RAJTN KG BRASS FANCY PARATH RAJTN,25
Brass 26G B N Ganesh Plate RAJTN KG,BRASS 26G B N GANESH PLATE RAJTN,74181021,Brass 26G B N Ganesh Plate RAJTN KG BRASS 26G B N GANESH PLATE RAJTN,25
Brass SF Laxmi Kuber Vilakku RAJTN KG,BRASS SF LAXMI KUBER VILAKKU RAJTN,83062910,Brass SF Laxmi Kuber Vilakku RAJTN KG BRASS SF LAXMI KUBER VILAKKU RAJTN,36
Brass Jhad Latkan WT RAJTN KG,BRASS JHAD LATKAN WT RAJTN,741810,Brass Jhad Latkan WT RAJTN KG BRASS JHAD LATKAN WT RAJTN,9
BRASS SWARD Talwar RSH KG,BRASS SWARD TALWAR RSH,741810,BRASS SWARD Talwar RSH KG BRASS SWARD TALWAR RSH,9
Brass Kindi 1to7 ARF KG,BRASS KINDI 1TO7 ARF,741810,Brass Kindi 1to7 ARF KG BRASS KINDI 1TO7 ARF,9
Brass Soup Bowl MW KG,BRASS SOUP BOWL MW,741999,Brass Soup Bowl MW KG BRASS SOUP BOWL MW,13
Brass Aarti Handle MW KG,BRASS AARTI HANDLE MW,741999,Brass Aarti Handle MW KG BRASS AARTI HANDLE MW,13
Brass CGY Spl RB Vilakku 8to12 DHIN KG,BRASS CGY SPL RB VILAKKU 8TO12 DHIN,741999,Brass CGY Spl RB Vilakku 8to12 DHIN KG BRASS CGY SPL RB VILAKKU 8TO12 DHIN,13
Brass Covera LW Vilakku 8to14 DHIN KG,BRASS COVERA LW VILAKKU 8TO14 DHIN,741999,Brass Covera LW Vilakku 8to14 DHIN KG BRASS COVERA LW VILAKKU 8TO14 DHIN,13
Brass ICC Nali KART KG,BRASS ICC NALI KART,74181010,Brass ICC Nali KART KG BRASS ICC NALI KART,24
Brass Vasthu Vilakku 0 1 K.H KG,BRASS VASTHU VILAKKU 0 1 K.H,74181010,Brass Vasthu Vilakku 0 1 K.H KG BRASS VASTHU VILAKKU 0 1 K.H,24
Brass Vasthu Vilakku K.H KG,BRASS VASTHU VILAKKU K.H,74181010,Brass Vasthu Vilakku K.H KG BRASS VASTHU VILAKKU K.H,24
BRASS VIGARAHAM SF MHJN KG,BRASS VIGARAHAM SF MHJN,83062120,BRASS VIGARAHAM SF MHJN KG BRASS VIGARAHAM SF MHJN,34
Brass Spl Pancha Mahal 1 TO 5 SAI KG,BRASS SPL PANCHA MAHAL 1 TO 5 SAI,74199930,Brass Spl Pancha Mahal 1 TO 5 SAI KG BRASS SPL PANCHA MAHAL 1 TO 5 SAI,29
Brass Annapakshi Vilakku SAI KG,BRASS ANNAPAKSHI VILAKKU SAI,741999,Brass Annapakshi Vilakku SAI KG BRASS ANNAPAKSHI VILAKKU SAI,13
Brass KTR Vilakku 14to36 SAI KG,BRASS KTR VILAKKU 14TO36 SAI,741999,Brass KTR Vilakku 14to36 SAI KG BRASS KTR VILAKKU 14TO36 SAI,13
Brass KTR MW Vilakku 12 SAI KG,BRASS KTR MW VILAKKU 12 SAI,741999,Brass KTR MW Vilakku 12 SAI KG BRASS KTR MW VILAKKU 12 SAI,13
Brass KTR MW Vilakku 14to24 SAI KG,BRASS KTR MW VILAKKU 14TO24 SAI,741999,Brass KTR MW Vilakku 14to24 SAI KG BRASS KTR MW VILAKKU 14TO24 SAI,13
Brass Full Para Fancy 7.5to10.5 SAI KG,BRASS FULL PARA FANCY 7.5TO10.5 SAI,741999,Brass Full Para Fancy 7.5to10.5 SAI KG BRASS FULL PARA FANCY 7.5TO10.5 SAI,13
Brass Full Para Plain 7.5to10.5 SAI KG,BRASS FULL PARA PLAIN 7.5TO10.5 SAI,74181010,Brass Full Para Plain 7.5to10.5 SAI KG BRASS FULL PARA PLAIN 7.5TO10.5 SAI,24
BRASS ARTWARE M MADE CHAIN FRD KG,BRASS ARTWARE M MADE CHAIN FRD,74191010,BRASS ARTWARE M MADE CHAIN FRD KG BRASS ARTWARE M MADE CHAIN FRD,27
Brass Sadha Uruli SWA KG,BRASS SADHA URULI SWA,74181010,Brass Sadha Uruli SWA KG BRASS SADHA URULI SWA,24
Brass New Uruli ZI KG,BRASS NEW URULI ZI,74181010,Brass New Uruli ZI KG BRASS NEW URULI ZI,24
Brass Varp 7to16  SWA KG,BRASS VARP 7TO16  SWA,74181010,Brass Varp 7to16  SWA KG BRASS VARP 7TO16  SWA,24
Brass New Uruli SWA KG,BRASS NEW URULI SWA,74181010,Brass New Uruli SWA KG BRASS NEW URULI SWA,24
Brass Latkan 1to7 ZI KG,BRASS LATKAN 1TO7 ZI,741999,Brass Latkan 1to7 ZI KG BRASS LATKAN 1TO7 ZI,13
Brass Full Para 4 to11.5 STRT KG,BRASS FULL PARA 4 TO11.5 STRT,74181010,Brass Full Para 4 to11.5 STRT KG BRASS FULL PARA 4 TO11.5 STRT,24
Brass dhoop kall kps KG,BRASS DHOOP KALL KPS,74181010,Brass dhoop kall kps KG BRASS DHOOP KALL KPS,24
Brass new Step Arthi sakt KG,BRASS NEW STEP ARTHI SAKT,741999,Brass new Step Arthi sakt KG BRASS NEW STEP ARTHI SAKT,13
Brass Ganpathi vilakku SAKT KG,BRASS GANPATHI VILAKKU SAKT,741999,Brass Ganpathi vilakku SAKT KG BRASS GANPATHI VILAKKU SAKT,13
Brass new Mahabharath vilakku SAKT KG,BRASS NEW MAHABHARATH VILAKKU SAKT,741999,Brass new Mahabharath vilakku SAKT KG BRASS NEW MAHABHARATH VILAKKU SAKT,13
Brass O mahabharath vilakku SAKT KG,BRASS O MAHABHARATH VILAKKU SAKT,741999,Brass O mahabharath vilakku SAKT KG BRASS O MAHABHARATH VILAKKU SAKT,13
Brass kindi 250 to 350 STRT KG,BRASS KINDI 250 TO 350 STRT,74181010,Brass kindi 250 to 350 STRT KG BRASS KINDI 250 TO 350 STRT,24
Brass kindi 450 to 650 STRT KG,BRASS KINDI 450 TO 650 STRT,74181010,Brass kindi 450 to 650 STRT KG BRASS KINDI 450 TO 650 STRT,24
BrassVigraham SSF BNKI KG-9160,BRASSVIGRAHAM SSF BNKI KG-91,83062190,BrassVigraham SSF BNKI KG-9160 BRASSVIGRAHAM SSF BNKI KG-91,35
BRASS ARTW UNJL ROD ANIMAL FRD KG,BRASS ARTW UNJL ROD ANIMAL FRD,83021010,BRASS ARTW UNJL ROD ANIMAL FRD KG BRASS ARTW UNJL ROD ANIMAL FRD,32
BrassVigraham SSF BNKI KG,BRASSVIGRAHAM SSF BNKI,83062190,BrassVigraham SSF BNKI KG BRASSVIGRAHAM SSF BNKI,35
Brass Vigraham SSF MHJN KG,BRASS VIGRAHAM SSF MHJN,83062120,Brass Vigraham SSF MHJN KG BRASS VIGRAHAM SSF MHJN,34
Brass Kavara Vilakku Heavy SR KG,BRASS KAVARA VILAKKU HEAVY SR,74181010,Brass Kavara Vilakku Heavy SR KG BRASS KAVARA VILAKKU HEAVY SR,24
Brass Wedding Bharath BODBS KG,BRASS WEDDING BHARATH BODBS,74181021,Brass Wedding Bharath BODBS KG BRASS WEDDING BHARATH BODBS,25
Brass Kavara Vilakku MW SR KG,BRASS KAVARA VILAKKU MW SR,74181010,Brass Kavara Vilakku MW SR KG BRASS KAVARA VILAKKU MW SR,24
Brass New Kashi Vilakku  8  to 21 SUPFB KG,BRASS NEW KASHI VILAKKU  8  TO 21 SUPFB,74181010,Brass New Kashi Vilakku  8  to 21 SUPFB KG BRASS NEW KASHI VILAKKU  8  TO 21 SUPFB,24
Brass New Kashi Vilakku  24 SUPFB KG,BRASS NEW KASHI VILAKKU  24 SUPFB,74181010,Brass New Kashi Vilakku  24 SUPFB KG BRASS NEW KASHI VILAKKU  24 SUPFB,24
Brass Half Body Figure  KPS KG,BRASS HALF BODY FIGURE  KPS,741999,Brass Half Body Figure  KPS KG BRASS HALF BODY FIGURE  KPS,13
Brass Plain Flower Cross  KPS KG,BRASS PLAIN FLOWER CROSS  KPS,741999,Brass Plain Flower Cross  KPS KG BRASS PLAIN FLOWER CROSS  KPS,13
Brass Embose Chakra Arthy  KPS KG,BRASS EMBOSE CHAKRA ARTHY  KPS,741999,Brass Embose Chakra Arthy  KPS KG BRASS EMBOSE CHAKRA ARTHY  KPS,13
Brass Shivling Abhishekam Stand ADV KG,BRASS SHIVLING ABHISHEKAM STAND ADV,74181010,Brass Shivling Abhishekam Stand ADV KG BRASS SHIVLING ABHISHEKAM STAND ADV,24
Brass Latkan New J DHIN KG,BRASS LATKAN NEW J DHIN,741999,Brass Latkan New J DHIN KG BRASS LATKAN NEW J DHIN,13
Brass Wedding Parath RAJTN KG,BRASS WEDDING PARATH RAJTN,741810,Brass Wedding Parath RAJTN KG BRASS WEDDING PARATH RAJTN,9
Brass Diamond Plate RAJTN KG,BRASS DIAMOND PLATE RAJTN,741810,Brass Diamond Plate RAJTN KG BRASS DIAMOND PLATE RAJTN,9
Brass ICC Parath RAJTN KG,BRASS ICC PARATH RAJTN,741810,Brass ICC Parath RAJTN KG BRASS ICC PARATH RAJTN,9
White Metal Salai Plate God SBNH KG,WHITE METAL SALAI PLATE GOD SBNH,830621,White Metal Salai Plate God SBNH KG WHITE METAL SALAI PLATE GOD SBNH,16
White Metal Solid Salai God SBNH KG,WHITE METAL SOLID SALAI GOD SBNH,830621,White Metal Solid Salai God SBNH KG WHITE METAL SOLID SALAI GOD SBNH,16
Brass Annapakshi Vilakku ZI KG,BRASS ANNAPAKSHI VILAKKU ZI,741999,Brass Annapakshi Vilakku ZI KG BRASS ANNAPAKSHI VILAKKU ZI,13
Brass Flower Vase Polish 10to36 ZI KG,BRASS FLOWER VASE POLISH 10TO36 ZI,741999,Brass Flower Vase Polish 10to36 ZI KG BRASS FLOWER VASE POLISH 10TO36 ZI,13
Brass Nadan Nilavilakku SSM KG,BRASS NADAN NILAVILAKKU SSM,741999,Brass Nadan Nilavilakku SSM KG BRASS NADAN NILAVILAKKU SSM,13
Brass Latken SWA KG,BRASS LATKEN SWA,74181010,Brass Latken SWA KG BRASS LATKEN SWA,24
Brass Double Latken KGB KG,BRASS DOUBLE LATKEN KGB,74181010,Brass Double Latken KGB KG BRASS DOUBLE LATKEN KGB,24
New Brass Plate OMM KG,NEW BRASS PLATE OMM,741810,New Brass Plate OMM KG NEW BRASS PLATE OMM,9
Brass Flower Vase Colour 10to36  ZI KG,BRASS FLOWER VASE COLOUR 10TO36  ZI,741999,Brass Flower Vase Colour 10to36  ZI KG BRASS FLOWER VASE COLOUR 10TO36  ZI,13
White Salai PLate God    LKH KG,WHITE SALAI PLATE GOD    LKH,830621,White Salai PLate God    LKH KG WHITE SALAI PLATE GOD    LKH,16
Brass New Uruli LW 3 to 7 ABS KG,BRASS NEW URULI LW 3 TO 7 ABS,741810,Brass New Uruli LW 3 to 7 ABS KG BRASS NEW URULI LW 3 TO 7 ABS,9
Brass New Para 4 5  Arf KG,BRASS NEW PARA 4 5  ARF,741810,Brass New Para 4 5  Arf KG BRASS NEW PARA 4 5  ARF,9
Brass God Statues SF  SBLH KG,BRASS GOD STATUES SF  SBLH,830621,Brass God Statues SF  SBLH KG BRASS GOD STATUES SF  SBLH,16
Brass God Statues MF  SBLH KG,BRASS GOD STATUES MF  SBLH,830621,Brass God Statues MF  SBLH KG BRASS GOD STATUES MF  SBLH,16
Brass God Statues Uruli  SBLH KG,BRASS GOD STATUES URULI  SBLH,830621,Brass God Statues Uruli  SBLH KG BRASS GOD STATUES URULI  SBLH,16
Brass God Statues Small  SBLH KG,BRASS GOD STATUES SMALL  SBLH,830621,Brass God Statues Small  SBLH KG BRASS GOD STATUES SMALL  SBLH,16
Brass AKP Fancy Nadan 30to42 MW KG,BRASS AKP FANCY NADAN 30TO42 MW,741999,Brass AKP Fancy Nadan 30to42 MW KG BRASS AKP FANCY NADAN 30TO42 MW,13
Brass Nadan AKP 22to42 POP KG,BRASS NADAN AKP 22TO42 POP,74181010,Brass Nadan AKP 22to42 POP KG BRASS NADAN AKP 22TO42 POP,24
Brass ICC Dharbana Satti KART KG,BRASS ICC DHARBANA SATTI KART,74181010,Brass ICC Dharbana Satti KART KG BRASS ICC DHARBANA SATTI KART,24
Brass Bell RMH KG,BRASS BELL RMH,83062920,Brass Bell RMH KG BRASS BELL RMH,37
Brass varp MATH KG,BRASS VARP MATH,74181010,Brass varp MATH KG BRASS VARP MATH,24
Brass Uruli MATH KG,BRASS URULI MATH,74181010,Brass Uruli MATH KG BRASS URULI MATH,24
Brass Arkan Chetty OMM KG,BRASS ARKAN CHETTY OMM,74181010,Brass Arkan Chetty OMM KG BRASS ARKAN CHETTY OMM,24
Brass Aromani SWA KG,BRASS AROMANI SWA,74181010,Brass Aromani SWA KG BRASS AROMANI SWA,24
Brass Lekshmi Latken VNS KG,BRASS LEKSHMI LATKEN VNS,74181010,Brass Lekshmi Latken VNS KG BRASS LEKSHMI LATKEN VNS,24
Brass Rudrakshi latken SWA KG,BRASS RUDRAKSHI LATKEN SWA,74181010,Brass Rudrakshi latken SWA KG BRASS RUDRAKSHI LATKEN SWA,24
Brass Mahabharath Annam Kalash SUPFB KG,BRASS MAHABHARATH ANNAM KALASH SUPFB,74181010,Brass Mahabharath Annam Kalash SUPFB KG BRASS MAHABHARATH ANNAM KALASH SUPFB,24
Brass Thaal Plate SWA KG,BRASS THAAL PLATE SWA,741810,Brass Thaal Plate SWA KG BRASS THAAL PLATE SWA,9
Brass AKP SSpl Gold 9to12  POP KG,BRASS AKP SSPL GOLD 9TO12  POP,741810,Brass AKP SSpl Gold 9to12  POP KG BRASS AKP SSPL GOLD 9TO12  POP,9
Brass Kerala Fancy Cross Spl 11to19  POP KG,BRASS KERALA FANCY CROSS SPL 11TO19  POP,741810,Brass Kerala Fancy Cross Spl 11to19  POP KG BRASS KERALA FANCY CROSS SPL 11TO19  POP,9
Brass Beeding China Plate 5.5to10 SHILP KG,BRASS BEEDING CHINA PLATE 5.5TO10 SHILP,741810,Brass Beeding China Plate 5.5to10 SHILP KG BRASS BEEDING CHINA PLATE 5.5TO10 SHILP,9
Brass Beeding China Plate 11to14  SHILP KG,BRASS BEEDING CHINA PLATE 11TO14  SHILP,741810,Brass Beeding China Plate 11to14  SHILP KG BRASS BEEDING CHINA PLATE 11TO14  SHILP,9
Brass Kuthu Vilakku  GUL KG,BRASS KUTHU VILAKKU  GUL,741810,Brass Kuthu Vilakku  GUL KG BRASS KUTHU VILAKKU  GUL,9
BRASS GANPATHI  VILAKKU 6 7 SAKT KG,BRASS GANPATHI  VILAKKU 6 7 SAKT,741999,BRASS GANPATHI  VILAKKU 6 7 SAKT KG BRASS GANPATHI  VILAKKU 6 7 SAKT,13
Brass ANP Cross   SWA KG,BRASS ANP CROSS   SWA,741810,Brass ANP Cross   SWA KG BRASS ANP CROSS   SWA,9
Brass China Plate Plain  Salaidar   RSH KG,BRASS CHINA PLATE PLAIN  SALAIDAR   RSH,741999,Brass China Plate Plain  Salaidar   RSH KG BRASS CHINA PLATE PLAIN  SALAIDAR   RSH,13
Brass Nilavilakku Plain      NVJO KG,BRASS NILAVILAKKU PLAIN      NVJO,741810,Brass Nilavilakku Plain      NVJO KG BRASS NILAVILAKKU PLAIN      NVJO,9
Brass Uruli Plain      NVJO KG,BRASS URULI PLAIN      NVJO,741810,Brass Uruli Plain      NVJO KG BRASS URULI PLAIN      NVJO,9
Brass Swastic Hanging   RSH KG,BRASS SWASTIC HANGING   RSH,741999,Brass Swastic Hanging   RSH KG BRASS SWASTIC HANGING   RSH,13
Brass Dance Parath   MMC KG,BRASS DANCE PARATH   MMC,741810,Brass Dance Parath   MMC KG BRASS DANCE PARATH   MMC,9
Brass AKP Sspl Gold 8      POP KG,BRASS AKP SSPL GOLD 8      POP,741999,Brass AKP Sspl Gold 8      POP KG BRASS AKP SSPL GOLD 8      POP,13
Brass Om Hanging     RSH KG,BRASS OM HANGING     RSH,741999,Brass Om Hanging     RSH KG BRASS OM HANGING     RSH,13
BRASS KADAI     ASB KG,BRASS KADAI     ASB,741980,BRASS KADAI     ASB KG BRASS KADAI     ASB,12
Brass Appachatti     ASB KG,BRASS APPACHATTI     ASB,741999,Brass Appachatti     ASB KG BRASS APPACHATTI     ASB,13
Brass Dosa Tawa     ASB KG,BRASS DOSA TAWA     ASB,741999,Brass Dosa Tawa     ASB KG BRASS DOSA TAWA     ASB,13
BRASS FRY PAN      ASB KG,BRASS FRY PAN      ASB,741980,BRASS FRY PAN      ASB KG BRASS FRY PAN      ASB,12
8 SQUARE TRAY WITH PEACOCK BOWL INT PCS,8 SQUARE TRAY WITH PEACOCK BOWL INT .,74199930,8 SQUARE TRAY WITH PEACOCK BOWL INT PCS 8 SQUARE TRAY WITH PEACOCK BOWL INT .,29
9 TRAY WITH DEEP FLOWER BOWL INT PCS,9 TRAY WITH DEEP FLOWER BOWL INT .,74199930,9 TRAY WITH DEEP FLOWER BOWL INT PCS 9 TRAY WITH DEEP FLOWER BOWL INT .,29
A.M Gold Lakshmi Vilakku-1 MRC PCS,A.M GOLD LAKSHMI VILAKKU-1 MRC .,74181010,A.M Gold Lakshmi Vilakku-1 MRC PCS A.M GOLD LAKSHMI VILAKKU-1 MRC .,24
A.M Gold Lakshmi Vilakku-2 MRC PCS,A.M GOLD LAKSHMI VILAKKU-2 MRC .,74181010,A.M Gold Lakshmi Vilakku-2 MRC PCS A.M GOLD LAKSHMI VILAKKU-2 MRC .,24
ACHATTI VILAKKU-1 SWA PCS,ACHATTI VILAKKU-1 SWA .,74181010,ACHATTI VILAKKU-1 SWA PCS ACHATTI VILAKKU-1 SWA .,24
ACHATTI VILAKKU-4 SWA PCS,ACHATTI VILAKKU-4 SWA .,74181010,ACHATTI VILAKKU-4 SWA PCS ACHATTI VILAKKU-4 SWA .,24
AG MINNER -4 RSH PCS,AG MINNER -4 RSH .,74199930,AG MINNER -4 RSH PCS AG MINNER -4 RSH .,29
AG MINNER -5 RSH PCS,AG MINNER -5 RSH .,74199930,AG MINNER -5 RSH PCS AG MINNER -5 RSH .,29
AG RUDRAKSHI PLATE-1 RSH PCS,AG RUDRAKSHI PLATE-1 RSH .,74198030,AG RUDRAKSHI PLATE-1 RSH PCS AG RUDRAKSHI PLATE-1 RSH .,28
AG RUDRAKSHI PLATE-2 RSH PCS,AG RUDRAKSHI PLATE-2 RSH .,74181010,AG RUDRAKSHI PLATE-2 RSH PCS AG RUDRAKSHI PLATE-2 RSH .,24
AG RUDRAKSHI PLATE-3 RSH PCS,AG RUDRAKSHI PLATE-3 RSH .,741999,AG RUDRAKSHI PLATE-3 RSH PCS AG RUDRAKSHI PLATE-3 RSH .,13
AG RUDRAKSHI PLATE-4 RSH PCS,AG RUDRAKSHI PLATE-4 RSH .,741999,AG RUDRAKSHI PLATE-4 RSH PCS AG RUDRAKSHI PLATE-4 RSH .,13
AG RUDRAKSHI PLATE-5 RSH PCS,AG RUDRAKSHI PLATE-5 RSH .,741999,AG RUDRAKSHI PLATE-5 RSH PCS AG RUDRAKSHI PLATE-5 RSH .,13
AGA Plate Pipe Butti No: 0 KART PCS,AGA PLATE PIPE BUTTI NO: 0 KART .,74181010,AGA Plate Pipe Butti No: 0 KART PCS AGA PLATE PIPE BUTTI NO: 0 KART .,24
AGA Plate Pipe Butti No: 1 KART PCS,AGA PLATE PIPE BUTTI NO: 1 KART .,74181010,AGA Plate Pipe Butti No: 1 KART PCS AGA PLATE PIPE BUTTI NO: 1 KART .,24
AGA Plate Pipe Butti No: 2 KART PCS,AGA PLATE PIPE BUTTI NO: 2 KART .,74181010,AGA Plate Pipe Butti No: 2 KART PCS AGA PLATE PIPE BUTTI NO: 2 KART .,24
AGARBATHI BOX WOOD DIVI PCS,AGARBATHI BOX WOOD DIVI .,44201000,AGARBATHI BOX WOOD DIVI PCS AGARBATHI BOX WOOD DIVI .,21
AGARDAN AFK 1 RSH PCS,AGARDAN AFK 1 RSH .,74199930,AGARDAN AFK 1 RSH PCS AGARDAN AFK 1 RSH .,29
AGARDAN -AFK3 RSH PCS,AGARDAN -AFK3 RSH .,74181010,AGARDAN -AFK3 RSH PCS AGARDAN -AFK3 RSH .,24
AGARDAN -AFK4 RSH PCS,AGARDAN -AFK4 RSH .,74199930,AGARDAN -AFK4 RSH PCS AGARDAN -AFK4 RSH .,29
AGARDAN ANARKALI RSH PCS,AGARDAN ANARKALI RSH .,74198030,AGARDAN ANARKALI RSH PCS AGARDAN ANARKALI RSH .,28
Agardan Gulab-1 RSH PCS,AGARDAN GULAB-1 RSH .,74181010,Agardan Gulab-1 RSH PCS AGARDAN GULAB-1 RSH .,24
Agardan Gulab-2 RSH PCS,AGARDAN GULAB-2 RSH .,74181010,Agardan Gulab-2 RSH PCS AGARDAN GULAB-2 RSH .,24
Agardan Gulab-3 RSH PCS,AGARDAN GULAB-3 RSH .,74181010,Agardan Gulab-3 RSH PCS AGARDAN GULAB-3 RSH .,24
Agardan Hudrabadh RSH PCS,AGARDAN HUDRABADH RSH .,74181010,Agardan Hudrabadh RSH PCS AGARDAN HUDRABADH RSH .,24
Agardan Jasmine A B C RSH PCS,AGARDAN JASMINE A B C RSH .,74181010,Agardan Jasmine A B C RSH PCS AGARDAN JASMINE A B C RSH .,24
AGARDAN MINER-3 RSH PCS,AGARDAN MINER-3 RSH .,74181010,AGARDAN MINER-3 RSH PCS AGARDAN MINER-3 RSH .,24
Agardan sampath -1 SHLP PCS,AGARDAN SAMPATH -1 SHLP .,74181010,Agardan sampath -1 SHLP PCS AGARDAN SAMPATH -1 SHLP .,24
Agardan sampath -2 SHLP PCS,AGARDAN SAMPATH -2 SHLP .,74181010,Agardan sampath -2 SHLP PCS AGARDAN SAMPATH -2 SHLP .,24
Agardan sampath -3 SHLP PCS,AGARDAN SAMPATH -3 SHLP .,74181010,Agardan sampath -3 SHLP PCS AGARDAN SAMPATH -3 SHLP .,24
AGARDEN GARGO RHS PCS,AGARDEN GARGO RHS .,74181010,AGARDEN GARGO RHS PCS AGARDEN GARGO RHS .,24
Agardhan Madrasi Big RSH PCS,AGARDHAN MADRASI BIG RSH .,74181010,Agardhan Madrasi Big RSH PCS AGARDHAN MADRASI BIG RSH .,24
Agardhan Madrasi Small PCS,AGARDHAN MADRASI SMALL .,74181010,Agardhan Madrasi Small PCS AGARDHAN MADRASI SMALL .,24
AGARDHAN SUPER RSH PCS,AGARDHAN SUPER RSH .,741999,AGARDHAN SUPER RSH PCS AGARDHAN SUPER RSH .,13
AKP CROSS 3 RSH PCS,AKP CROSS 3 RSH .,74181010,AKP CROSS 3 RSH PCS AKP CROSS 3 RSH .,24
AKP CROSS VILAKK-5 RSH PCS,AKP CROSS VILAKK-5 RSH .,74181010,AKP CROSS VILAKK-5 RSH PCS AKP CROSS VILAKK-5 RSH .,24
AKP VILAKKU-5 RSH PCS,AKP VILAKKU-5 RSH .,741999,AKP VILAKKU-5 RSH PCS AKP VILAKKU-5 RSH .,13
AKP VILAKKU-5.5 RSH PCS,AKP VILAKKU-5.5 RSH .,741999,AKP VILAKKU-5.5 RSH PCS AKP VILAKKU-5.5 RSH .,13
ASTA LAKSHMI VILAKU BIG-1 KART PCS,ASTA LAKSHMI VILAKU BIG-1 KART .,74181010,ASTA LAKSHMI VILAKU BIG-1 KART PCS ASTA LAKSHMI VILAKU BIG-1 KART .,24
ASTA LAKSHMI VILAKU BIG-2 KART PCS,ASTA LAKSHMI VILAKU BIG-2 KART .,74181010,ASTA LAKSHMI VILAKU BIG-2 KART PCS ASTA LAKSHMI VILAKU BIG-2 KART .,24
ASTA LAKSHMI VILAKU BIG-3 KART PCS,ASTA LAKSHMI VILAKU BIG-3 KART .,74181010,ASTA LAKSHMI VILAKU BIG-3 KART PCS ASTA LAKSHMI VILAKU BIG-3 KART .,24
ASTA LAKSHMI VILAKU MEDIUM KART PCS,ASTA LAKSHMI VILAKU MEDIUM KART .,74181010,ASTA LAKSHMI VILAKU MEDIUM KART PCS ASTA LAKSHMI VILAKU MEDIUM KART .,24
ASTA LAKSHMI VILAKU MINI KART PCS,ASTA LAKSHMI VILAKU MINI KART .,74181010,ASTA LAKSHMI VILAKU MINI KART PCS ASTA LAKSHMI VILAKU MINI KART .,24
ASTA LAKSHMI VILAKU SMALL KART PCS,ASTA LAKSHMI VILAKU SMALL KART .,74181010,ASTA LAKSHMI VILAKU SMALL KART PCS ASTA LAKSHMI VILAKU SMALL KART .,24
ASTA MANGALYAM SET-10 AMR PCS,ASTA MANGALYAM SET-10 AMR .,74181010,ASTA MANGALYAM SET-10 AMR PCS ASTA MANGALYAM SET-10 AMR .,24
ASTA MANGALYAM SET-12 AMR PCS,ASTA MANGALYAM SET-12 AMR .,74181010,ASTA MANGALYAM SET-12 AMR PCS ASTA MANGALYAM SET-12 AMR .,24
ASTA MANGALYAM SET-6 AMR PCS,ASTA MANGALYAM SET-6 AMR .,74181010,ASTA MANGALYAM SET-6 AMR PCS ASTA MANGALYAM SET-6 AMR .,24
ASTA MANGALYAM SET-8 AMR PCS,ASTA MANGALYAM SET-8 AMR .,74181010,ASTA MANGALYAM SET-8 AMR PCS ASTA MANGALYAM SET-8 AMR .,24
BAMBOO STAND BOWL /229/6 MCBR PCS,BAMBOO STAND BOWL /229/6 MCBR .,732690,BAMBOO STAND BOWL /229/6 MCBR PCS BAMBOO STAND BOWL /229/6 MCBR .,8
BAMBOO STAND BOWL /229/8.5 MCBR PCS,BAMBOO STAND BOWL /229/8.5 MCBR .,732390,BAMBOO STAND BOWL /229/8.5 MCBR PCS BAMBOO STAND BOWL /229/8.5 MCBR .,6
B-JYOTHY SPL -2 RSH PCS,B-JYOTHY SPL -2 RSH .,74181010,B-JYOTHY SPL -2 RSH PCS B-JYOTHY SPL -2 RSH .,24
B-JYOTHY SPL -3 RSH PCS,B-JYOTHY SPL -3 RSH .,74198030,B-JYOTHY SPL -3 RSH PCS B-JYOTHY SPL -3 RSH .,28
BOWL 4 WOOD DIVI PCS,BOWL 4 WOOD DIVI .,44201000,BOWL 4 WOOD DIVI PCS BOWL 4 WOOD DIVI .,21
BOWL /791/ 8*15 MCBR PCS,BOWL /791/ 8*15 MCBR .,741999,BOWL /791/ 8*15 MCBR PCS BOWL /791/ 8*15 MCBR .,13
BOWL NO.6* 2 WOOD DIVI PCS,BOWL NO.6* 2 WOOD DIVI .,44201000,BOWL NO.6* 2 WOOD DIVI PCS BOWL NO.6* 2 WOOD DIVI .,21
BOWL ON STAND /228/5 MCBR PCS,BOWL ON STAND /228/5 MCBR .,732690,BOWL ON STAND /228/5 MCBR PCS BOWL ON STAND /228/5 MCBR .,8
BOWL ON STAND /228/6 MCBR PCS,BOWL ON STAND /228/6 MCBR .,732690,BOWL ON STAND /228/6 MCBR PCS BOWL ON STAND /228/6 MCBR .,8
BOWL ON STAND /228/8 MCBR PCS,BOWL ON STAND /228/8 MCBR .,732390,BOWL ON STAND /228/8 MCBR PCS BOWL ON STAND /228/8 MCBR .,6
Bras ROCKET CUP 3 KART PCS,BRAS ROCKET CUP 3 KART .,74181010,Bras ROCKET CUP 3 KART PCS BRAS ROCKET CUP 3 KART .,24
Bras ROCKET CUP-0 KART PCS,BRAS ROCKET CUP-0 KART .,74181010,Bras ROCKET CUP-0 KART PCS BRAS ROCKET CUP-0 KART .,24
Bras ROCKET CUP-1 KART PCS,BRAS ROCKET CUP-1 KART .,74181010,Bras ROCKET CUP-1 KART PCS BRAS ROCKET CUP-1 KART .,24
Bras ROCKET CUP-2 KART PCS,BRAS ROCKET CUP-2 KART .,74181010,Bras ROCKET CUP-2 KART PCS BRAS ROCKET CUP-2 KART .,24
Brass TCR SPL 10   ZI  PCS,BRASS TCR SPL 10   ZI,741999,Brass TCR SPL 10   ZI  PCS BRASS TCR SPL 10   ZI,13
Brass Uddipi Vilakku SPL 3 SAKT PCS,BRASS UDDIPI VILAKKU SPL 3 SAKT .,741999,Brass Uddipi Vilakku SPL 3 SAKT PCS BRASS UDDIPI VILAKKU SPL 3 SAKT .,13
Brass Agardan Kalash 1 SAKT PCS,BRASS AGARDAN KALASH 1 SAKT .,741999,Brass Agardan Kalash 1 SAKT PCS BRASS AGARDAN KALASH 1 SAKT .,13
Brass Agardan Kalash 2 SAKT PCS,BRASS AGARDAN KALASH 2 SAKT .,741999,Brass Agardan Kalash 2 SAKT PCS BRASS AGARDAN KALASH 2 SAKT .,13
Brass Agardan Lotus 0 SHLP PCS,BRASS AGARDAN LOTUS 0 SHLP .,741810,Brass Agardan Lotus 0 SHLP PCS BRASS AGARDAN LOTUS 0 SHLP .,9
Brass Agardan Ghada 1 POP PCS,BRASS AGARDAN GHADA 1 POP .,74181010,Brass Agardan Ghada 1 POP PCS BRASS AGARDAN GHADA 1 POP .,24
Brass AKP (UM) 11 DHIN PCS,BRASS AKP (UM) 11 DHIN .,74181010,Brass AKP (UM) 11 DHIN PCS BRASS AKP (UM) 11 DHIN .,24
Brass AKP 12 SAKT PCS,BRASS AKP 12 SAKT .,741999,Brass AKP 12 SAKT PCS BRASS AKP 12 SAKT .,13
Brass AKP 14 SAKT PCS,BRASS AKP 14 SAKT .,741999,Brass AKP 14 SAKT PCS BRASS AKP 14 SAKT .,13
Brass AKP 20 SAKT PCS,BRASS AKP 20 SAKT .,741999,Brass AKP 20 SAKT PCS BRASS AKP 20 SAKT .,13
Brass AKP UM 6 DHIN PCS,BRASS AKP UM 6 DHIN .,74181010,Brass AKP UM 6 DHIN PCS BRASS AKP UM 6 DHIN .,24
Brass AKP UM 9 DHIN PCS,BRASS AKP UM 9 DHIN .,74181010,Brass AKP UM 9 DHIN PCS BRASS AKP UM 9 DHIN .,24
Brass AKP UM 7 DHIN PCS,BRASS AKP UM 7 DHIN .,741999,Brass AKP UM 7 DHIN PCS BRASS AKP UM 7 DHIN .,13
Brass Amman Mugham plain 10 kart PCS,BRASS AMMAN MUGHAM PLAIN 10 KART .,74181010,Brass Amman Mugham plain 10 kart PCS BRASS AMMAN MUGHAM PLAIN 10 KART .,24
Brass Amman Mugham plain 12 kart PCS,BRASS AMMAN MUGHAM PLAIN 12 KART .,74181010,Brass Amman Mugham plain 12 kart PCS BRASS AMMAN MUGHAM PLAIN 12 KART .,24
Brass Amman Mugham plain 5 kart PCS,BRASS AMMAN MUGHAM PLAIN 5 KART .,74181010,Brass Amman Mugham plain 5 kart PCS BRASS AMMAN MUGHAM PLAIN 5 KART .,24
Brass Amman Mugham plain 7 kart PCS,BRASS AMMAN MUGHAM PLAIN 7 KART .,74181010,Brass Amman Mugham plain 7 kart PCS BRASS AMMAN MUGHAM PLAIN 7 KART .,24
Brass Ayyappan Mugham kart PCS,BRASS AYYAPPAN MUGHAM KART .,74181010,Brass Ayyappan Mugham kart PCS BRASS AYYAPPAN MUGHAM KART .,24
Brass Baby Spoon GUL PCS,BRASS BABY SPOON GUL .,74181010,Brass Baby Spoon GUL PCS BRASS BABY SPOON GUL .,24
Brass Glass Baby SS PCS,BRASS GLASS BABY SS,741999,Brass Glass Baby SS PCS BRASS GLASS BABY SS,13
Brass Bathi Stand 2 AZD PCS,BRASS BATHI STAND 2 AZD .,74181010,Brass Bathi Stand 2 AZD PCS BRASS BATHI STAND 2 AZD .,24
Brass Beeding Plate-10 KART PCS,BRASS BEEDING PLATE-10 KART .,74181010,Brass Beeding Plate-10 KART PCS BRASS BEEDING PLATE-10 KART .,24
Brass Beeding Plate-4 KART PCS,BRASS BEEDING PLATE-4 KART .,74181010,Brass Beeding Plate-4 KART PCS BRASS BEEDING PLATE-4 KART .,24
Brass Beeding Plate-5 KART PCS,BRASS BEEDING PLATE-5 KART .,74181010,Brass Beeding Plate-5 KART PCS BRASS BEEDING PLATE-5 KART .,24
Brass Beeding Plate-6 KART PCS,BRASS BEEDING PLATE-6 KART .,74181010,Brass Beeding Plate-6 KART PCS BRASS BEEDING PLATE-6 KART .,24
Brass Beeding Plate-7 KART PCS,BRASS BEEDING PLATE-7 KART .,74181010,Brass Beeding Plate-7 KART PCS BRASS BEEDING PLATE-7 KART .,24
Brass BhojanThali Plate D set GUL PCS,BRASS BHOJANTHALI PLATE D SET GUL .,741999,Brass BhojanThali Plate D set GUL PCS BRASS BHOJANTHALI PLATE D SET GUL .,13
BRASS BOWL 2 PC SET INT PCS,BRASS BOWL 2 PC SET INT .,74199930,BRASS BOWL 2 PC SET INT PCS BRASS BOWL 2 PC SET INT .,29
BRASS CHAINA Plate -4 KART PCS,BRASS CHAINA PLATE -4 KART .,74181010,BRASS CHAINA Plate -4 KART PCS BRASS CHAINA PLATE -4 KART .,24
BRASS CHAINA Plate -5 KART PCS,BRASS CHAINA PLATE -5 KART .,74181010,BRASS CHAINA Plate -5 KART PCS BRASS CHAINA PLATE -5 KART .,24
BRASS CHAINA Plate -6 KART PCS,BRASS CHAINA PLATE -6 KART .,74181010,BRASS CHAINA Plate -6 KART PCS BRASS CHAINA PLATE -6 KART .,24
BRASS CHAINA Plate -7 KART PCS,BRASS CHAINA PLATE -7 KART .,74181010,BRASS CHAINA Plate -7 KART PCS BRASS CHAINA PLATE -7 KART .,24
Brass chakkar arthi-2 SAKT PCS,BRASS CHAKKAR ARTHI-2 SAKT .,741999,Brass chakkar arthi-2 SAKT PCS BRASS CHAKKAR ARTHI-2 SAKT .,13
Brass Chanthana Piyali 0 GUL PCS,BRASS CHANTHANA PIYALI 0 GUL .,741999,Brass Chanthana Piyali 0 GUL PCS BRASS CHANTHANA PIYALI 0 GUL .,13
Brass Chanthana Piyali 1 GUL PCS,BRASS CHANTHANA PIYALI 1 GUL .,741999,Brass Chanthana Piyali 1 GUL PCS BRASS CHANTHANA PIYALI 1 GUL .,13
Brass Chanthana Piyali 2 GUL PCS,BRASS CHANTHANA PIYALI 2 GUL .,741999,Brass Chanthana Piyali 2 GUL PCS BRASS CHANTHANA PIYALI 2 GUL .,13
Brass Chanthana Piyali 3 GUL PCS,BRASS CHANTHANA PIYALI 3 GUL .,741999,Brass Chanthana Piyali 3 GUL PCS BRASS CHANTHANA PIYALI 3 GUL .,13
Brass Chanthana Piyali 4 GUL PCS,BRASS CHANTHANA PIYALI 4 GUL .,741999,Brass Chanthana Piyali 4 GUL PCS BRASS CHANTHANA PIYALI 4 GUL .,13
Brass Chanthana Piyali 5 GUL PCS,BRASS CHANTHANA PIYALI 5 GUL .,741999,Brass Chanthana Piyali 5 GUL PCS BRASS CHANTHANA PIYALI 5 GUL .,13
Brass Chembu 0 SHILP PCS,BRASS CHEMBU 0 SHILP .,741810,Brass Chembu 0 SHILP PCS BRASS CHEMBU 0 SHILP .,9
Brass Chembu 00 SHILP PCS,BRASS CHEMBU 00 SHILP .,741810,Brass Chembu 00 SHILP PCS BRASS CHEMBU 00 SHILP .,9
Brass Chembu 1 SHILP PCS,BRASS CHEMBU 1 SHILP .,741810,Brass Chembu 1 SHILP PCS BRASS CHEMBU 1 SHILP .,9
Brass Chembu 2 SHILP PCS,BRASS CHEMBU 2 SHILP .,741810,Brass Chembu 2 SHILP PCS BRASS CHEMBU 2 SHILP .,9
Brass Chembu 5 SHILP PCS,BRASS CHEMBU 5 SHILP .,741810,Brass Chembu 5 SHILP PCS BRASS CHEMBU 5 SHILP .,9
Brass Chembu 6 SHILP PCS,BRASS CHEMBU 6 SHILP .,741810,Brass Chembu 6 SHILP PCS BRASS CHEMBU 6 SHILP .,9
Brass Cross C/S 1 ADV PCS,BRASS CROSS C/S 1 ADV .,741999,Brass Cross C/S 1 ADV PCS BRASS CROSS C/S 1 ADV .,13
Brass Cross C/S 2 ADV PCS,BRASS CROSS C/S 2 ADV .,741999,Brass Cross C/S 2 ADV PCS BRASS CROSS C/S 2 ADV .,13
Brass Cross C/S 3 ADV PCS,BRASS CROSS C/S 3 ADV .,741999,Brass Cross C/S 3 ADV PCS BRASS CROSS C/S 3 ADV .,13
Brass Cross C/S 4 ADV PCS,BRASS CROSS C/S 4 ADV .,741999,Brass Cross C/S 4 ADV PCS BRASS CROSS C/S 4 ADV .,13
BRASS DABARA SET SROJ PCS,BRASS DABARA SET SROJ .,74181010,BRASS DABARA SET SROJ PCS BRASS DABARA SET SROJ .,24
Brass Dancing Peacock 10 SHILP PCS,BRASS DANCING PEACOCK 10 SHILP .,741810,Brass Dancing Peacock 10 SHILP PCS BRASS DANCING PEACOCK 10 SHILP .,9
Brass Dancing Peacock 4 SHILP PCS,BRASS DANCING PEACOCK 4 SHILP .,741810,Brass Dancing Peacock 4 SHILP PCS BRASS DANCING PEACOCK 4 SHILP .,9
Brass Dancing Peacock 6 SHILP PCS,BRASS DANCING PEACOCK 6 SHILP .,741810,Brass Dancing Peacock 6 SHILP PCS BRASS DANCING PEACOCK 6 SHILP .,9
Brass Dancing peacock-8 SHLP PCS,BRASS DANCING PEACOCK-8 SHLP .,74181010,Brass Dancing peacock-8 SHLP PCS BRASS DANCING PEACOCK-8 SHLP .,24
Brass Desert Spoon GUL PCS,BRASS DESERT SPOON GUL .,74181010,Brass Desert Spoon GUL PCS BRASS DESERT SPOON GUL .,24
BRASS DHALL 16 AMRM PCS,BRASS DHALL 16 AMRM .,741999,BRASS DHALL 16 AMRM PCS BRASS DHALL 16 AMRM .,13
Brass Dhoop Arti 2 AMRM PCS,BRASS DHOOP ARTI 2 AMRM .,741999,Brass Dhoop Arti 2 AMRM PCS BRASS DHOOP ARTI 2 AMRM .,13
Brass Dibi White Beeds 1 ADV PCS,BRASS DIBI WHITE BEEDS 1 ADV .,741999,Brass Dibi White Beeds 1 ADV PCS BRASS DIBI WHITE BEEDS 1 ADV .,13
Brass Dibi White Beeds 2 ADV PCS,BRASS DIBI WHITE BEEDS 2 ADV .,741999,Brass Dibi White Beeds 2 ADV PCS BRASS DIBI WHITE BEEDS 2 ADV .,13
Brass Dibi White Beeds 3 ADV PCS,BRASS DIBI WHITE BEEDS 3 ADV .,741999,Brass Dibi White Beeds 3 ADV PCS BRASS DIBI WHITE BEEDS 3 ADV .,13
Brass Fancy Deep Bharath No.10 PCS,BRASS FANCY DEEP BHARATH NO.10 .,74181010,Brass Fancy Deep Bharath No.10 PCS BRASS FANCY DEEP BHARATH NO.10 .,24
Brass Fancy Deep Bharath No.12 PCS,BRASS FANCY DEEP BHARATH NO.12 .,74181010,Brass Fancy Deep Bharath No.12 PCS BRASS FANCY DEEP BHARATH NO.12 .,24
Brass Fancy Deep Bharath No.14 PCS,BRASS FANCY DEEP BHARATH NO.14 .,74181010,Brass Fancy Deep Bharath No.14 PCS BRASS FANCY DEEP BHARATH NO.14 .,24
Brass Fancy Lota 0 SS PCS,BRASS FANCY LOTA 0 SS .,741999,Brass Fancy Lota 0 SS PCS BRASS FANCY LOTA 0 SS .,13
Brass Fancy Lota 1 SS PCS,BRASS FANCY LOTA 1 SS .,741999,Brass Fancy Lota 1 SS PCS BRASS FANCY LOTA 1 SS .,13
Brass Fancy Lota 2 SS PSC,BRASS FANCY LOTA 2 SS PSC,741999,Brass Fancy Lota 2 SS PSC BRASS FANCY LOTA 2 SS PSC,13
Brass Fancy Lota 3 SS PCS,BRASS FANCY LOTA 3 SS .,741999,Brass Fancy Lota 3 SS PCS BRASS FANCY LOTA 3 SS .,13
Brass Fancy Lota 4 SS PCS,BRASS FANCY LOTA 4 SS .,741999,Brass Fancy Lota 4 SS PCS BRASS FANCY LOTA 4 SS .,13
Brass Fancy Pukudai HAR PCS,BRASS FANCY PUKUDAI HAR .,741810,Brass Fancy Pukudai HAR PCS BRASS FANCY PUKUDAI HAR .,9
Brass Ganesh Mugham kart PCS,BRASS GANESH MUGHAM KART .,74181010,Brass Ganesh Mugham kart PCS BRASS GANESH MUGHAM KART .,24
BRASS GLASS RSH PCS,BRASS GLASS RSH .,74181010,BRASS GLASS RSH PCS BRASS GLASS RSH .,24
BRASS GLASS BEDABI SS PCS,BRASS GLASS BEDABI SS .,741810,BRASS GLASS BEDABI SS PCS BRASS GLASS BEDABI SS .,9
Brass Glass Circle PCS,BRASS GLASS CIRCLE .,74198030,Brass Glass Circle PCS BRASS GLASS CIRCLE .,28
Brass Glass Dora SS PCS,BRASS GLASS DORA SS .,741999,Brass Glass Dora SS PCS BRASS GLASS DORA SS .,13
BRASS GLASS ENG-1-Small GUL PCS,BRASS GLASS ENG-1-SMALL GUL .,741910,BRASS GLASS ENG-1-Small GUL PCS BRASS GLASS ENG-1-SMALL GUL .,11
BRASS GLASS ENG-2 SMALL GUL PCS,BRASS GLASS ENG-2 SMALL GUL .,741910,BRASS GLASS ENG-2 SMALL GUL PCS BRASS GLASS ENG-2 SMALL GUL .,11
BRASS GLASS ENG-3 SMALL GUL PCS,BRASS GLASS ENG-3 SMALL GUL .,741910,BRASS GLASS ENG-3 SMALL GUL PCS BRASS GLASS ENG-3 SMALL GUL .,11
Brass Glass Half Square - RSH PCS,BRASS GLASS HALF SQUARE - RSH .,74198030,Brass Glass Half Square - RSH PCS BRASS GLASS HALF SQUARE - RSH .,28
Brass Glass Lemon - RSH PCS,BRASS GLASS LEMON - RSH .,74198030,Brass Glass Lemon - RSH PCS BRASS GLASS LEMON - RSH .,28
BRASS GLASS PLAIN-1.Small GUL PCS,BRASS GLASS PLAIN-1.SMALL GUL .,741910,BRASS GLASS PLAIN-1.Small GUL PCS BRASS GLASS PLAIN-1.SMALL GUL .,11
BRASS GLASS PLAIN-2.Small GUL PCS,BRASS GLASS PLAIN-2.SMALL GUL .,741910,BRASS GLASS PLAIN-2.Small GUL PCS BRASS GLASS PLAIN-2.SMALL GUL .,11
BRASS GLASS PLAIN-3.Small GUL PCS,BRASS GLASS PLAIN-3.SMALL GUL .,741910,BRASS GLASS PLAIN-3.Small GUL PCS BRASS GLASS PLAIN-3.SMALL GUL .,11
Brass Glass Salaider SS PCS,BRASS GLASS SALAIDER SS .,741999,Brass Glass Salaider SS PCS BRASS GLASS SALAIDER SS .,13
Brass Gulab Arthi spl-1 SAKT PCS,BRASS GULAB ARTHI SPL-1 SAKT .,741999,Brass Gulab Arthi spl-1 SAKT PCS BRASS GULAB ARTHI SPL-1 SAKT .,13
Brass Gulab Arthi spl-3 SAKT PCS,BRASS GULAB ARTHI SPL-3 SAKT .,741999,Brass Gulab Arthi spl-3 SAKT PCS BRASS GULAB ARTHI SPL-3 SAKT .,13
Brass Gulab Arthi spl-4 SAKT PCS,BRASS GULAB ARTHI SPL-4 SAKT .,741999,Brass Gulab Arthi spl-4 SAKT PCS BRASS GULAB ARTHI SPL-4 SAKT .,13
Brass Gulab Deep 4 DHIN PCS,BRASS GULAB DEEP 4 DHIN .,741999,Brass Gulab Deep 4 DHIN PCS BRASS GULAB DEEP 4 DHIN .,13
Brass Gulab Deep No.0 DHIN PCS,BRASS GULAB DEEP NO.0 DHIN .,741999,Brass Gulab Deep No.0 DHIN PCS BRASS GULAB DEEP NO.0 DHIN .,13
Brass Hole Pipe Butti KART PCS,BRASS HOLE PIPE BUTTI KART .,74181010,Brass Hole Pipe Butti KART PCS BRASS HOLE PIPE BUTTI KART .,24
Brass Jali kattora 6 GUL PCS,BRASS JALI KATTORA 6 GUL .,741999,Brass Jali kattora 6 GUL PCS BRASS JALI KATTORA 6 GUL .,13
Brass Kamakshi Gaja Laxmi 1 SAKT PCS,BRASS KAMAKSHI GAJA LAXMI 1 SAKT .,741999,Brass Kamakshi Gaja Laxmi 1 SAKT PCS BRASS KAMAKSHI GAJA LAXMI 1 SAKT .,13
Brass Kamakshi Gold -16 SAKT PCS,BRASS KAMAKSHI GOLD -16 SAKT .,741999,Brass Kamakshi Gold -16 SAKT PCS BRASS KAMAKSHI GOLD -16 SAKT .,13
Brass Kamakshi Gold -20 SAKT PCS,BRASS KAMAKSHI GOLD -20 SAKT .,741999,Brass Kamakshi Gold -20 SAKT PCS BRASS KAMAKSHI GOLD -20 SAKT .,13
Brass Kamakshi Gold -30 SAKT PCS,BRASS KAMAKSHI GOLD -30 SAKT .,741999,Brass Kamakshi Gold -30 SAKT PCS BRASS KAMAKSHI GOLD -30 SAKT .,13
BRASS KAMAL BOWL 3 SS PCS,BRASS KAMAL BOWL 3 SS .,741999,BRASS KAMAL BOWL 3 SS PCS BRASS KAMAL BOWL 3 SS .,13
BRASS KAMAL BOWL 4 SS PCS,BRASS KAMAL BOWL 4 SS .,741999,BRASS KAMAL BOWL 4 SS PCS BRASS KAMAL BOWL 4 SS .,13
BRASS KAMAL BOWL 5 SS PCS,BRASS KAMAL BOWL 5 SS .,741999,BRASS KAMAL BOWL 5 SS PCS BRASS KAMAL BOWL 5 SS .,13
BRASS KAMAL BOWL 6 SS PCS,BRASS KAMAL BOWL 6 SS .,741999,BRASS KAMAL BOWL 6 SS PCS BRASS KAMAL BOWL 6 SS .,13
Brass Kamal Bowl Deep 1 DHIN PCS,BRASS KAMAL BOWL DEEP 1 DHIN .,741999,Brass Kamal Bowl Deep 1 DHIN PCS BRASS KAMAL BOWL DEEP 1 DHIN .,13
Brass Kamal Bowl Deep 2 DHIN PCS,BRASS KAMAL BOWL DEEP 2 DHIN .,741999,Brass Kamal Bowl Deep 2 DHIN PCS BRASS KAMAL BOWL DEEP 2 DHIN .,13
Brass Kamal Bowl Deep 3 DHIN PCS,BRASS KAMAL BOWL DEEP 3 DHIN .,741999,Brass Kamal Bowl Deep 3 DHIN PCS BRASS KAMAL BOWL DEEP 3 DHIN .,13
Brass Kamal Bowl Deep 4 DHIN PCS,BRASS KAMAL BOWL DEEP 4 DHIN .,741999,Brass Kamal Bowl Deep 4 DHIN PCS BRASS KAMAL BOWL DEEP 4 DHIN .,13
Brass Kamal Bowl Stand Deep 1 DHIN PCS,BRASS KAMAL BOWL STAND DEEP 1 DHIN .,741999,Brass Kamal Bowl Stand Deep 1 DHIN PCS BRASS KAMAL BOWL STAND DEEP 1 DHIN .,13
Brass Kamal Bowl Stand Seep 2 DHIN PCS,BRASS KAMAL BOWL STAND SEEP 2 DHIN .,741999,Brass Kamal Bowl Stand Seep 2 DHIN PCS BRASS KAMAL BOWL STAND SEEP 2 DHIN .,13
Brass Kamal Bowl Stand Seep 3 DHIN PCS,BRASS KAMAL BOWL STAND SEEP 3 DHIN .,741999,Brass Kamal Bowl Stand Seep 3 DHIN PCS BRASS KAMAL BOWL STAND SEEP 3 DHIN .,13
Brass Kamal Bowl Stand Seep 4 DHIN PCS,BRASS KAMAL BOWL STAND SEEP 4 DHIN .,741999,Brass Kamal Bowl Stand Seep 4 DHIN PCS BRASS KAMAL BOWL STAND SEEP 4 DHIN .,13
Brass Kamal Bowl Stand Seep 5 DHIN PCS,BRASS KAMAL BOWL STAND SEEP 5 DHIN .,741999,Brass Kamal Bowl Stand Seep 5 DHIN PCS BRASS KAMAL BOWL STAND SEEP 5 DHIN .,13
Brass Kamal Stand 3 NMIT PCS,BRASS KAMAL STAND 3 NMIT .,741999,Brass Kamal Stand 3 NMIT PCS BRASS KAMAL STAND 3 NMIT .,13
BRASS KARA KORI -1 UNIQ PCS,BRASS KARA KORI -1 UNIQ .,74181010,BRASS KARA KORI -1 UNIQ PCS BRASS KARA KORI -1 UNIQ .,24
Brass Kara Kori 2 UNIQ PCS,BRASS KARA KORI 2 UNIQ .,74181010,Brass Kara Kori 2 UNIQ PCS BRASS KARA KORI 2 UNIQ .,24
Brass Kara Kori 3 UNIQ. PCS,BRASS KARA KORI 3 UNIQ. .,74181010,Brass Kara Kori 3 UNIQ. PCS BRASS KARA KORI 3 UNIQ. .,24
Brass Kara Kori 4 UNIQ PCS,BRASS KARA KORI 4 UNIQ .,74181010,Brass Kara Kori 4 UNIQ PCS BRASS KARA KORI 4 UNIQ .,24
Brass karumbu kamakshi MRC PCS,BRASS KARUMBU KAMAKSHI MRC .,74181010,Brass karumbu kamakshi MRC PCS BRASS KARUMBU KAMAKSHI MRC .,24
Brass Kattori Apple PCS,BRASS KATTORI APPLE .,74181010,Brass Kattori Apple PCS BRASS KATTORI APPLE .,24
Brass Kattori Kumkum PCS,BRASS KATTORI KUMKUM .,74181010,Brass Kattori Kumkum PCS BRASS KATTORI KUMKUM .,24
Brass Kaveri Chembu 0 POP PCS,BRASS KAVERI CHEMBU 0 POP .,74181010,Brass Kaveri Chembu 0 POP PCS BRASS KAVERI CHEMBU 0 POP .,24
Brass Kaveri Chembu 00 POP PCS,BRASS KAVERI CHEMBU 00 POP .,74181010,Brass Kaveri Chembu 00 POP PCS BRASS KAVERI CHEMBU 00 POP .,24
Brass Kaveri Chembu 1 POP PCS,BRASS KAVERI CHEMBU 1 POP .,74181010,Brass Kaveri Chembu 1 POP PCS BRASS KAVERI CHEMBU 1 POP .,24
Brass Kaveri Chembu 2 POP PCS,BRASS KAVERI CHEMBU 2 POP .,74181010,Brass Kaveri Chembu 2 POP PCS BRASS KAVERI CHEMBU 2 POP .,24
Brass Kaveri Chembu 3 POP PCS,BRASS KAVERI CHEMBU 3 POP .,74181010,Brass Kaveri Chembu 3 POP PCS BRASS KAVERI CHEMBU 3 POP .,24
Brass Kaveri Chembu 4 POP PCS,BRASS KAVERI CHEMBU 4 POP .,74181010,Brass Kaveri Chembu 4 POP PCS BRASS KAVERI CHEMBU 4 POP .,24
BRASS KAWERI SHEMBHU-0 SROJ PCS,BRASS KAWERI SHEMBHU-0 SROJ .,74181010,BRASS KAWERI SHEMBHU-0 SROJ PCS BRASS KAWERI SHEMBHU-0 SROJ .,24
BRASS KAWERI SHEMBHU-00 SROJ PCS,BRASS KAWERI SHEMBHU-00 SROJ .,74181010,BRASS KAWERI SHEMBHU-00 SROJ PCS BRASS KAWERI SHEMBHU-00 SROJ .,24
BRASS KAWERI SHEMBHU-000 SROJ PCS,BRASS KAWERI SHEMBHU-000 SROJ .,74181010,BRASS KAWERI SHEMBHU-000 SROJ PCS BRASS KAWERI SHEMBHU-000 SROJ .,24
BRASS KAWERI SHEMBHU-1 SROJ PCS,BRASS KAWERI SHEMBHU-1 SROJ .,74181010,BRASS KAWERI SHEMBHU-1 SROJ PCS BRASS KAWERI SHEMBHU-1 SROJ .,24
BRASS KAWERI SHEMBHU-2 SROJ PCS,BRASS KAWERI SHEMBHU-2 SROJ .,74181010,BRASS KAWERI SHEMBHU-2 SROJ PCS BRASS KAWERI SHEMBHU-2 SROJ .,24
BRASS KAWERI SHEMBHU-3 SROJ PCS,BRASS KAWERI SHEMBHU-3 SROJ .,74181010,BRASS KAWERI SHEMBHU-3 SROJ PCS BRASS KAWERI SHEMBHU-3 SROJ .,24
BRASS KAWERI SHEMBHU-4 SROJ PCS,BRASS KAWERI SHEMBHU-4 SROJ .,74181010,BRASS KAWERI SHEMBHU-4 SROJ PCS BRASS KAWERI SHEMBHU-4 SROJ .,24
BRASS KAWERI SHEMBHU-5 SROJ PCS,BRASS KAWERI SHEMBHU-5 SROJ .,74181010,BRASS KAWERI SHEMBHU-5 SROJ PCS BRASS KAWERI SHEMBHU-5 SROJ .,24
BRASS KAWERI SHEMBHU-6 SROJ PCS,BRASS KAWERI SHEMBHU-6 SROJ .,74181010,BRASS KAWERI SHEMBHU-6 SROJ PCS BRASS KAWERI SHEMBHU-6 SROJ .,24
BRASS KAWERI SHEMBHU-7 SROJ PCS,BRASS KAWERI SHEMBHU-7 SROJ .,74181010,BRASS KAWERI SHEMBHU-7 SROJ PCS BRASS KAWERI SHEMBHU-7 SROJ .,24
Brass keral fancy vilak L/W -9 SAKT PCS,BRASS KERAL FANCY VILAK L/W -9 SAKT .,741999,Brass keral fancy vilak L/W -9 SAKT PCS BRASS KERAL FANCY VILAK L/W -9 SAKT .,13
Brass keral fancy vilak M -9 SAKT PCS,BRASS KERAL FANCY VILAK M -9 SAKT .,741999,Brass keral fancy vilak M -9 SAKT PCS BRASS KERAL FANCY VILAK M -9 SAKT .,13
Brass kerala deep -14 SAKT PCS,BRASS KERALA DEEP -14 SAKT .,741999,Brass kerala deep -14 SAKT PCS BRASS KERALA DEEP -14 SAKT .,13
Brass kerala deep -18 SAKT PCS,BRASS KERALA DEEP -18 SAKT .,741999,Brass kerala deep -18 SAKT PCS BRASS KERALA DEEP -18 SAKT .,13
Brass Kerala Fancy Vilakku L/W 3 GUL PCS,BRASS KERALA FANCY VILAKKU L/W 3 GUL .,741999,Brass Kerala Fancy Vilakku L/W 3 GUL PCS BRASS KERALA FANCY VILAKKU L/W 3 GUL .,13
Brass Kerala Fancy Vilakku L/W 4 GUL PCS,BRASS KERALA FANCY VILAKKU L/W 4 GUL .,741999,Brass Kerala Fancy Vilakku L/W 4 GUL PCS BRASS KERALA FANCY VILAKKU L/W 4 GUL .,13
Brass Kerala Fancy Vilakku L/W 5 GUL PCS,BRASS KERALA FANCY VILAKKU L/W 5 GUL .,741999,Brass Kerala Fancy Vilakku L/W 5 GUL PCS BRASS KERALA FANCY VILAKKU L/W 5 GUL .,13
Brass Kerala Fancy Vilakku L/W 6 GUL PCS,BRASS KERALA FANCY VILAKKU L/W 6 GUL .,741999,Brass Kerala Fancy Vilakku L/W 6 GUL PCS BRASS KERALA FANCY VILAKKU L/W 6 GUL .,13
Brass Kerala Fancy Vilakku L/W 7 GUL PCS,BRASS KERALA FANCY VILAKKU L/W 7 GUL .,741999,Brass Kerala Fancy Vilakku L/W 7 GUL PCS BRASS KERALA FANCY VILAKKU L/W 7 GUL .,13
Brass Kerala Fancy Vilakku L/W 8 GUL PCS,BRASS KERALA FANCY VILAKKU L/W 8 GUL .,741999,Brass Kerala Fancy Vilakku L/W 8 GUL PCS BRASS KERALA FANCY VILAKKU L/W 8 GUL .,13
Brass Kerala Fancy Vilakku L/W 9 GUL PCS,BRASS KERALA FANCY VILAKKU L/W 9 GUL .,741999,Brass Kerala Fancy Vilakku L/W 9 GUL PCS BRASS KERALA FANCY VILAKKU L/W 9 GUL .,13
BRASS KINDI-0 K.H PCS,BRASS KINDI-0 K.H .,74181010,BRASS KINDI-0 K.H PCS BRASS KINDI-0 K.H .,24
BRASS KINDI 0 ADV PCS,BRASS KINDI 0 ADV .,741999,BRASS KINDI 0 ADV PCS BRASS KINDI 0 ADV .,13
BRASS KINDI 00 ADV PCS,BRASS KINDI 00 ADV .,741999,BRASS KINDI 00 ADV PCS BRASS KINDI 00 ADV .,13
BRASS KINDI 0000 ADV PCS,BRASS KINDI 0000 ADV .,741999,BRASS KINDI 0000 ADV PCS BRASS KINDI 0000 ADV .,13
Brass Kuber Chakkra Deep UNIQ PCS,BRASS KUBER CHAKKRA DEEP UNIQ .,74181010,Brass Kuber Chakkra Deep UNIQ PCS BRASS KUBER CHAKKRA DEEP UNIQ .,24
Brass Kuber dhanalaxmi -0 SAKT PCS,BRASS KUBER DHANALAXMI -0 SAKT .,741999,Brass Kuber dhanalaxmi -0 SAKT PCS BRASS KUBER DHANALAXMI -0 SAKT .,13
Brass Kuber dhanalaxmi -1 SAKT PCS,BRASS KUBER DHANALAXMI -1 SAKT .,741999,Brass Kuber dhanalaxmi -1 SAKT PCS BRASS KUBER DHANALAXMI -1 SAKT .,13
Brass Kuber Gaja Laxmi 0 SAKT PCS,BRASS KUBER GAJA LAXMI 0 SAKT .,741999,Brass Kuber Gaja Laxmi 0 SAKT PCS BRASS KUBER GAJA LAXMI 0 SAKT .,13
Brass Kuber Gaja Laxmi 1 SAKT PCS,BRASS KUBER GAJA LAXMI 1 SAKT .,741999,Brass Kuber Gaja Laxmi 1 SAKT PCS BRASS KUBER GAJA LAXMI 1 SAKT .,13
Brass Kuber Sanku Deep UNIQ PCS,BRASS KUBER SANKU DEEP UNIQ .,74181010,Brass Kuber Sanku Deep UNIQ PCS BRASS KUBER SANKU DEEP UNIQ .,24
Brass Kuber SNT Vilakku 1 SAKT PCS,BRASS KUBER SNT VILAKKU 1 SAKT .,741999,Brass Kuber SNT Vilakku 1 SAKT PCS BRASS KUBER SNT VILAKKU 1 SAKT .,13
Brass Kuber SNT Vilakku 0 SAKT PCS,BRASS KUBER SNT VILAKKU 0 SAKT .,741999,Brass Kuber SNT Vilakku 0 SAKT PCS BRASS KUBER SNT VILAKKU 0 SAKT .,13
Brass Kuber Stand 0 UNIQ PCS,BRASS KUBER STAND 0 UNIQ .,74181010,Brass Kuber Stand 0 UNIQ PCS BRASS KUBER STAND 0 UNIQ .,24
Brass Kuber Stand 1 UNIQ PCS-KRS1,BRASS KUBER STAND 1 UNIQ .-KRS1,74181010,Brass Kuber Stand 1 UNIQ PCS-KRS1 BRASS KUBER STAND 1 UNIQ .-KRS1,24
BRASS KUBER STAND 1 UNIQ PCS-KSR1,BRASS KUBER STAND 1 UNIQ .-KSR1,74181010,BRASS KUBER STAND 1 UNIQ PCS-KSR1 BRASS KUBER STAND 1 UNIQ .-KSR1,24
Brass Kuber Stand 2 UNIQ PCS,BRASS KUBER STAND 2 UNIQ .,74181010,Brass Kuber Stand 2 UNIQ PCS BRASS KUBER STAND 2 UNIQ .,24
Brass Kuber Stand 3 UNIQ PCS,BRASS KUBER STAND 3 UNIQ .,74181010,Brass Kuber Stand 3 UNIQ PCS BRASS KUBER STAND 3 UNIQ .,24
Brass Kuber Stand 4 UNIQ PCS,BRASS KUBER STAND 4 UNIQ .,74181010,Brass Kuber Stand 4 UNIQ PCS BRASS KUBER STAND 4 UNIQ .,24
Brass Kuber Stand 5 UNIQ PCS,BRASS KUBER STAND 5 UNIQ .,74181010,Brass Kuber Stand 5 UNIQ PCS BRASS KUBER STAND 5 UNIQ .,24
Brass Kubera Asta Lexmi Vilakku 0 SAKT PCS,BRASS KUBERA ASTA LEXMI VILAKKU 0 SAKT .,741999,Brass Kubera Asta Lexmi Vilakku 0 SAKT PCS BRASS KUBERA ASTA LEXMI VILAKKU 0 SAKT .,13
Brass Kubera Asta Lexmi Vilakku 1 SAKT PCS,BRASS KUBERA ASTA LEXMI VILAKKU 1 SAKT .,741999,Brass Kubera Asta Lexmi Vilakku 1 SAKT PCS BRASS KUBERA ASTA LEXMI VILAKKU 1 SAKT .,13
Brass kurum Arthi - 1 SAKT PCS,BRASS KURUM ARTHI - 1 SAKT .,741999,Brass kurum Arthi - 1 SAKT PCS BRASS KURUM ARTHI - 1 SAKT .,13
Brass Lakshmi Kubera Deep 1 Coin KART PCS,BRASS LAKSHMI KUBERA DEEP 1 COIN KART .,74181010,Brass Lakshmi Kubera Deep 1 Coin KART PCS BRASS LAKSHMI KUBERA DEEP 1 COIN KART .,24
Brass Lakshmi Kubera Deep 8 Coin KART PCS,BRASS LAKSHMI KUBERA DEEP 8 COIN KART .,74181010,Brass Lakshmi Kubera Deep 8 Coin KART PCS BRASS LAKSHMI KUBERA DEEP 8 COIN KART .,24
Brass Lakshmi Kubera Deep 9 Coin KART PCS,BRASS LAKSHMI KUBERA DEEP 9 COIN KART .,74181010,Brass Lakshmi Kubera Deep 9 Coin KART PCS BRASS LAKSHMI KUBERA DEEP 9 COIN KART .,24
Brass Lakshmi Mugham 5 kart PCS,BRASS LAKSHMI MUGHAM 5 KART .,74181010,Brass Lakshmi Mugham 5 kart PCS BRASS LAKSHMI MUGHAM 5 KART .,24
Brass Lakshmi Mugham 7 kart PCS,BRASS LAKSHMI MUGHAM 7 KART .,74181010,Brass Lakshmi Mugham 7 kart PCS BRASS LAKSHMI MUGHAM 7 KART .,24
Brass Lakshmi Mugham 9 kart PCS,BRASS LAKSHMI MUGHAM 9 KART .,74181010,Brass Lakshmi Mugham 9 kart PCS BRASS LAKSHMI MUGHAM 9 KART .,24
BRASS LOTA -0 UNIQ PCS,BRASS LOTA -0 UNIQ .,74181010,BRASS LOTA -0 UNIQ PCS BRASS LOTA -0 UNIQ .,24
BRASS LOTA -1 UNIQ PCS,BRASS LOTA -1 UNIQ .,74181010,BRASS LOTA -1 UNIQ PCS BRASS LOTA -1 UNIQ .,24
BRASS LOTA -2 UNIQ PCS,BRASS LOTA -2 UNIQ .,74181010,BRASS LOTA -2 UNIQ PCS BRASS LOTA -2 UNIQ .,24
BRASS LOTA -3 UNIQ PCS,BRASS LOTA -3 UNIQ .,74181010,BRASS LOTA -3 UNIQ PCS BRASS LOTA -3 UNIQ .,24
BRASS LOTA -4 UNIQ PCS,BRASS LOTA -4 UNIQ .,74181010,BRASS LOTA -4 UNIQ PCS BRASS LOTA -4 UNIQ .,24
BRASS LOTTA 7 (Montha) SNGHL PCS,BRASS LOTTA 7 (MONTHA) SNGHL .,74181010,BRASS LOTTA 7 (Montha) SNGHL PCS BRASS LOTTA 7 (MONTHA) SNGHL .,24
Brass Lotta Nakshi 10 - RSH PCS,BRASS LOTTA NAKSHI 10 - RSH .,74198030,Brass Lotta Nakshi 10 - RSH PCS BRASS LOTTA NAKSHI 10 - RSH .,28
Brass Lotta Nakshi 7 RSH PCS,BRASS LOTTA NAKSHI 7 RSH .,74199930,Brass Lotta Nakshi 7 RSH PCS BRASS LOTTA NAKSHI 7 RSH .,29
Brass Lotta Nakshi 8 - RSH PCS,BRASS LOTTA NAKSHI 8 - RSH .,74198030,Brass Lotta Nakshi 8 - RSH PCS BRASS LOTTA NAKSHI 8 - RSH .,28
Brass Lotus Basket Big KART PCS,BRASS LOTUS BASKET BIG KART .,74181010,Brass Lotus Basket Big KART PCS BRASS LOTUS BASKET BIG KART .,24
Brass Lotus Basket Small KART PCS,BRASS LOTUS BASKET SMALL KART .,74181010,Brass Lotus Basket Small KART PCS BRASS LOTUS BASKET SMALL KART .,24
Brass Madan Mugham 12 kart PCS,BRASS MADAN MUGHAM 12 KART .,74181010,Brass Madan Mugham 12 kart PCS BRASS MADAN MUGHAM 12 KART .,24
Brass Madan Mugham 9 kart PCS,BRASS MADAN MUGHAM 9 KART .,74181010,Brass Madan Mugham 9 kart PCS BRASS MADAN MUGHAM 9 KART .,24
Brass Naga Amman 12 kart PCS,BRASS NAGA AMMAN 12 KART .,74181010,Brass Naga Amman 12 kart PCS BRASS NAGA AMMAN 12 KART .,24
Brass Naga Amman 5 kart PCS,BRASS NAGA AMMAN 5 KART .,74181010,Brass Naga Amman 5 kart PCS BRASS NAGA AMMAN 5 KART .,24
Brass Naga Amman 7 kart PCS,BRASS NAGA AMMAN 7 KART .,74181010,Brass Naga Amman 7 kart PCS BRASS NAGA AMMAN 7 KART .,24
Brass Naga Amman 9 kart PCS,BRASS NAGA AMMAN 9 KART .,74181010,Brass Naga Amman 9 kart PCS BRASS NAGA AMMAN 9 KART .,24
BRASS OM ROUND MHJN PCS,BRASS OM ROUND MHJN .,74181010,BRASS OM ROUND MHJN PCS BRASS OM ROUND MHJN .,24
Brass Palakat Arthi 1 DHIN PCS,BRASS PALAKAT ARTHI 1 DHIN .,741810,Brass Palakat Arthi 1 DHIN PCS BRASS PALAKAT ARTHI 1 DHIN .,9
Brass Palakat Arthi 2 DHIN PCS,BRASS PALAKAT ARTHI 2 DHIN .,741810,Brass Palakat Arthi 2 DHIN PCS BRASS PALAKAT ARTHI 2 DHIN .,9
BRASS PALAKAT ARTHI 2 SR PCS,BRASS PALAKAT ARTHI 2 SR .,74181010,BRASS PALAKAT ARTHI 2 SR PCS BRASS PALAKAT ARTHI 2 SR .,24
Brass Palakat Arthi 3 DHIN PCS,BRASS PALAKAT ARTHI 3 DHIN .,741999,Brass Palakat Arthi 3 DHIN PCS BRASS PALAKAT ARTHI 3 DHIN .,13
Brass Pan Deep Gold 3 SAKT PCS,BRASS PAN DEEP GOLD 3 SAKT .,741999,Brass Pan Deep Gold 3 SAKT PCS BRASS PAN DEEP GOLD 3 SAKT .,13
Brass Pan Deep Gold 4 SAKT PCS,BRASS PAN DEEP GOLD 4 SAKT .,741999,Brass Pan Deep Gold 4 SAKT PCS BRASS PAN DEEP GOLD 4 SAKT .,13
Brass Pancha Mahal 4 Step SWA PCS,BRASS PANCHA MAHAL 4 STEP SWA .,74181010,Brass Pancha Mahal 4 Step SWA PCS BRASS PANCHA MAHAL 4 STEP SWA .,24
Brass Pancha Pathram 1 GUL PCS,BRASS PANCHA PATHRAM 1 GUL .,741999,Brass Pancha Pathram 1 GUL PCS BRASS PANCHA PATHRAM 1 GUL .,13
Brass Pancha Pathram 2 GUL PCS,BRASS PANCHA PATHRAM 2 GUL .,741999,Brass Pancha Pathram 2 GUL PCS BRASS PANCHA PATHRAM 2 GUL .,13
Brass Panchamahal -1 SAKT PCS,BRASS PANCHAMAHAL -1 SAKT .,741999,Brass Panchamahal -1 SAKT PCS BRASS PANCHAMAHAL -1 SAKT .,13
Brass Panchamahal -2 SAKT PCS,BRASS PANCHAMAHAL -2 SAKT .,741999,Brass Panchamahal -2 SAKT PCS BRASS PANCHAMAHAL -2 SAKT .,13
Brass Pandeep Arti 1 UNIQ PCS,BRASS PANDEEP ARTI 1 UNIQ .,74181010,Brass Pandeep Arti 1 UNIQ PCS BRASS PANDEEP ARTI 1 UNIQ .,24
Brass Pandeep Arti 3 UNIQ PCS,BRASS PANDEEP ARTI 3 UNIQ .,74181010,Brass Pandeep Arti 3 UNIQ PCS BRASS PANDEEP ARTI 3 UNIQ .,24
BRASS PANEER SHEMBHU-10 SROJ PCS,BRASS PANEER SHEMBHU-10 SROJ .,74181010,BRASS PANEER SHEMBHU-10 SROJ PCS BRASS PANEER SHEMBHU-10 SROJ .,24
BRASS PANEER SHEMBHU-12 SROJ PCS,BRASS PANEER SHEMBHU-12 SROJ .,74181010,BRASS PANEER SHEMBHU-12 SROJ PCS BRASS PANEER SHEMBHU-12 SROJ .,24
BRASS PANEER SHEMBHU-14 SROJ PCS,BRASS PANEER SHEMBHU-14 SROJ .,74181010,BRASS PANEER SHEMBHU-14 SROJ PCS BRASS PANEER SHEMBHU-14 SROJ .,24
BRASS PANEER SHEMBHU-8 SROJ PCS,BRASS PANEER SHEMBHU-8 SROJ .,74181010,BRASS PANEER SHEMBHU-8 SROJ PCS BRASS PANEER SHEMBHU-8 SROJ .,24
Brass Para (2)   ZI   PCS,BRASS PARA (2)   ZI,74199930,Brass Para (2)   ZI   PCS BRASS PARA (2)   ZI,29
BRASS PARA 2.5 Z.I PCS,BRASS PARA 2.5 Z.I .,74199930,BRASS PARA 2.5 Z.I PCS BRASS PARA 2.5 Z.I .,29
BRASS PARA 3 ZI PCS,BRASS PARA 3 ZI .,741999,BRASS PARA 3 ZI PCS BRASS PARA 3 ZI .,13
BRASS PEACOCK ARATHY NO.2 PCS,BRASS PEACOCK ARATHY NO.2 .,74181010,BRASS PEACOCK ARATHY NO.2 PCS BRASS PEACOCK ARATHY NO.2 .,24
Brass Phool Deep GUL PCS,BRASS PHOOL DEEP GUL .,741999,Brass Phool Deep GUL PCS BRASS PHOOL DEEP GUL .,13
Brass Pintray Empose 4 GUL PCS,BRASS PINTRAY EMPOSE 4 GUL .,741999,Brass Pintray Empose 4 GUL PCS BRASS PINTRAY EMPOSE 4 GUL .,13
Brass Pintray Empose 5 GUL PCS,BRASS PINTRAY EMPOSE 5 GUL .,741999,Brass Pintray Empose 5 GUL PCS BRASS PINTRAY EMPOSE 5 GUL .,13
Brass Pintray Empose 6 GUL PCS,BRASS PINTRAY EMPOSE 6 GUL .,741999,Brass Pintray Empose 6 GUL PCS BRASS PINTRAY EMPOSE 6 GUL .,13
Brass Pune Deep 0 OMM PCS,BRASS PUNE DEEP 0 OMM .,741810,Brass Pune Deep 0 OMM PCS BRASS PUNE DEEP 0 OMM .,9
Brass Rudrakshi Deep-24 SAKT PCS,BRASS RUDRAKSHI DEEP-24 SAKT .,741999,Brass Rudrakshi Deep-24 SAKT PCS BRASS RUDRAKSHI DEEP-24 SAKT .,13
Brass S.Pot Green Moti 343-1 DHIN PCS,BRASS S.POT GREEN MOTI 343-1 DHIN .,741999,Brass S.Pot Green Moti 343-1 DHIN PCS BRASS S.POT GREEN MOTI 343-1 DHIN .,13
Brass S.Pot Green Moti 343-2 DHIN PCS,BRASS S.POT GREEN MOTI 343-2 DHIN .,741999,Brass S.Pot Green Moti 343-2 DHIN PCS BRASS S.POT GREEN MOTI 343-2 DHIN .,13
Brass S.Pot Green Moti 343-3 DHIN PCS,BRASS S.POT GREEN MOTI 343-3 DHIN .,741999,Brass S.Pot Green Moti 343-3 DHIN PCS BRASS S.POT GREEN MOTI 343-3 DHIN .,13
Brass Sevanali 500 PUJM PCS,BRASS SEVANALI 500 PUJM .,741810,Brass Sevanali 500 PUJM PCS BRASS SEVANALI 500 PUJM .,9
Brass Sevanali 500 Ring KTHYWD PCS,BRASS SEVANALI 500 RING KTHYWD .,74181010,Brass Sevanali 500 Ring KTHYWD PCS BRASS SEVANALI 500 RING KTHYWD .,24
Brass Sevanali 600 PUJM PCS,BRASS SEVANALI 600 PUJM .,74181010,Brass Sevanali 600 PUJM PCS BRASS SEVANALI 600 PUJM .,24
Brass Sevanali 600 Ring KTHYWD PCS,BRASS SEVANALI 600 RING KTHYWD .,74181010,Brass Sevanali 600 Ring KTHYWD PCS BRASS SEVANALI 600 RING KTHYWD .,24
BRASS SEVANALI 700 HMRK PCS,BRASS SEVANALI 700 HMRK .,74181010,BRASS SEVANALI 700 HMRK PCS BRASS SEVANALI 700 HMRK .,24
Brass sevanali angel TRI PCS-B450,BRASS SEVANALI ANGEL TRI .-B450,570390,Brass sevanali angel TRI PCS-B450 BRASS SEVANALI ANGEL TRI .-B450,4
Brass Sevanali ANGEL TRI PCS-B600,BRASS SEVANALI ANGEL TRI .-B600,570390,Brass Sevanali ANGEL TRI PCS-B600 BRASS SEVANALI ANGEL TRI .-B600,4
Brass Sevanali Nurling 800 HRK PCS,BRASS SEVANALI NURLING 800 HRK .,741810,Brass Sevanali Nurling 800 HRK PCS BRASS SEVANALI NURLING 800 HRK .,9
Brass Sevanali Nurling 900 HRK PCS,BRASS SEVANALI NURLING 900 HRK .,74181010,Brass Sevanali Nurling 900 HRK PCS BRASS SEVANALI NURLING 900 HRK .,24
Brass Sevanali Pressing HRK 500 PCS,BRASS SEVANALI PRESSING HRK 500 .,74181010,Brass Sevanali Pressing HRK 500 PCS BRASS SEVANALI PRESSING HRK 500 .,24
Brass Sevanali Pressing HRK 700 PCS,BRASS SEVANALI PRESSING HRK 700 .,74181010,Brass Sevanali Pressing HRK 700 PCS BRASS SEVANALI PRESSING HRK 700 .,24
Brass Sevanali Pressing HRK 900 PCS,BRASS SEVANALI PRESSING HRK 900 .,74181010,Brass Sevanali Pressing HRK 900 PCS BRASS SEVANALI PRESSING HRK 900 .,24
BRASS SEVANALI-CRUZE 400 par PCS,BRASS SEVANALI-CRUZE 400 PAR .,74181010,BRASS SEVANALI-CRUZE 400 par PCS BRASS SEVANALI-CRUZE 400 PAR .,24
BRASS SEVANALI-CRUZE 450 PAR PCS,BRASS SEVANALI-CRUZE 450 PAR .,74181010,BRASS SEVANALI-CRUZE 450 PAR PCS BRASS SEVANALI-CRUZE 450 PAR .,24
BRASS SEVANALI-CRUZE 500 PAR PCS,BRASS SEVANALI-CRUZE 500 PAR .,74181010,BRASS SEVANALI-CRUZE 500 PAR PCS BRASS SEVANALI-CRUZE 500 PAR .,24
BRASS SEVANALI-CRUZE 600 PAR PCS,BRASS SEVANALI-CRUZE 600 PAR .,74181010,BRASS SEVANALI-CRUZE 600 PAR PCS BRASS SEVANALI-CRUZE 600 PAR .,24
BRASS SEVANALI-CRUZE 700 PAR PCS,BRASS SEVANALI-CRUZE 700 PAR .,74181010,BRASS SEVANALI-CRUZE 700 PAR PCS BRASS SEVANALI-CRUZE 700 PAR .,24
Brass Sevnazhi 400 Naks PCS,BRASS SEVNAZHI 400 NAKS .,74181021,Brass Sevnazhi 400 Naks PCS BRASS SEVNAZHI 400 NAKS .,25
Brass Sevnazhi 450 Naks PCS,BRASS SEVNAZHI 450 NAKS .,74181021,Brass Sevnazhi 450 Naks PCS BRASS SEVNAZHI 450 NAKS .,25
Brass Sevnazhi 550 Naks PCS,BRASS SEVNAZHI 550 NAKS .,74181021,Brass Sevnazhi 550 Naks PCS BRASS SEVNAZHI 550 NAKS .,25
Brass Sevnazhi 600 Naks PCS,BRASS SEVNAZHI 600 NAKS .,74181021,Brass Sevnazhi 600 Naks PCS BRASS SEVNAZHI 600 NAKS .,25
Brass Sevnazhi 700 Naks PCS,BRASS SEVNAZHI 700 NAKS .,74181021,Brass Sevnazhi 700 Naks PCS BRASS SEVNAZHI 700 NAKS .,25
BRASS SHEMBHU-10 SROJ PCS,BRASS SHEMBHU-10 SROJ .,74181010,BRASS SHEMBHU-10 SROJ PCS BRASS SHEMBHU-10 SROJ .,24
BRASS SHEMBHU-2 SROJ PCS,BRASS SHEMBHU-2 SROJ .,74181010,BRASS SHEMBHU-2 SROJ PCS BRASS SHEMBHU-2 SROJ .,24
BRASS SHEMBHU-4 SROJ PCS,BRASS SHEMBHU-4 SROJ .,74181010,BRASS SHEMBHU-4 SROJ PCS BRASS SHEMBHU-4 SROJ .,24
BRASS SHEMBHU-6 SROJ PCS,BRASS SHEMBHU-6 SROJ .,74181010,BRASS SHEMBHU-6 SROJ PCS BRASS SHEMBHU-6 SROJ .,24
BRASS SHEMBHU-7 SROJ PCS,BRASS SHEMBHU-7 SROJ .,74181010,BRASS SHEMBHU-7 SROJ PCS BRASS SHEMBHU-7 SROJ .,24
BRASS SHEMBHU-9 SROJ PCS,BRASS SHEMBHU-9 SROJ .,74181010,BRASS SHEMBHU-9 SROJ PCS BRASS SHEMBHU-9 SROJ .,24
Brass Shruvam Set SHLP PCS,BRASS SHRUVAM SET SHLP .,741810,Brass Shruvam Set SHLP PCS BRASS SHRUVAM SET SHLP .,9
Brass Sindoor Pot 336-1 DHIN PCS,BRASS SINDOOR POT 336-1 DHIN .,74181010,Brass Sindoor Pot 336-1 DHIN PCS BRASS SINDOOR POT 336-1 DHIN .,24
Brass Sindoor Pot 336-2 DHIN PCS,BRASS SINDOOR POT 336-2 DHIN .,74181010,Brass Sindoor Pot 336-2 DHIN PCS BRASS SINDOOR POT 336-2 DHIN .,24
Brass Sindoor Pot 336-3 DHIN PCS,BRASS SINDOOR POT 336-3 DHIN .,74181010,Brass Sindoor Pot 336-3 DHIN PCS BRASS SINDOOR POT 336-3 DHIN .,24
Brass Sindoor Pot 340-1 DHIN PCS,BRASS SINDOOR POT 340-1 DHIN .,74181010,Brass Sindoor Pot 340-1 DHIN PCS BRASS SINDOOR POT 340-1 DHIN .,24
Brass Sindoor Pot 340-2 DHIN PCS,BRASS SINDOOR POT 340-2 DHIN .,74181010,Brass Sindoor Pot 340-2 DHIN PCS BRASS SINDOOR POT 340-2 DHIN .,24
Brass Sindoor Pot 340-3 DHIN PCS,BRASS SINDOOR POT 340-3 DHIN .,74181010,Brass Sindoor Pot 340-3 DHIN PCS BRASS SINDOOR POT 340-3 DHIN .,24
Brass Sindoor Pot 341-1 DHIN PCS,BRASS SINDOOR POT 341-1 DHIN .,74181010,Brass Sindoor Pot 341-1 DHIN PCS BRASS SINDOOR POT 341-1 DHIN .,24
Brass Sindoor Pot 341-2 DHIN PCS,BRASS SINDOOR POT 341-2 DHIN .,74181010,Brass Sindoor Pot 341-2 DHIN PCS BRASS SINDOOR POT 341-2 DHIN .,24
Brass Sindoor Pot 341-3 DHIN PCS,BRASS SINDOOR POT 341-3 DHIN .,74181010,Brass Sindoor Pot 341-3 DHIN PCS BRASS SINDOOR POT 341-3 DHIN .,24
Brass Sindoor Pot 342-1 DHIN PCS,BRASS SINDOOR POT 342-1 DHIN .,74181010,Brass Sindoor Pot 342-1 DHIN PCS BRASS SINDOOR POT 342-1 DHIN .,24
Brass Sindoor Pot 342-2 DHIN PCS,BRASS SINDOOR POT 342-2 DHIN .,74181010,Brass Sindoor Pot 342-2 DHIN PCS BRASS SINDOOR POT 342-2 DHIN .,24
Brass Sindoor Pot 342-3 DHIN PCS,BRASS SINDOOR POT 342-3 DHIN .,74181010,Brass Sindoor Pot 342-3 DHIN PCS BRASS SINDOOR POT 342-3 DHIN .,24
BRASS TRISOOLAM 12 RSH PCS,BRASS TRISOOLAM 12 RSH .,74181010,BRASS TRISOOLAM 12 RSH PCS BRASS TRISOOLAM 12 RSH .,24
BRASS TRISOOLAM 4 RSH PCS,BRASS TRISOOLAM 4 RSH .,74181010,BRASS TRISOOLAM 4 RSH PCS BRASS TRISOOLAM 4 RSH .,24
BRASS TRISOOLAM 5 RSH PCS,BRASS TRISOOLAM 5 RSH .,74181010,BRASS TRISOOLAM 5 RSH PCS BRASS TRISOOLAM 5 RSH .,24
BRASS TRISOOLAM 6 RSH PCS,BRASS TRISOOLAM 6 RSH .,74181010,BRASS TRISOOLAM 6 RSH PCS BRASS TRISOOLAM 6 RSH .,24
BRASS TRISOOLAM 9 RSH PCS,BRASS TRISOOLAM 9 RSH .,74181010,BRASS TRISOOLAM 9 RSH PCS BRASS TRISOOLAM 9 RSH .,24
Brass Spl Dancing Ghughroo-12 SLXT PCS,BRASS SPL DANCING GHUGHROO-12 SLXT .,92030010,Brass Spl Dancing Ghughroo-12 SLXT PCS BRASS SPL DANCING GHUGHROO-12 SLXT .,39
Brass Spl Dancing Ghughroo-14 SLXT PCS,BRASS SPL DANCING GHUGHROO-14 SLXT .,92030010,Brass Spl Dancing Ghughroo-14 SLXT PCS BRASS SPL DANCING GHUGHROO-14 SLXT .,39
Brass Spl Dancing Ghughroo-16 SLXT PCS,BRASS SPL DANCING GHUGHROO-16 SLXT .,92030010,Brass Spl Dancing Ghughroo-16 SLXT PCS BRASS SPL DANCING GHUGHROO-16 SLXT .,39
Brass SPL Halwa Plate-4 KART PCS,BRASS SPL HALWA PLATE-4 KART .,74181010,Brass SPL Halwa Plate-4 KART PCS BRASS SPL HALWA PLATE-4 KART .,24
Brass SPL Halwa Plate-5 KART PCS,BRASS SPL HALWA PLATE-5 KART .,74181010,Brass SPL Halwa Plate-5 KART PCS BRASS SPL HALWA PLATE-5 KART .,24
Brass SPL Halwa Plate-6 KART PCS,BRASS SPL HALWA PLATE-6 KART .,74181010,Brass SPL Halwa Plate-6 KART PCS BRASS SPL HALWA PLATE-6 KART .,24
Brass Spl K.Fancy Muruga(Dhanakashi) 10 SAI PCS,BRASS SPL K.FANCY MURUGA(DHANAKASHI) 10 SAI .,741999,Brass Spl K.Fancy Muruga(Dhanakashi) 10 SAI PCS BRASS SPL K.FANCY MURUGA(DHANAKASHI) 10 SAI .,13
Brass Spl K.Fancy Muruga(Dhanakashi) 11 SAI PCS,BRASS SPL K.FANCY MURUGA(DHANAKASHI) 11 SAI .,741999,Brass Spl K.Fancy Muruga(Dhanakashi) 11 SAI PCS BRASS SPL K.FANCY MURUGA(DHANAKASHI) 11 SAI .,13
Brass Spl K.Fancy Muruga(Dhanakashi) 8 SAI PCS,BRASS SPL K.FANCY MURUGA(DHANAKASHI) 8 SAI .,741999,Brass Spl K.Fancy Muruga(Dhanakashi) 8 SAI PCS BRASS SPL K.FANCY MURUGA(DHANAKASHI) 8 SAI .,13
Brass Spl K.Fancy Muruga(Dhanakashi) 9 SAI PCS,BRASS SPL K.FANCY MURUGA(DHANAKASHI) 9 SAI .,741999,Brass Spl K.Fancy Muruga(Dhanakashi) 9 SAI PCS BRASS SPL K.FANCY MURUGA(DHANAKASHI) 9 SAI .,13
BRASS SPOON PCS,BRASS SPOON .,74181010,BRASS SPOON PCS BRASS SPOON .,24
Brass Sudar mugham 12 kart PCS,BRASS SUDAR MUGHAM 12 KART .,74181010,Brass Sudar mugham 12 kart PCS BRASS SUDAR MUGHAM 12 KART .,24
Brass Sudar mugham 5 kart PCS,BRASS SUDAR MUGHAM 5 KART .,74181010,Brass Sudar mugham 5 kart PCS BRASS SUDAR MUGHAM 5 KART .,24
Brass Sudar mugham 7 kart PCS,BRASS SUDAR MUGHAM 7 KART .,74181010,Brass Sudar mugham 7 kart PCS BRASS SUDAR MUGHAM 7 KART .,24
Brass Sudar mugham 9 kart PCS,BRASS SUDAR MUGHAM 9 KART .,74181010,Brass Sudar mugham 9 kart PCS BRASS SUDAR MUGHAM 9 KART .,24
Brass TCR SPL 11  ZI   PCS,BRASS TCR SPL 11  ZI,741999,Brass TCR SPL 11  ZI   PCS BRASS TCR SPL 11  ZI,13
Brass Tea Spoon GUL PCS,BRASS TEA SPOON GUL .,74181010,Brass Tea Spoon GUL PCS BRASS TEA SPOON GUL .,24
Brass Thiri Thoondi 1 KART PCS,BRASS THIRI THOONDI 1 KART .,74181010,Brass Thiri Thoondi 1 KART PCS BRASS THIRI THOONDI 1 KART .,24
Brass Thiri Thoondi 2 KART PCS,BRASS THIRI THOONDI 2 KART .,74181010,Brass Thiri Thoondi 2 KART PCS BRASS THIRI THOONDI 2 KART .,24
BRASS TROLLY INT PCS,BRASS TROLLY INT .,74199930,BRASS TROLLY INT PCS BRASS TROLLY INT .,29
BRASS UDUPI NANDA VILAKKU SS PCS,BRASS UDUPI NANDA VILAKKU SS .,741999,BRASS UDUPI NANDA VILAKKU SS PCS BRASS UDUPI NANDA VILAKKU SS .,13
Brass Veeran Mugham 9 kart PCS,BRASS VEERAN MUGHAM 9 KART .,74181010,Brass Veeran Mugham 9 kart PCS BRASS VEERAN MUGHAM 9 KART .,24
BRASS VEL 12 RSH PCS,BRASS VEL 12 RSH .,74181010,BRASS VEL 12 RSH PCS BRASS VEL 12 RSH .,24
BRASS VEL 4 RSH PCS,BRASS VEL 4 RSH .,74181010,BRASS VEL 4 RSH PCS BRASS VEL 4 RSH .,24
BRASS VEL 5 RSH PCS,BRASS VEL 5 RSH .,74181010,BRASS VEL 5 RSH PCS BRASS VEL 5 RSH .,24
BRASS VEL 6 RSH PCS,BRASS VEL 6 RSH .,74181010,BRASS VEL 6 RSH PCS BRASS VEL 6 RSH .,24
BRASS VEL 9 RSH PCS,BRASS VEL 9 RSH .,74181010,BRASS VEL 9 RSH PCS BRASS VEL 9 RSH .,24
BRS PANEER CHEMPU-10 RSH PCS,BRS PANEER CHEMPU-10 RSH .,74181010,BRS PANEER CHEMPU-10 RSH PCS BRS PANEER CHEMPU-10 RSH .,24
BRS PANEER CHEMPU-12 RSH PCS,BRS PANEER CHEMPU-12 RSH .,74181010,BRS PANEER CHEMPU-12 RSH PCS BRS PANEER CHEMPU-12 RSH .,24
BRS PANEER CHEMPU-14 RSH PCS,BRS PANEER CHEMPU-14 RSH .,74181010,BRS PANEER CHEMPU-14 RSH PCS BRS PANEER CHEMPU-14 RSH .,24
BRS PANEER CHEMPU-16 RSH PCS,BRS PANEER CHEMPU-16 RSH .,74181010,BRS PANEER CHEMPU-16 RSH PCS BRS PANEER CHEMPU-16 RSH .,24
BRS PANEER CHEMPU-8 RSH PCS,BRS PANEER CHEMPU-8 RSH .,74181010,BRS PANEER CHEMPU-8 RSH PCS BRS PANEER CHEMPU-8 RSH .,24
Buddha 1870 SBNH PCS,BUDDHA 1870 SBNH,392640,Buddha 1870 SBNH PCS BUDDHA 1870 SBNH,0
Buddha 1871 SBNH PCS,BUDDHA 1871 SBNH,392640,Buddha 1871 SBNH PCS BUDDHA 1871 SBNH,0
Buddha 1872 SBNH PCS,BUDDHA 1872 SBNH,392640,Buddha 1872 SBNH PCS BUDDHA 1872 SBNH,0
Buddha 1873 SBNH PCS,BUDDHA 1873 SBNH,392640,Buddha 1873 SBNH PCS BUDDHA 1873 SBNH,0
Buddha 1874 SBNH PCS,BUDDHA 1874 SBNH,392640,Buddha 1874 SBNH PCS BUDDHA 1874 SBNH,0
Buddha Copper IHR White Metal LKH PCS,BUDDHA COPPER IHR WHITE METAL LKH .,830621,Buddha Copper IHR White Metal LKH PCS BUDDHA COPPER IHR WHITE METAL LKH .,16
BUNGLE DEEP SPL-4 RSH PCS,BUNGLE DEEP SPL-4 RSH .,74181010,BUNGLE DEEP SPL-4 RSH PCS BUNGLE DEEP SPL-4 RSH .,24
BUNGLE DEEP SPL-5 RSH PCS,BUNGLE DEEP SPL-5 RSH .,74181010,BUNGLE DEEP SPL-5 RSH PCS BUNGLE DEEP SPL-5 RSH .,24
BUNGLE DEEP SPL-6 RSH PCS,BUNGLE DEEP SPL-6 RSH .,74181010,BUNGLE DEEP SPL-6 RSH PCS BUNGLE DEEP SPL-6 RSH .,24
CAMEL GOLDEN White SUB PCS,CAMEL GOLDEN WHITE SUB .,83062120,CAMEL GOLDEN White SUB PCS CAMEL GOLDEN WHITE SUB .,34
CANDLE STAND A RSH PCS,CANDLE STAND A RSH .,74181010,CANDLE STAND A RSH PCS CANDLE STAND A RSH .,24
CANDLE STAND ANGEL RSH PCS,CANDLE STAND ANGEL RSH .,74181010,CANDLE STAND ANGEL RSH PCS CANDLE STAND ANGEL RSH .,24
CANDLE STAND B RSH PCS,CANDLE STAND B RSH .,74181010,CANDLE STAND B RSH PCS CANDLE STAND B RSH .,24
CANDLE STAND JESUS RSH PCS,CANDLE STAND JESUS RSH .,74181010,CANDLE STAND JESUS RSH PCS CANDLE STAND JESUS RSH .,24
CANDLE STAND NECKLESS RSH PCS,CANDLE STAND NECKLESS RSH .,74181010,CANDLE STAND NECKLESS RSH PCS CANDLE STAND NECKLESS RSH .,24
CANDLE STAND SAHAIMATHA RSH PCS,CANDLE STAND SAHAIMATHA RSH .,74181010,CANDLE STAND SAHAIMATHA RSH PCS CANDLE STAND SAHAIMATHA RSH .,24
CANDLE STAND-C PCS,CANDLE STAND-C .,74181010,CANDLE STAND-C PCS CANDLE STAND-C .,24
CANDLE STAND-D PCS,CANDLE STAND-D .,74181010,CANDLE STAND-D PCS CANDLE STAND-D .,24
CANDLE STAND-DANEDER PCS,CANDLE STAND-DANEDER .,74181010,CANDLE STAND-DANEDER PCS CANDLE STAND-DANEDER .,24
CANDLE STAND-E PCS,CANDLE STAND-E .,74181010,CANDLE STAND-E PCS CANDLE STAND-E .,24
CANDLE STAND-LIPAKSHI NEW-2 PCS,CANDLE STAND-LIPAKSHI NEW-2 .,74181010,CANDLE STAND-LIPAKSHI NEW-2 PCS CANDLE STAND-LIPAKSHI NEW-2 .,24
CANDLE STAND-LIPAKSHI NEW-3 PCS,CANDLE STAND-LIPAKSHI NEW-3 .,74181010,CANDLE STAND-LIPAKSHI NEW-3 PCS CANDLE STAND-LIPAKSHI NEW-3 .,24
CANDLE STAND-LIPAKSHI NEW-4 PCS,CANDLE STAND-LIPAKSHI NEW-4 .,74181010,CANDLE STAND-LIPAKSHI NEW-4 PCS CANDLE STAND-LIPAKSHI NEW-4 .,24
CAPSULE TRAY WITH BOWL 3.5 INT PCS,CAPSULE TRAY WITH BOWL 3.5 INT .,74199930,CAPSULE TRAY WITH BOWL 3.5 INT PCS CAPSULE TRAY WITH BOWL 3.5 INT .,29
CHARGER PLATE /602/12 MCBR PCS,CHARGER PLATE /602/12 MCBR .,741999,CHARGER PLATE /602/12 MCBR PCS CHARGER PLATE /602/12 MCBR .,13
CHARGER PLATE /602/8 MCBR PCS,CHARGER PLATE /602/8 MCBR .,741999,CHARGER PLATE /602/8 MCBR PCS CHARGER PLATE /602/8 MCBR .,13
CHIMIL OVAL PLATE POP PCS,CHIMIL OVAL PLATE POP .,74181010,CHIMIL OVAL PLATE POP PCS CHIMIL OVAL PLATE POP .,24
Chimil Rectangular Plate POP PCS,CHIMIL RECTANGULAR PLATE POP .,74181010,Chimil Rectangular Plate POP PCS CHIMIL RECTANGULAR PLATE POP .,24
CHIMIL ROOBY-1 KART PCS,CHIMIL ROOBY-1 KART .,74181010,CHIMIL ROOBY-1 KART PCS CHIMIL ROOBY-1 KART .,24
CHIMIL ROOBY-2 KART PCS,CHIMIL ROOBY-2 KART .,74181010,CHIMIL ROOBY-2 KART PCS CHIMIL ROOBY-2 KART .,24
CHIMIL ROOBY-3 KART PCS,CHIMIL ROOBY-3 KART .,74181010,CHIMIL ROOBY-3 KART PCS CHIMIL ROOBY-3 KART .,24
CHIMIL TIPTOP-3 KRTH PCS,CHIMIL TIPTOP-3 KRTH .,74181010,CHIMIL TIPTOP-3 KRTH PCS CHIMIL TIPTOP-3 KRTH .,24
CHIMIL TIPTOP-4 KRTH PCS,CHIMIL TIPTOP-4 KRTH .,74181010,CHIMIL TIPTOP-4 KRTH PCS CHIMIL TIPTOP-4 KRTH .,24
CHIMINI PAKEEZA NO.1 RSH PCS,CHIMINI PAKEEZA NO.1 RSH .,74181010,CHIMINI PAKEEZA NO.1 RSH PCS CHIMINI PAKEEZA NO.1 RSH .,24
CHIMINI PAKEEZA NO.2 RSH PCS,CHIMINI PAKEEZA NO.2 RSH .,74181010,CHIMINI PAKEEZA NO.2 RSH PCS CHIMINI PAKEEZA NO.2 RSH .,24
CHIMINI PAKEEZA NO.3 RSH PCS,CHIMINI PAKEEZA NO.3 RSH .,74181010,CHIMINI PAKEEZA NO.3 RSH PCS CHIMINI PAKEEZA NO.3 RSH .,24
CHOPPING BOARD 12* 8 DIVI PCS,CHOPPING BOARD 12* 8 DIVI .,44190010,CHOPPING BOARD 12* 8 DIVI PCS CHOPPING BOARD 12* 8 DIVI .,20
Classic Cut Bowl / 816 / 11 MCBR PCS,CLASSIC CUT BOWL / 816 / 11 MCBR .,741999,Classic Cut Bowl / 816 / 11 MCBR PCS CLASSIC CUT BOWL / 816 / 11 MCBR .,13
CLASSIC CUT BOWL /816/10 MCBR PCS,CLASSIC CUT BOWL /816/10 MCBR .,741999,CLASSIC CUT BOWL /816/10 MCBR PCS CLASSIC CUT BOWL /816/10 MCBR .,13
COASTER N MODEL WOOD DIVI PCS,COASTER N MODEL WOOD DIVI .,44201000,COASTER N MODEL WOOD DIVI PCS COASTER N MODEL WOOD DIVI .,21
COPPER BRACELETS UNISEX KGB PCS,COPPER BRACELETS UNISEX KGB .,74181010,COPPER BRACELETS UNISEX KGB PCS COPPER BRACELETS UNISEX KGB .,24
COPPER CHAINA PLATE -6 KART PCS,COPPER CHAINA PLATE -6 KART .,74181010,COPPER CHAINA PLATE -6 KART PCS COPPER CHAINA PLATE -6 KART .,24
COPPER CHAINA Plate -3 KART PCS,COPPER CHAINA PLATE -3 KART .,74181010,COPPER CHAINA Plate -3 KART PCS COPPER CHAINA PLATE -3 KART .,24
COPPER CHAINA Plate -4 KART PCS,COPPER CHAINA PLATE -4 KART .,74181010,COPPER CHAINA Plate -4 KART PCS COPPER CHAINA PLATE -4 KART .,24
COPPER CHAINA PLATE -5 KART PCS,COPPER CHAINA PLATE -5 KART .,74181010,COPPER CHAINA PLATE -5 KART PCS COPPER CHAINA PLATE -5 KART .,24
COPPER CHAINA Plate -7 KART PCS,COPPER CHAINA PLATE -7 KART .,74181010,COPPER CHAINA Plate -7 KART PCS COPPER CHAINA PLATE -7 KART .,24
Copper Chembu-1 Sroj PCS,COPPER CHEMBU-1 SROJ .,74181010,Copper Chembu-1 Sroj PCS COPPER CHEMBU-1 SROJ .,24
Copper Chembu-10 Sroj PCS,COPPER CHEMBU-10 SROJ .,74181010,Copper Chembu-10 Sroj PCS COPPER CHEMBU-10 SROJ .,24
Copper Chembu-2 Sroj PCS,COPPER CHEMBU-2 SROJ .,74181010,Copper Chembu-2 Sroj PCS COPPER CHEMBU-2 SROJ .,24
Copper Chembu-3 Sroj PCS,COPPER CHEMBU-3 SROJ .,74181010,Copper Chembu-3 Sroj PCS COPPER CHEMBU-3 SROJ .,24
Copper Chembu-4 Sroj PCS,COPPER CHEMBU-4 SROJ .,74181010,Copper Chembu-4 Sroj PCS COPPER CHEMBU-4 SROJ .,24
Copper Chembu-5 Sroj PCS,COPPER CHEMBU-5 SROJ .,74181010,Copper Chembu-5 Sroj PCS COPPER CHEMBU-5 SROJ .,24
Copper Chembu-8 Sroj PCS,COPPER CHEMBU-8 SROJ .,74181010,Copper Chembu-8 Sroj PCS COPPER CHEMBU-8 SROJ .,24
Copper Chembu-9 Sroj PCS,COPPER CHEMBU-9 SROJ .,74181010,Copper Chembu-9 Sroj PCS COPPER CHEMBU-9 SROJ .,24
Copper Ganesh Chowki RMH PCS,COPPER GANESH CHOWKI RMH .,830629,Copper Ganesh Chowki RMH PCS COPPER GANESH CHOWKI RMH .,17
Copper Ganesh Round Base RMH PCS,COPPER GANESH ROUND BASE RMH .,830629,Copper Ganesh Round Base RMH PCS COPPER GANESH ROUND BASE RMH .,17
COPPER GLASS HAMMERED FINISH KGB PCS,COPPER GLASS HAMMERED FINISH KGB .,74181010,COPPER GLASS HAMMERED FINISH KGB PCS COPPER GLASS HAMMERED FINISH KGB .,24
Copper Glass COKE RSH PCS,COPPER GLASS COKE RSH .,74181010,Copper Glass COKE RSH PCS COPPER GLASS COKE RSH .,24
COPPER GLASS MATT FINISH (PLAIN) KGB PCS,COPPER GLASS MATT FINISH (PLAIN) KGB .,74181010,COPPER GLASS MATT FINISH (PLAIN) KGB PCS COPPER GLASS MATT FINISH (PLAIN) KGB .,24
COPPER GLASS MEENA FINISH KGB PCS,COPPER GLASS MEENA FINISH KGB .,74181010,COPPER GLASS MEENA FINISH KGB PCS COPPER GLASS MEENA FINISH KGB .,24
Copper Glass Pepsi RSH PCS,COPPER GLASS PEPSI RSH .,74181010,Copper Glass Pepsi RSH PCS COPPER GLASS PEPSI RSH .,24
COPPER HALWA PLATE SPL-5 KART PCS,COPPER HALWA PLATE SPL-5 KART .,74181010,COPPER HALWA PLATE SPL-5 KART PCS COPPER HALWA PLATE SPL-5 KART .,24
COPPER KATTORI BIG PCS,COPPER KATTORI BIG .,74181010,COPPER KATTORI BIG PCS COPPER KATTORI BIG .,24
COPPER KATTORI SMALL RSH PCS,COPPER KATTORI SMALL RSH .,74181010,COPPER KATTORI SMALL RSH PCS COPPER KATTORI SMALL RSH .,24
Copper Laxmi Chowki RMH PCS,COPPER LAXMI CHOWKI RMH .,830629,Copper Laxmi Chowki RMH PCS COPPER LAXMI CHOWKI RMH .,17
COPPER MONTHA 1 SNGHL PCS,COPPER MONTHA 1 SNGHL .,74181010,COPPER MONTHA 1 SNGHL PCS COPPER MONTHA 1 SNGHL .,24
COPPER MONTHA 3 SNGHL PCS,COPPER MONTHA 3 SNGHL .,74181010,COPPER MONTHA 3 SNGHL PCS COPPER MONTHA 3 SNGHL .,24
COPPER MONTHA 5 SNGHL PCS,COPPER MONTHA 5 SNGHL .,74181010,COPPER MONTHA 5 SNGHL PCS COPPER MONTHA 5 SNGHL .,24
Copper Montha W/ Cover Big KART PCS,COPPER MONTHA W/ COVER BIG KART .,74181010,Copper Montha W/ Cover Big KART PCS COPPER MONTHA W/ COVER BIG KART .,24
Copper Montha W/ Cover small KART PCS,COPPER MONTHA W/ COVER SMALL KART .,74181010,Copper Montha W/ Cover small KART PCS COPPER MONTHA W/ COVER SMALL KART .,24
Copper Nandi RMH PCS,COPPER NANDI RMH .,830629,Copper Nandi RMH PCS COPPER NANDI RMH .,17
COPPER PANCHAPATRAM-1 SROJ PCS,COPPER PANCHAPATRAM-1 SROJ .,74181010,COPPER PANCHAPATRAM-1 SROJ PCS COPPER PANCHAPATRAM-1 SROJ .,24
COPPER PANCHAPATRAM-2 SROJ PCS,COPPER PANCHAPATRAM-2 SROJ .,74181010,COPPER PANCHAPATRAM-2 SROJ PCS COPPER PANCHAPATRAM-2 SROJ .,24
COPPER PANCHAPATRAM-3 SROJ PCS,COPPER PANCHAPATRAM-3 SROJ .,74181010,COPPER PANCHAPATRAM-3 SROJ PCS COPPER PANCHAPATRAM-3 SROJ .,24
COPPER ROCKET CUP-2 KART PCS,COPPER ROCKET CUP-2 KART .,74181010,COPPER ROCKET CUP-2 KART PCS COPPER ROCKET CUP-2 KART .,24
Copper Shembu 10 KART PCS,COPPER SHEMBU 10 KART .,741810,Copper Shembu 10 KART PCS COPPER SHEMBU 10 KART .,9
Copper Shembu 5 KART PCS,COPPER SHEMBU 5 KART .,741810,Copper Shembu 5 KART PCS COPPER SHEMBU 5 KART .,9
Copper Shembu 6 KART PCS,COPPER SHEMBU 6 KART .,741810,Copper Shembu 6 KART PCS COPPER SHEMBU 6 KART .,9
Copper Shembu 7 KART PCS,COPPER SHEMBU 7 KART .,741810,Copper Shembu 7 KART PCS COPPER SHEMBU 7 KART .,9
Copper Shembu 8 KART PCS,COPPER SHEMBU 8 KART .,741810,Copper Shembu 8 KART PCS COPPER SHEMBU 8 KART .,9
Copper Shembu 9 KART PCS,COPPER SHEMBU 9 KART .,741810,Copper Shembu 9 KART PCS COPPER SHEMBU 9 KART .,9
COPPER SPOON BIG RAJTN PCS,COPPER SPOON BIG RAJTN .,74181010,COPPER SPOON BIG RAJTN PCS COPPER SPOON BIG RAJTN .,24
COPPER SPOON SMALL RAJTN PCS,COPPER SPOON SMALL RAJTN .,74181010,COPPER SPOON SMALL RAJTN PCS COPPER SPOON SMALL RAJTN .,24
Copper Thaliya Kudam 12 KART PCS,COPPER THALIYA KUDAM 12 KART .,74181010,Copper Thaliya Kudam 12 KART PCS COPPER THALIYA KUDAM 12 KART .,24
Copper Thaliya Kudam 6 KART PCS,COPPER THALIYA KUDAM 6 KART .,74181010,Copper Thaliya Kudam 6 KART PCS COPPER THALIYA KUDAM 6 KART .,24
Copper Thaliya Kudam 9 KART PCS,COPPER THALIYA KUDAM 9 KART .,74181010,Copper Thaliya Kudam 9 KART PCS COPPER THALIYA KUDAM 9 KART .,24
Copper Udarni 1 RSH PCS,COPPER UDARNI 1 RSH .,741999,Copper Udarni 1 RSH PCS COPPER UDARNI 1 RSH .,13
Copper Udarni 2 RSH PCS,COPPER UDARNI 2 RSH .,741999,Copper Udarni 2 RSH PCS COPPER UDARNI 2 RSH .,13
Copper Udarni 3 RSH PCS,COPPER UDARNI 3 RSH .,741999,Copper Udarni 3 RSH PCS COPPER UDARNI 3 RSH .,13
Cow Child 4 White PRIM PCS,COW CHILD 4 WHITE PRIM .,83062190,Cow Child 4 White PRIM PCS COW CHILD 4 WHITE PRIM .,35
Cow Krishna Tree NIRM White Metal LKH PCS,COW KRISHNA TREE NIRM WHITE METAL LKH .,830621,Cow Krishna Tree NIRM White Metal LKH PCS COW KRISHNA TREE NIRM WHITE METAL LKH .,16
CRYSTAL DEEP 1 SROJ PCS,CRYSTAL DEEP 1 SROJ .,741999,CRYSTAL DEEP 1 SROJ PCS CRYSTAL DEEP 1 SROJ .,13
CRYSTAL DEEP 2 SROJ PCS,CRYSTAL DEEP 2 SROJ .,741999,CRYSTAL DEEP 2 SROJ PCS CRYSTAL DEEP 2 SROJ .,13
CRYSTAL DEEP 3 SROJ PCS,CRYSTAL DEEP 3 SROJ .,741999,CRYSTAL DEEP 3 SROJ PCS CRYSTAL DEEP 3 SROJ .,13
CUTLERY HOLDER 4* 4 DIVI PCS,CUTLERY HOLDER 4* 4 DIVI .,44201000,CUTLERY HOLDER 4* 4 DIVI PCS CUTLERY HOLDER 4* 4 DIVI .,21
Cylinder Money Bank DIVI PCS,CYLINDER MONEY BANK DIVI .,44190010,Cylinder Money Bank DIVI PCS CYLINDER MONEY BANK DIVI .,20
D COASTER BIG WOOD DIVI PCS,D COASTER BIG WOOD DIVI .,44201000,D COASTER BIG WOOD DIVI PCS D COASTER BIG WOOD DIVI .,21
Dancing Chilanka(Chughroo Patta)-2 PCS,DANCING CHILANKA(CHUGHROO PATTA)-2 .,92030010,Dancing Chilanka(Chughroo Patta)-2 PCS DANCING CHILANKA(CHUGHROO PATTA)-2 .,39
Dancing Chilanka(Chughroo Patta)-3 PCS,DANCING CHILANKA(CHUGHROO PATTA)-3 .,92030010,Dancing Chilanka(Chughroo Patta)-3 PCS DANCING CHILANKA(CHUGHROO PATTA)-3 .,39
Dancing Chilanka(Chughroo Patta)-4 PCS,DANCING CHILANKA(CHUGHROO PATTA)-4 .,92030010,Dancing Chilanka(Chughroo Patta)-4 PCS DANCING CHILANKA(CHUGHROO PATTA)-4 .,39
DEEP BOWL /790/8 MCBR PCS,DEEP BOWL /790/8 MCBR .,741999,DEEP BOWL /790/8 MCBR PCS DEEP BOWL /790/8 MCBR .,13
DEEP NUT DISH /820/10 MCBR PCS-80189,DEEP NUT DISH /820/10 MCBR .-80189,741999,DEEP NUT DISH /820/10 MCBR PCS-80189 DEEP NUT DISH /820/10 MCBR .-80189,13
DEEP NUT DISH /820/10 MCBR PCS-D80189,DEEP NUT DISH /820/10 MCBR .-D80189,741999,DEEP NUT DISH /820/10 MCBR PCS-D80189 DEEP NUT DISH /820/10 MCBR .-D80189,13
DEEPAK Balaji - RSH PCS,DEEPAK BALAJI - RSH .,741999,DEEPAK Balaji - RSH PCS DEEPAK BALAJI - RSH .,13
DEEPAK GANESH - RSH PCS,DEEPAK GANESH - RSH .,74199930,DEEPAK GANESH - RSH PCS DEEPAK GANESH - RSH .,29
DEEPAK LAKSHMI - RSH PCS,DEEPAK LAKSHMI - RSH .,74199930,DEEPAK LAKSHMI - RSH PCS DEEPAK LAKSHMI - RSH .,29
DEEPAK MURUGAN - RSH PCS,DEEPAK MURUGAN - RSH .,74181010,DEEPAK MURUGAN - RSH PCS DEEPAK MURUGAN - RSH .,24
DHALL-10 AMR PCS,DHALL-10 AMR .,741999,DHALL-10 AMR PCS DHALL-10 AMR .,13
DHALL-12 AMR PCS,DHALL-12 AMR .,741999,DHALL-12 AMR PCS DHALL-12 AMR .,13
DHALL-14 AMR PCS,DHALL-14 AMR .,741999,DHALL-14 AMR PCS DHALL-14 AMR .,13
BRASS DHALL-8 AMR PCS,BRASS DHALL-8 AMR .,741999,BRASS DHALL-8 AMR PCS BRASS DHALL-8 AMR .,13
DISH PERFORATED /366/12 MCBR PCS,DISH PERFORATED /366/12 MCBR .,741999,DISH PERFORATED /366/12 MCBR PCS DISH PERFORATED /366/12 MCBR .,13
DISH PERFORATED /366/8 MCBR PCS,DISH PERFORATED /366/8 MCBR .,741999,DISH PERFORATED /366/8 MCBR PCS DISH PERFORATED /366/8 MCBR .,13
DISH PERFORATED/366/10 MCBR PCS,DISH PERFORATED/366/10 MCBR .,741999,DISH PERFORATED/366/10 MCBR PCS DISH PERFORATED/366/10 MCBR .,13
DOUBLE BIRD DISH /262/12 MCBR PCS,DOUBLE BIRD DISH /262/12 MCBR .,83061000,DOUBLE BIRD DISH /262/12 MCBR PCS DOUBLE BIRD DISH /262/12 MCBR .,33
Ekh Mukh More Arthy No.2 RSH PCS,EKH MUKH MORE ARTHY NO.2 RSH .,74181010,Ekh Mukh More Arthy No.2 RSH PCS EKH MUKH MORE ARTHY NO.2 RSH .,24
Elelphant Med IAR White Metal LKH PCS,ELELPHANT MED IAR WHITE METAL LKH .,830621,Elelphant Med IAR White Metal LKH PCS ELELPHANT MED IAR WHITE METAL LKH .,16
ELEPHAND white AND PCS,ELEPHAND WHITE AND .,83061000,ELEPHAND white AND PCS ELEPHAND WHITE AND .,33
Elephant Big HNR White Metal LKH PCS,ELEPHANT BIG HNR WHITE METAL LKH .,830621,Elephant Big HNR White Metal LKH PCS ELEPHANT BIG HNR WHITE METAL LKH .,16
Elephant big spl jewel box 6*4 DIVI PCS,ELEPHANT BIG SPL JEWEL BOX 6*4 DIVI .,442090,Elephant big spl jewel box 6*4 DIVI PCS ELEPHANT BIG SPL JEWEL BOX 6*4 DIVI .,2
Elephant big spl jewel box 7*5 DIVI PCS,ELEPHANT BIG SPL JEWEL BOX 7*5 DIVI .,442090,Elephant big spl jewel box 7*5 DIVI PCS ELEPHANT BIG SPL JEWEL BOX 7*5 DIVI .,2
Elephant big spl jewel box 8*5 DIVI PCS,ELEPHANT BIG SPL JEWEL BOX 8*5 DIVI .,442090,Elephant big spl jewel box 8*5 DIVI PCS ELEPHANT BIG SPL JEWEL BOX 8*5 DIVI .,2
Elephant Gold Med GER White Metal LKH PCS,ELEPHANT GOLD MED GER WHITE METAL LKH .,830621,Elephant Gold Med GER White Metal LKH PCS ELEPHANT GOLD MED GER WHITE METAL LKH .,16
Elephant Solid IHR White Metal LKH PCS,ELEPHANT SOLID IHR WHITE METAL LKH .,830621,Elephant Solid IHR White Metal LKH PCS ELEPHANT SOLID IHR WHITE METAL LKH .,16
Elephant Solid NERM White Metal LKH PCS,ELEPHANT SOLID NERM WHITE METAL LKH .,830621,Elephant Solid NERM White Metal LKH PCS ELEPHANT SOLID NERM WHITE METAL LKH .,16
ELEPHANT WHITE PCS,ELEPHANT WHITE .,83061000,ELEPHANT WHITE PCS ELEPHANT WHITE .,33
FLOWER POT WHITE AND PCS,FLOWER POT WHITE AND .,83061000,FLOWER POT WHITE AND PCS FLOWER POT WHITE AND .,33
FLOWER VASE / 1559/14 MCBR PCS,FLOWER VASE / 1559/14 MCBR .,83061000,FLOWER VASE / 1559/14 MCBR PCS FLOWER VASE / 1559/14 MCBR .,33
FLOWER VASE /1559/ 14 MCBR PCS,FLOWER VASE /1559/ 14 MCBR .,83061000,FLOWER VASE /1559/ 14 MCBR PCS FLOWER VASE /1559/ 14 MCBR .,33
FLOWER VASE /1560/11 MCBR PCS,FLOWER VASE /1560/11 MCBR .,83061000,FLOWER VASE /1560/11 MCBR PCS FLOWER VASE /1560/11 MCBR .,33
FLOWER VASE /1561/ A /30 MCBR PCS,FLOWER VASE /1561/ A /30 MCBR .,83061000,FLOWER VASE /1561/ A /30 MCBR PCS FLOWER VASE /1561/ A /30 MCBR .,33
FLOWER VASE /1561/ B /30 MCBR PCS,FLOWER VASE /1561/ B /30 MCBR .,83061000,FLOWER VASE /1561/ B /30 MCBR PCS FLOWER VASE /1561/ B /30 MCBR .,33
FLOWER VASE /1562/ 16 MCBR PCS,FLOWER VASE /1562/ 16 MCBR .,83061000,FLOWER VASE /1562/ 16 MCBR PCS FLOWER VASE /1562/ 16 MCBR .,33
FLOWER VASE /1563/ 16 MCBR PCS,FLOWER VASE /1563/ 16 MCBR .,83061000,FLOWER VASE /1563/ 16 MCBR PCS FLOWER VASE /1563/ 16 MCBR .,33
FLOWER VASE /1564/ 16 MCBR PCS,FLOWER VASE /1564/ 16 MCBR .,83061000,FLOWER VASE /1564/ 16 MCBR PCS FLOWER VASE /1564/ 16 MCBR .,33
FRN VIG WHITE METAL BIG PCS,FRN VIG WHITE METAL BIG .,74181010,FRN VIG WHITE METAL BIG PCS FRN VIG WHITE METAL BIG .,24
FRN VIG WHITE METAL HEAVY PCS,FRN VIG WHITE METAL HEAVY .,74181010,FRN VIG WHITE METAL HEAVY PCS FRN VIG WHITE METAL HEAVY .,24
FRN VIG WHITE METAL LIGHT PCS,FRN VIG WHITE METAL LIGHT .,74181010,FRN VIG WHITE METAL LIGHT PCS FRN VIG WHITE METAL LIGHT .,24
FRN VIG WHITE METAL SMALL PCS,FRN VIG WHITE METAL SMALL .,74181010,FRN VIG WHITE METAL SMALL PCS FRN VIG WHITE METAL SMALL .,24
GAJRA PLATE 8`` DIVI PCS,GAJRA PLATE 8`` DIVI .,44190010,GAJRA PLATE 8`` DIVI PCS GAJRA PLATE 8`` DIVI .,20
GANESH 704 SBNH,GANESH 704 SBNH,392640,GANESH 704 SBNH GANESH 704 SBNH,0
GANESH 705 SBNH,GANESH 705 SBNH,392640,GANESH 705 SBNH GANESH 705 SBNH,0
GANESH 706 SBNH,GANESH 706 SBNH,392640,GANESH 706 SBNH GANESH 706 SBNH,0
GANESH 707 SBNH,GANESH 707 SBNH,392640,GANESH 707 SBNH GANESH 707 SBNH,0
Ganesh 803 SBNH,GANESH 803 SBNH,392640,Ganesh 803 SBNH GANESH 803 SBNH,0
GANESH 804 SBNH,GANESH 804 SBNH,392640,GANESH 804 SBNH GANESH 804 SBNH,0
Ganesh 805 SBNH,GANESH 805 SBNH,392640,Ganesh 805 SBNH GANESH 805 SBNH,0
GANESH 806 SBNH,GANESH 806 SBNH,392640,GANESH 806 SBNH GANESH 806 SBNH,0
GANESH 807 SBNH PCS,GANESH 807 SBNH,392640,GANESH 807 SBNH PCS GANESH 807 SBNH,0
GANESH ASHTA (WHITE) AND PCS,GANESH ASHTA (WHITE) AND .,741999,GANESH ASHTA (WHITE) AND PCS GANESH ASHTA (WHITE) AND .,13
GANESH CORNER 6 WHITE AND PCS,GANESH CORNER 6 WHITE AND .,83061000,GANESH CORNER 6 WHITE AND PCS GANESH CORNER 6 WHITE AND .,33
GANESH GOLE 5 WHITE AND PCS,GANESH GOLE 5 WHITE AND .,83061000,GANESH GOLE 5 WHITE AND PCS GANESH GOLE 5 WHITE AND .,33
GANESH GOLE 6 WHITE AND PCS,GANESH GOLE 6 WHITE AND .,83061000,GANESH GOLE 6 WHITE AND PCS GANESH GOLE 6 WHITE AND .,33
GANESH GOLE 7 WHITE AND PCS,GANESH GOLE 7 WHITE AND .,83061000,GANESH GOLE 7 WHITE AND PCS GANESH GOLE 7 WHITE AND .,33
GANESH GOLE MED WHITE AND PCS,GANESH GOLE MED WHITE AND .,83061000,GANESH GOLE MED WHITE AND PCS GANESH GOLE MED WHITE AND .,33
GANESH KAMAL BIG WHITE AND PCS,GANESH KAMAL BIG WHITE AND .,83061000,GANESH KAMAL BIG WHITE AND PCS GANESH KAMAL BIG WHITE AND .,33
Ganesh Kamal GER White Metal LKH PCS,GANESH KAMAL GER WHITE METAL LKH .,830621,Ganesh Kamal GER White Metal LKH PCS GANESH KAMAL GER WHITE METAL LKH .,16
GANESH KAMAL SMALL WHITE AND PCS,GANESH KAMAL SMALL WHITE AND .,83061000,GANESH KAMAL SMALL WHITE AND PCS GANESH KAMAL SMALL WHITE AND .,33
Ganesh Kiran GHR White Metal LKH PCS,GANESH KIRAN GHR WHITE METAL LKH .,830621,Ganesh Kiran GHR White Metal LKH PCS GANESH KIRAN GHR WHITE METAL LKH .,16
GANESH PCS,GANESH .,741999,GANESH PCS GANESH .,13
WHITE GANESH MAHARAJ MED 12.5 AND PCS,WHITE GANESH MAHARAJ MED 12.5 AND,83061000,WHITE GANESH MAHARAJ MED 12.5 AND PCS WHITE GANESH MAHARAJ MED 12.5 AND,33
WHITE GANESH MAHARAJ SMALL 10 AND PCS,WHITE GANESH MAHARAJ SMALL 10 AND,83061000,WHITE GANESH MAHARAJ SMALL 10 AND PCS WHITE GANESH MAHARAJ SMALL 10 AND,33
GANESH MAHARAJ WHITE AND PCS,GANESH MAHARAJ WHITE AND .,83061000,GANESH MAHARAJ WHITE AND PCS GANESH MAHARAJ WHITE AND .,33
Ganesh Plate GIN White Metal LKH PCS,GANESH PLATE GIN WHITE METAL LKH .,830621,Ganesh Plate GIN White Metal LKH PCS GANESH PLATE GIN WHITE METAL LKH .,16
Ganesh Round VRHN White Metal LKH PCS,GANESH ROUND VRHN WHITE METAL LKH .,830621,Ganesh Round VRHN White Metal LKH PCS GANESH ROUND VRHN WHITE METAL LKH .,16
Ganesh Tree SNRM White Metal LKH PCS,GANESH TREE SNRM WHITE METAL LKH .,830621,Ganesh Tree SNRM White Metal LKH PCS GANESH TREE SNRM WHITE METAL LKH .,16
Ganesh White Sub PCS,GANESH WHITE SUB .,83062120,Ganesh White Sub PCS GANESH WHITE SUB .,34
GANESH WHITE PCS-EL126,GANESH WHITE .-EL126,83061000,GANESH WHITE PCS-EL126 GANESH WHITE .-EL126,33
GANESH WHITE PCS-EL127,GANESH WHITE .-EL127,83061000,GANESH WHITE PCS-EL127 GANESH WHITE .-EL127,33
GANESH WHITE PCS-EL128,GANESH WHITE .-EL128,83061000,GANESH WHITE PCS-EL128 GANESH WHITE .-EL128,33
GANESH WHITE PCS-EL129,GANESH WHITE .-EL129,83061000,GANESH WHITE PCS-EL129 GANESH WHITE .-EL129,33
GANESH WHITE PCS-EL133,GANESH WHITE .-EL133,83061000,GANESH WHITE PCS-EL133 GANESH WHITE .-EL133,33
GANESH WHITE METAL AND PCS-4747,GANESH WHITE METAL AND .-4747,83061000,GANESH WHITE METAL AND PCS-4747 GANESH WHITE METAL AND .-4747,33
GANESH WHITE METAL AND PCS-4748,GANESH WHITE METAL AND .-4748,83061000,GANESH WHITE METAL AND PCS-4748 GANESH WHITE METAL AND .-4748,33
GANESH WHITE METAL AND PCS-4749,GANESH WHITE METAL AND .-4749,83061000,GANESH WHITE METAL AND PCS-4749 GANESH WHITE METAL AND .-4749,33
GANESH WHITE METAL AND PCS-4750,GANESH WHITE METAL AND .-4750,83061000,GANESH WHITE METAL AND PCS-4750 GANESH WHITE METAL AND .-4750,33
GANESH WHITE METAL AND PCS-4751,GANESH WHITE METAL AND .-4751,83061000,GANESH WHITE METAL AND PCS-4751 GANESH WHITE METAL AND .-4751,33
GANESH WHITE METAL AND PCS-4752,GANESH WHITE METAL AND .-4752,83061000,GANESH WHITE METAL AND PCS-4752 GANESH WHITE METAL AND .-4752,33
GULOB JYOTHI 4 RSH PCS,GULOB JYOTHI 4 RSH .,74181010,GULOB JYOTHI 4 RSH PCS GULOB JYOTHI 4 RSH .,24
GULOB JYOTHI 5 RSH PCS,GULOB JYOTHI 5 RSH .,74181010,GULOB JYOTHI 5 RSH PCS GULOB JYOTHI 5 RSH .,24
Handi 3 Legs /814/ 4 MCBR PCS,HANDI 3 LEGS /814/ 4 MCBR .,741999,Handi 3 Legs /814/ 4 MCBR PCS HANDI 3 LEGS /814/ 4 MCBR .,13
HANDI 3 LEGS /814/ 5.5 MCBR PCS,HANDI 3 LEGS /814/ 5.5 MCBR .,741999,HANDI 3 LEGS /814/ 5.5 MCBR PCS HANDI 3 LEGS /814/ 5.5 MCBR .,13
HEART BOX /810/ 5*6 MCBR PCS,HEART BOX /810/ 5*6 MCBR .,741999,HEART BOX /810/ 5*6 MCBR PCS HEART BOX /810/ 5*6 MCBR .,13
Horse Big Solid NGRM White Metal LKH PCS,HORSE BIG SOLID NGRM WHITE METAL LKH .,830621,Horse Big Solid NGRM White Metal LKH PCS HORSE BIG SOLID NGRM WHITE METAL LKH .,16
HORSE WHITE PCS,HORSE WHITE .,83061000,HORSE WHITE PCS HORSE WHITE .,33
HUNDER DISH/265/10 MCBR PCS,HUNDER DISH/265/10 MCBR .,83061000,HUNDER DISH/265/10 MCBR PCS HUNDER DISH/265/10 MCBR .,33
HUNDER DISH/265/9 .5 MCBR PCS,HUNDER DISH/265/9 .5 MCBR .,83061000,HUNDER DISH/265/9 .5 MCBR PCS HUNDER DISH/265/9 .5 MCBR .,33
HUNDER TRAY/268/5 X 13 MCBR PCS,HUNDER TRAY/268/5 X 13 MCBR .,83061000,HUNDER TRAY/268/5 X 13 MCBR PCS HUNDER TRAY/268/5 X 13 MCBR .,33
Jesus 1430 White PRIM PCS,JESUS 1430 WHITE PRIM .,83062190,Jesus 1430 White PRIM PCS JESUS 1430 WHITE PRIM .,35
Jewel Box Rose Wood 7*5*6 MENH,JEWEL BOX ROSE WOOD 7*5*6 MENH,441900,Jewel Box Rose Wood 7*5*6 MENH JEWEL BOX ROSE WOOD 7*5*6 MENH,1
K.K POT-TIGER SET BIG PCS,K.K POT-TIGER SET BIG .,74181010,K.K POT-TIGER SET BIG PCS K.K POT-TIGER SET BIG .,24
KALASH Big White SUB PCS,KALASH BIG WHITE SUB .,83062120,KALASH Big White SUB PCS KALASH BIG WHITE SUB .,34
KALASH Medium (H) White SUB PCS,KALASH MEDIUM (H) WHITE SUB .,83062120,KALASH Medium (H) White SUB PCS KALASH MEDIUM (H) WHITE SUB .,34
KALASH Medium White SUB PCS,KALASH MEDIUM WHITE SUB .,83062120,KALASH Medium White SUB PCS KALASH MEDIUM WHITE SUB .,34
Kamakshi Vilakku 12 SHLP PCS,KAMAKSHI VILAKKU 12 SHLP .,74181010,Kamakshi Vilakku 12 SHLP PCS KAMAKSHI VILAKKU 12 SHLP .,24
Kamakshi Vilakku 16 SHLP PCS,KAMAKSHI VILAKKU 16 SHLP .,74181010,Kamakshi Vilakku 16 SHLP PCS KAMAKSHI VILAKKU 16 SHLP .,24
Kamakshi Vilakku Mini SHLP PCS,KAMAKSHI VILAKKU MINI SHLP .,74181010,Kamakshi Vilakku Mini SHLP PCS KAMAKSHI VILAKKU MINI SHLP .,24
KAMAL BOWL .SPL-3 RSH PCS,KAMAL BOWL .SPL-3 RSH .,74181010,KAMAL BOWL .SPL-3 RSH PCS KAMAL BOWL .SPL-3 RSH .,24
KAMAL BOWL .SPL-4 RSH PCS,KAMAL BOWL .SPL-4 RSH .,74181010,KAMAL BOWL .SPL-4 RSH PCS KAMAL BOWL .SPL-4 RSH .,24
KAMAL BOWL .SPL-5 RSH PCS,KAMAL BOWL .SPL-5 RSH .,74181010,KAMAL BOWL .SPL-5 RSH PCS KAMAL BOWL .SPL-5 RSH .,24
KAMANDALAM-3 RSH PCS,KAMANDALAM-3 RSH .,74199930,KAMANDALAM-3 RSH PCS KAMANDALAM-3 RSH .,29
KAMANDALAM-4 RSH PCS,KAMANDALAM-4 RSH .,74199930,KAMANDALAM-4 RSH PCS KAMANDALAM-4 RSH .,29
KAMANDALAM-5 RSH PCS,KAMANDALAM-5 RSH .,74199930,KAMANDALAM-5 RSH PCS KAMANDALAM-5 RSH .,29
KAMANDALAM-6 RSH PCS,KAMANDALAM-6 RSH .,74181010,KAMANDALAM-6 RSH PCS KAMANDALAM-6 RSH .,24
KARPOORAARATHI No.2 RSH PCS,KARPOORAARATHI NO.2 RSH .,74181010,KARPOORAARATHI No.2 RSH PCS KARPOORAARATHI NO.2 RSH .,24
KARPOORAARATHI No.3 RSH PCS,KARPOORAARATHI NO.3 RSH .,74181010,KARPOORAARATHI No.3 RSH PCS KARPOORAARATHI NO.3 RSH .,24
KARPOORAARATHI No.4 RSH PCS,KARPOORAARATHI NO.4 RSH .,74181010,KARPOORAARATHI No.4 RSH PCS KARPOORAARATHI NO.4 RSH .,24
KARPOORAARATHI No.5 RSH PCS,KARPOORAARATHI NO.5 RSH .,74181010,KARPOORAARATHI No.5 RSH PCS KARPOORAARATHI NO.5 RSH .,24
KARPOORAARATHI No.6 RSH PCS,KARPOORAARATHI NO.6 RSH .,74181010,KARPOORAARATHI No.6 RSH PCS KARPOORAARATHI NO.6 RSH .,24
BRASS KARTHIKAI DEEPAM 1 KART PCS,BRASS KARTHIKAI DEEPAM 1 KART,741819,BRASS KARTHIKAI DEEPAM 1 KART PCS BRASS KARTHIKAI DEEPAM 1 KART,10
BRASS KARTHIKAI DEEPAM 2 KART PCS,BRASS KARTHIKAI DEEPAM 2 KART PCS,74181010,BRASS KARTHIKAI DEEPAM 2 KART PCS BRASS KARTHIKAI DEEPAM 2 KART PCS,24
BRASS KARTHIKAI DEEPAM 3 KART PCS,BRASS KARTHIKAI DEEPAM 3 KART,74181010,BRASS KARTHIKAI DEEPAM 3 KART PCS BRASS KARTHIKAI DEEPAM 3 KART,24
BRASS KARTHIKAI PADAM DEEPAM 1 KART PCS,BRASS KARTHIKAI PADAM DEEPAM 1 KART,74181010,BRASS KARTHIKAI PADAM DEEPAM 1 KART PCS BRASS KARTHIKAI PADAM DEEPAM 1 KART,24
Karumbu Kamakshi Lakshmi Vilakku-2 MRC PCS,KARUMBU KAMAKSHI LAKSHMI VILAKKU-2 MRC .,74181010,Karumbu Kamakshi Lakshmi Vilakku-2 MRC PCS KARUMBU KAMAKSHI LAKSHMI VILAKKU-2 MRC .,24
Karumbu Kamakshi Lakshmi Vilakku-6 MRC PCS,KARUMBU KAMAKSHI LAKSHMI VILAKKU-6 MRC .,74181010,Karumbu Kamakshi Lakshmi Vilakku-6 MRC PCS KARUMBU KAMAKSHI LAKSHMI VILAKKU-6 MRC .,24
KERALA DEEP No.10 SS PCS,KERALA DEEP NO.10 SS .,741999,KERALA DEEP No.10 SS PCS KERALA DEEP NO.10 SS .,13
KERALA AKP VILAKK-10 RSH PCS,KERALA AKP VILAKK-10 RSH .,741999,KERALA AKP VILAKK-10 RSH PCS KERALA AKP VILAKK-10 RSH .,13
KERALA AKP VILAKK-6 RSH PCS,KERALA AKP VILAKK-6 RSH .,74199930,KERALA AKP VILAKK-6 RSH PCS KERALA AKP VILAKK-6 RSH .,29
KERALA AKP VILAKK-7 RSH PCS,KERALA AKP VILAKK-7 RSH .,74199930,KERALA AKP VILAKK-7 RSH PCS KERALA AKP VILAKK-7 RSH .,29
KERALA AKP VILAKK-8 RSH PCS,KERALA AKP VILAKK-8 RSH .,74199930,KERALA AKP VILAKK-8 RSH PCS KERALA AKP VILAKK-8 RSH .,29
KERALA AKP VILAKK-9 - RSH PCS,KERALA AKP VILAKK-9 - RSH .,741999,KERALA AKP VILAKK-9 - RSH PCS KERALA AKP VILAKK-9 - RSH .,13
Kerala Fancy Vilakku 10 SUBH PCS,KERALA FANCY VILAKKU 10 SUBH .,74181010,Kerala Fancy Vilakku 10 SUBH PCS KERALA FANCY VILAKKU 10 SUBH .,24
Kerala Fancy Vilakku 10 OLY PCS,KERALA FANCY VILAKKU 10 OLY .,741999,Kerala Fancy Vilakku 10 OLY PCS KERALA FANCY VILAKKU 10 OLY .,13
Kerala Fancy Vilakku 11 SUBH PCS,KERALA FANCY VILAKKU 11 SUBH .,74181010,Kerala Fancy Vilakku 11 SUBH PCS KERALA FANCY VILAKKU 11 SUBH .,24
Kerala Fancy Vilakku 13 SUBH PCS,KERALA FANCY VILAKKU 13 SUBH .,74181010,Kerala Fancy Vilakku 13 SUBH PCS KERALA FANCY VILAKKU 13 SUBH .,24
Kerala Fancy Vilakku 15 SUBH PCS,KERALA FANCY VILAKKU 15 SUBH .,74181010,Kerala Fancy Vilakku 15 SUBH PCS KERALA FANCY VILAKKU 15 SUBH .,24
Kerala Fancy Vilakku 17 SUBH PCS,KERALA FANCY VILAKKU 17 SUBH .,74181010,Kerala Fancy Vilakku 17 SUBH PCS KERALA FANCY VILAKKU 17 SUBH .,24
Kerala Fancy Vilakku 19 SUBH PCS,KERALA FANCY VILAKKU 19 SUBH .,74181010,Kerala Fancy Vilakku 19 SUBH PCS KERALA FANCY VILAKKU 19 SUBH .,24
Kerala Fancy Vilakku 21 SUBH PCS,KERALA FANCY VILAKKU 21 SUBH .,74181010,Kerala Fancy Vilakku 21 SUBH PCS KERALA FANCY VILAKKU 21 SUBH .,24
Kerala Fancy Vilakku 24 SUBH PCS,KERALA FANCY VILAKKU 24 SUBH .,74181010,Kerala Fancy Vilakku 24 SUBH PCS KERALA FANCY VILAKKU 24 SUBH .,24
Kerala Fancy Vilakku 6 OLY PCS,KERALA FANCY VILAKKU 6 OLY .,741999,Kerala Fancy Vilakku 6 OLY PCS KERALA FANCY VILAKKU 6 OLY .,13
Kerala Fancy Vilakku 7 OLY PCS,KERALA FANCY VILAKKU 7 OLY .,741999,Kerala Fancy Vilakku 7 OLY PCS KERALA FANCY VILAKKU 7 OLY .,13
Kerala Fancy Vilakku 8 OLY PCS,KERALA FANCY VILAKKU 8 OLY .,741999,Kerala Fancy Vilakku 8 OLY PCS KERALA FANCY VILAKKU 8 OLY .,13
Kerala Fancy Vilakku 9 OLY PCS,KERALA FANCY VILAKKU 9 OLY .,741999,Kerala Fancy Vilakku 9 OLY PCS KERALA FANCY VILAKKU 9 OLY .,13
Kerala Jhad 10 RSH PCS,KERALA JHAD 10 RSH .,74199930,Kerala Jhad 10 RSH PCS KERALA JHAD 10 RSH .,29
Kerala Jhad 8 RSH PCS,KERALA JHAD 8 RSH .,74199930,Kerala Jhad 8 RSH PCS KERALA JHAD 8 RSH .,29
KEY HANGER KONE MDF M DIVI PCS,KEY HANGER KONE MDF M DIVI .,44201000,KEY HANGER KONE MDF M DIVI PCS KEY HANGER KONE MDF M DIVI .,21
KEY HANGER KONE MDF S DIVI PCS,KEY HANGER KONE MDF S DIVI .,44201000,KEY HANGER KONE MDF S DIVI PCS KEY HANGER KONE MDF S DIVI .,21
KEY HANGER WELCOME PATTI M DIVI PCS,KEY HANGER WELCOME PATTI M DIVI .,44201000,KEY HANGER WELCOME PATTI M DIVI PCS KEY HANGER WELCOME PATTI M DIVI .,21
KEY HANGER WELCOME PATTI S DIVI PCS,KEY HANGER WELCOME PATTI S DIVI .,44201000,KEY HANGER WELCOME PATTI S DIVI PCS KEY HANGER WELCOME PATTI S DIVI .,21
KEY NHANGER CYCLE PATTI DIVI PCS,KEY NHANGER CYCLE PATTI DIVI .,44201000,KEY NHANGER CYCLE PATTI DIVI PCS KEY NHANGER CYCLE PATTI DIVI .,21
Krishna 1713 sbnh.,KRISHNA 1713 SBNH.,392640,Krishna 1713 sbnh. KRISHNA 1713 SBNH.,0
Krishna 1722 SBNH,KRISHNA 1722 SBNH,392640,Krishna 1722 SBNH KRISHNA 1722 SBNH,0
Krishna 1724 SBNH,KRISHNA 1724 SBNH,392640,Krishna 1724 SBNH KRISHNA 1724 SBNH,0
KRISHNA GOLE STAND BIG WHITE AND PCS,KRISHNA GOLE STAND BIG WHITE AND .,83061000,KRISHNA GOLE STAND BIG WHITE AND PCS KRISHNA GOLE STAND BIG WHITE AND .,33
KRISHNA NEW WHITE AND PCS,KRISHNA NEW WHITE AND .,83061000,KRISHNA NEW WHITE AND PCS KRISHNA NEW WHITE AND .,33
KRISHNA RAJ ROUND WHITE AND PCS,KRISHNA RAJ ROUND WHITE AND .,83061000,KRISHNA RAJ ROUND WHITE AND PCS KRISHNA RAJ ROUND WHITE AND .,33
KRISHNA WHITE AND PCS,KRISHNA WHITE AND .,83061000,KRISHNA WHITE AND PCS KRISHNA WHITE AND .,33
KUBERA DEEP-0 RSH PCS,KUBERA DEEP-0 RSH .,74181010,KUBERA DEEP-0 RSH PCS KUBERA DEEP-0 RSH .,24
KUBERA DEEP-00 RSH PCS,KUBERA DEEP-00 RSH .,74181010,KUBERA DEEP-00 RSH PCS KUBERA DEEP-00 RSH .,24
KUBERA DEEP-000 RSH PCS,KUBERA DEEP-000 RSH .,74181010,KUBERA DEEP-000 RSH PCS KUBERA DEEP-000 RSH .,24
KUBERA DEEP-1 RSH PCS,KUBERA DEEP-1 RSH .,74181010,KUBERA DEEP-1 RSH PCS KUBERA DEEP-1 RSH .,24
KUBERA DEEP-2 RSH PCS,KUBERA DEEP-2 RSH .,74181010,KUBERA DEEP-2 RSH PCS KUBERA DEEP-2 RSH .,24
KUBERA DEEP-3 RSH PCS,KUBERA DEEP-3 RSH .,74181010,KUBERA DEEP-3 RSH PCS KUBERA DEEP-3 RSH .,24
KUBERA DEEP-4 RSH PCS,KUBERA DEEP-4 RSH .,74181010,KUBERA DEEP-4 RSH PCS KUBERA DEEP-4 RSH .,24
KUBERA STAND SPL-0 FIN PCS,KUBERA STAND SPL-0 FIN .,74181010,KUBERA STAND SPL-0 FIN PCS KUBERA STAND SPL-0 FIN .,24
KUBERA STAND SPL-00 FIN PCS,KUBERA STAND SPL-00 FIN .,74181010,KUBERA STAND SPL-00 FIN PCS KUBERA STAND SPL-00 FIN .,24
KUM 2 OVAL 2 CUP-2 SROJ PCS,KUM 2 OVAL 2 CUP-2 SROJ .,741999,KUM 2 OVAL 2 CUP-2 SROJ PCS KUM 2 OVAL 2 CUP-2 SROJ .,13
KUM 2 OVAL 2 CUP-3 SROJ PCS,KUM 2 OVAL 2 CUP-3 SROJ .,741999,KUM 2 OVAL 2 CUP-3 SROJ PCS KUM 2 OVAL 2 CUP-3 SROJ .,13
Kumba Deep-1 RAJTN PCS,KUMBA DEEP-1 RAJTN .,74181010,Kumba Deep-1 RAJTN PCS KUMBA DEEP-1 RAJTN .,24
Kumba Deep-2 RAJTN PCS,KUMBA DEEP-2 RAJTN .,74181010,Kumba Deep-2 RAJTN PCS KUMBA DEEP-2 RAJTN .,24
"Kumkum Dabbi G,S -1 SROJ PCS","KUMKUM DABBI G,S -1 SROJ .",74181010,"Kumkum Dabbi G,S -1 SROJ PCS KUMKUM DABBI G,S -1 SROJ .",24
"Kumkum Dabbi G,S -2 SROJ PCS","KUMKUM DABBI G,S -2 SROJ .",74181010,"Kumkum Dabbi G,S -2 SROJ PCS KUMKUM DABBI G,S -2 SROJ .",24
"Kumkum Dabbi G,S -3 SROJ PCS","KUMKUM DABBI G,S -3 SROJ .",74181010,"Kumkum Dabbi G,S -3 SROJ PCS KUMKUM DABBI G,S -3 SROJ .",24
L G S White Metal VNS PCS,L G S WHITE METAL VNS .,830621,L G S White Metal VNS PCS L G S WHITE METAL VNS .,16
lakshmi Vilakku MR Box 1 PCS  DUMMY,LAKSHMI VILAKKU MR BOX 1 .,741810,lakshmi Vilakku MR Box 1 PCS  DUMMY LAKSHMI VILAKKU MR BOX 1 .,9
lakshmi Vilakku MR Box 2 PCS  DUMMY,LAKSHMI VILAKKU MR BOX 2 .,741810,lakshmi Vilakku MR Box 2 PCS  DUMMY LAKSHMI VILAKKU MR BOX 2 .,9
lakshmi Vilakku MR Box 3 PCS  DUMMY,LAKSHMI VILAKKU MR BOX 3 .,741810,lakshmi Vilakku MR Box 3 PCS  DUMMY LAKSHMI VILAKKU MR BOX 3 .,9
lakshmi Vilakku MR Box 4 PCS  DUMMY,LAKSHMI VILAKKU MR BOX 4 .,741810,lakshmi Vilakku MR Box 4 PCS  DUMMY LAKSHMI VILAKKU MR BOX 4 .,9
lakshmi Vilakku MR Box 5 PCS  DUMMY,LAKSHMI VILAKKU MR BOX 5 .,741810,lakshmi Vilakku MR Box 5 PCS  DUMMY LAKSHMI VILAKKU MR BOX 5 .,9
lakshmi Vilakku MR Box 6 PCS  DUMMY,LAKSHMI VILAKKU MR BOX 6 .,741810,lakshmi Vilakku MR Box 6 PCS  DUMMY LAKSHMI VILAKKU MR BOX 6 .,9
lakshmi Vilakku MR Box 7 PCS  DUMMY,LAKSHMI VILAKKU MR BOX 7 .,741810,lakshmi Vilakku MR Box 7 PCS  DUMMY LAKSHMI VILAKKU MR BOX 7 .,9
lakshmi Vilakku MR Box 8 PCS  DUMMY,LAKSHMI VILAKKU MR BOX 8 .,741810,lakshmi Vilakku MR Box 8 PCS  DUMMY LAKSHMI VILAKKU MR BOX 8 .,9
LAKSHMI VILAKKU M GOLD KART PCS,LAKSHMI VILAKKU M GOLD KART .,74181010,LAKSHMI VILAKKU M GOLD KART PCS LAKSHMI VILAKKU M GOLD KART .,24
LAKSHMI VILAKU MANGAL GOLD KART PCS,LAKSHMI VILAKU MANGAL GOLD KART .,74181010,LAKSHMI VILAKU MANGAL GOLD KART PCS LAKSHMI VILAKU MANGAL GOLD KART .,24
LAKSHMI VILAKU SAKTHI GOLD PCS,LAKSHMI VILAKU SAKTHI GOLD .,74181010,LAKSHMI VILAKU SAKTHI GOLD PCS LAKSHMI VILAKU SAKTHI GOLD .,24
LAKSHMI VILAKU SHRE GOLD KART PCS,LAKSHMI VILAKU SHRE GOLD KART .,74181010,LAKSHMI VILAKU SHRE GOLD KART PCS LAKSHMI VILAKU SHRE GOLD KART .,24
LAKSHMI VILAKU SIV SAKTHI GOLD KART PCS,LAKSHMI VILAKU SIV SAKTHI GOLD KART .,74181010,LAKSHMI VILAKU SIV SAKTHI GOLD KART PCS LAKSHMI VILAKU SIV SAKTHI GOLD KART .,24
LAKSHMI VILAKU SPL GOLD KART PCS,LAKSHMI VILAKU SPL GOLD KART .,74181010,LAKSHMI VILAKU SPL GOLD KART PCS LAKSHMI VILAKU SPL GOLD KART .,24
LAKSHMI VILAKU SRI DEVI GOLD KART PCS,LAKSHMI VILAKU SRI DEVI GOLD KART .,74181010,LAKSHMI VILAKU SRI DEVI GOLD KART PCS LAKSHMI VILAKU SRI DEVI GOLD KART .,24
LAKSHMI VILAKU SUBH GOLD KART PCS,LAKSHMI VILAKU SUBH GOLD KART .,74181010,LAKSHMI VILAKU SUBH GOLD KART PCS LAKSHMI VILAKU SUBH GOLD KART .,24
LAKSHMI VILAKU SUPER GOLD KART PCS,LAKSHMI VILAKU SUPER GOLD KART .,74181010,LAKSHMI VILAKU SUPER GOLD KART PCS LAKSHMI VILAKU SUPER GOLD KART .,24
LAKSHMI VILAKU SUPRM GOLD KART PCS,LAKSHMI VILAKU SUPRM GOLD KART .,74181010,LAKSHMI VILAKU SUPRM GOLD KART PCS LAKSHMI VILAKU SUPRM GOLD KART .,24
Lakshmi White Sub PCS,LAKSHMI WHITE SUB .,83062120,Lakshmi White Sub PCS LAKSHMI WHITE SUB .,34
Laxmi 247 White PRIM PCS,LAXMI 247 WHITE PRIM .,83062190,Laxmi 247 White PRIM PCS LAXMI 247 WHITE PRIM .,35
LAXMI GANESH WHITE SINGLE AND PCS,LAXMI GANESH WHITE SINGLE AND .,74181010,LAXMI GANESH WHITE SINGLE AND PCS LAXMI GANESH WHITE SINGLE AND .,24
LAZER COASTER ROUND DIVI PCS,LAZER COASTER ROUND DIVI .,44201000,LAZER COASTER ROUND DIVI PCS LAZER COASTER ROUND DIVI .,21
LAZER COASTER SQUARE WOOD DIVI PCS,LAZER COASTER SQUARE WOOD DIVI .,44201000,LAZER COASTER SQUARE WOOD DIVI PCS LAZER COASTER SQUARE WOOD DIVI .,21
LEAF DEEP C+B SROJ-1 PCS,LEAF DEEP C+B SROJ-1 .,741999,LEAF DEEP C+B SROJ-1 PCS LEAF DEEP C+B SROJ-1 .,13
LEAF DEEP C+B SROJ-2 PCS,LEAF DEEP C+B SROJ-2 .,741999,LEAF DEEP C+B SROJ-2 PCS LEAF DEEP C+B SROJ-2 .,13
LEAF DEEP C+B SROJ-3 PCS,LEAF DEEP C+B SROJ-3 .,741999,LEAF DEEP C+B SROJ-3 PCS LEAF DEEP C+B SROJ-3 .,13
LEAF TRAY 7* 5 DIVI PCS,LEAF TRAY 7* 5 DIVI .,44201000,LEAF TRAY 7* 5 DIVI PCS LEAF TRAY 7* 5 DIVI .,21
LEAF TRAY 9* 6 DIVI PCS,LEAF TRAY 9* 6 DIVI .,44201000,LEAF TRAY 9* 6 DIVI PCS LEAF TRAY 9* 6 DIVI .,21
LEKSHMI (WHITE ) AND PCS,LEKSHMI (WHITE ) AND .,741999,LEKSHMI (WHITE ) AND PCS LEKSHMI (WHITE ) AND .,13
LOBANDAAN FANCY-1 (S Karandi) AMRM PCS,LOBANDAAN FANCY-1 (S KARANDI) AMRM .,74181010,LOBANDAAN FANCY-1 (S Karandi) AMRM PCS LOBANDAAN FANCY-1 (S KARANDI) AMRM .,24
LOTUS GLASS VILAKKU -01 A SROJ PCS,LOTUS GLASS VILAKKU -01 A SROJ .,74181010,LOTUS GLASS VILAKKU -01 A SROJ PCS LOTUS GLASS VILAKKU -01 A SROJ .,24
M Gold (T)Lakshmi Vilakku MRC PCS,M GOLD (T)LAKSHMI VILAKKU MRC .,74181010,M Gold (T)Lakshmi Vilakku MRC PCS M GOLD (T)LAKSHMI VILAKKU MRC .,24
M.R Super Lakshmi Vilakku MRC PCS,M.R SUPER LAKSHMI VILAKKU MRC .,74181010,M.R Super Lakshmi Vilakku MRC PCS M.R SUPER LAKSHMI VILAKKU MRC .,24
MADRASI-LOTTA-3 RSH- PCS,MADRASI-LOTTA-3 RSH- .,74181010,MADRASI-LOTTA-3 RSH- PCS MADRASI-LOTTA-3 RSH- .,24
MADRASI-LOTTA-4 RSH PCS,MADRASI-LOTTA-4 RSH .,74181010,MADRASI-LOTTA-4 RSH PCS MADRASI-LOTTA-4 RSH .,24
Mahalakshmi 1904 SBNH,MAHALAKSHMI 1904 SBNH,392640,Mahalakshmi 1904 SBNH MAHALAKSHMI 1904 SBNH,0
Marry 1350 White PRIM PCS,MARRY 1350 WHITE PRIM .,83062190,Marry 1350 White PRIM PCS MARRY 1350 WHITE PRIM .,35
MASALA BOX 4 Parts DIVI PCS,MASALA BOX 4 PARTS DIVI .,44190010,MASALA BOX 4 Parts DIVI PCS MASALA BOX 4 PARTS DIVI .,20
MASALA BOX 9 Parts DIVI PCS,MASALA BOX 9 PARTS DIVI .,44190010,MASALA BOX 9 Parts DIVI PCS MASALA BOX 9 PARTS DIVI .,20
Massager DIVI PCS-1000011,MASSAGER DIVI .-1000011,44190010,Massager DIVI PCS-1000011 MASSAGER DIVI .-1000011,20
Massager DIVI PCS-100005,MASSAGER DIVI .-100005,44190010,Massager DIVI PCS-100005 MASSAGER DIVI .-100005,20
MASSAGER DIVI PCS-100007,MASSAGER DIVI .-100007,44190010,MASSAGER DIVI PCS-100007 MASSAGER DIVI .-100007,20
MASSAGER DIVI PCS-100008,MASSAGER DIVI .-100008,44190010,MASSAGER DIVI PCS-100008 MASSAGER DIVI .-100008,20
MASSAGER DIVI PCS-100009,MASSAGER DIVI .-100009,44190010,MASSAGER DIVI PCS-100009 MASSAGER DIVI .-100009,20
MATKA LADY WHITE AND PCS,MATKA LADY WHITE AND .,74181010,MATKA LADY WHITE AND PCS MATKA LADY WHITE AND .,24
M-LOTTA-O RSH PCS,M-LOTTA-O RSH .,74181010,M-LOTTA-O RSH PCS M-LOTTA-O RSH .,24
Money Bank wood 4* 4 divi PCS,MONEY BANK WOOD 4* 4 DIVI .,44201000,Money Bank wood 4* 4 divi PCS MONEY BANK WOOD 4* 4 DIVI .,21
MONEY BANK 6 M DIVI PCS,MONEY BANK 6 M DIVI .,44201000,MONEY BANK 6 M DIVI PCS MONEY BANK 6 M DIVI .,21
Money Bank square wood 6* 4 divi PCS,MONEY BANK SQUARE WOOD 6* 4 DIVI .,44201000,Money Bank square wood 6* 4 divi PCS MONEY BANK SQUARE WOOD 6* 4 DIVI .,21
MUKKALI No.5 RSH PCS,MUKKALI NO.5 RSH .,74181010,MUKKALI No.5 RSH PCS MUKKALI NO.5 RSH .,24
NAGAM-2 PCS,NAGAM-2 .,74181010,NAGAM-2 PCS NAGAM-2 .,24
NAGAM-3 PCS,NAGAM-3 .,74198030,NAGAM-3 PCS NAGAM-3 .,28
NAGAM-4 RSH PCS,NAGAM-4 RSH .,74181010,NAGAM-4 RSH PCS NAGAM-4 RSH .,24
NANDA VILAKKU 10 RSH PCS,NANDA VILAKKU 10 RSH .,741999,NANDA VILAKKU 10 RSH PCS NANDA VILAKKU 10 RSH .,13
NANDA VILAKKU 12 RSH PCS,NANDA VILAKKU 12 RSH .,741999,NANDA VILAKKU 12 RSH PCS NANDA VILAKKU 12 RSH .,13
NANDA VILAKKU 14 RSH PCS,NANDA VILAKKU 14 RSH .,741999,NANDA VILAKKU 14 RSH PCS NANDA VILAKKU 14 RSH .,13
NANDA VILAKKU 16 RSH PCS,NANDA VILAKKU 16 RSH .,741999,NANDA VILAKKU 16 RSH PCS NANDA VILAKKU 16 RSH .,13
NANDA VILAKKU 5 RSH PCS,NANDA VILAKKU 5 RSH .,741999,NANDA VILAKKU 5 RSH PCS NANDA VILAKKU 5 RSH .,13
NANDA VILAKKU 6 RSH PCS,NANDA VILAKKU 6 RSH .,741999,NANDA VILAKKU 6 RSH PCS NANDA VILAKKU 6 RSH .,13
NANDA VILAKKU 7 RSH PCS,NANDA VILAKKU 7 RSH .,74181010,NANDA VILAKKU 7 RSH PCS NANDA VILAKKU 7 RSH .,24
NANDA VILAKKU 8 RSH PCS,NANDA VILAKKU 8 RSH .,741999,NANDA VILAKKU 8 RSH PCS NANDA VILAKKU 8 RSH .,13
NANDA VILAKKU 9 RSH PCS,NANDA VILAKKU 9 RSH .,741999,NANDA VILAKKU 9 RSH PCS NANDA VILAKKU 9 RSH .,13
NANDA VILAKU 12 RSH PCS,NANDA VILAKU 12 RSH .,741999,NANDA VILAKU 12 RSH PCS NANDA VILAKU 12 RSH .,13
Nandha Pyali Deep 3 SPL SROJ PCS,NANDHA PYALI DEEP 3 SPL SROJ .,74181010,Nandha Pyali Deep 3 SPL SROJ PCS NANDHA PYALI DEEP 3 SPL SROJ .,24
Nandha Pyali Deep 4 SPL SROJ PCS,NANDHA PYALI DEEP 4 SPL SROJ .,74181010,Nandha Pyali Deep 4 SPL SROJ PCS NANDHA PYALI DEEP 4 SPL SROJ .,24
Nandha Pyali Deep 5 SPL SROJ PCS,NANDHA PYALI DEEP 5 SPL SROJ .,74181010,Nandha Pyali Deep 5 SPL SROJ PCS NANDHA PYALI DEEP 5 SPL SROJ .,24
Nandha Pyali Deep 6 SPL SROJ PCS,NANDHA PYALI DEEP 6 SPL SROJ .,74181010,Nandha Pyali Deep 6 SPL SROJ PCS NANDHA PYALI DEEP 6 SPL SROJ .,24
Nandha Pyali Deep 7 SPL SROJ PCS,NANDHA PYALI DEEP 7 SPL SROJ .,74181010,Nandha Pyali Deep 7 SPL SROJ PCS NANDHA PYALI DEEP 7 SPL SROJ .,24
NATRAJ WHITE METAL PCS,NATRAJ WHITE METAL .,83061000,NATRAJ WHITE METAL PCS NATRAJ WHITE METAL .,33
NEEM POOJA SET-1 SROJ PCS,NEEM POOJA SET-1 SROJ .,741999,NEEM POOJA SET-1 SROJ PCS NEEM POOJA SET-1 SROJ .,13
NEEM POOJA SET-2 SROJ PCS,NEEM POOJA SET-2 SROJ .,741999,NEEM POOJA SET-2 SROJ PCS NEEM POOJA SET-2 SROJ .,13
NEEM POOJA SET-3 SROJ PCS,NEEM POOJA SET-3 SROJ .,741999,NEEM POOJA SET-3 SROJ PCS NEEM POOJA SET-3 SROJ .,13
Netter box(Jewel Box) 6.5*5 spl DIVI PCS,NETTER BOX(JEWEL BOX) 6.5*5 SPL DIVI .,442090,Netter box(Jewel Box) 6.5*5 spl DIVI PCS NETTER BOX(JEWEL BOX) 6.5*5 SPL DIVI .,2
NEW GLASS VILAKKU -1 SROJ PCS,NEW GLASS VILAKKU -1 SROJ .,74181010,NEW GLASS VILAKKU -1 SROJ PCS NEW GLASS VILAKKU -1 SROJ .,24
NEW GLASS VILAKKU -2 SROJ PCS,NEW GLASS VILAKKU -2 SROJ .,74181010,NEW GLASS VILAKKU -2 SROJ PCS NEW GLASS VILAKKU -2 SROJ .,24
NUT BOWL /792/6*6 MCBR PCS,NUT BOWL /792/6*6 MCBR .,741999,NUT BOWL /792/6*6 MCBR PCS NUT BOWL /792/6*6 MCBR .,13
O D P NO.2 RSH PCS,O D P NO.2 RSH .,74181010,O D P NO.2 RSH PCS O D P NO.2 RSH .,24
O D P NO.3 RSH PCS,O D P NO.3 RSH .,74181010,O D P NO.3 RSH PCS O D P NO.3 RSH .,24
O D P NO.4 RSH PCS,O D P NO.4 RSH .,74181010,O D P NO.4 RSH PCS O D P NO.4 RSH .,24
O D P CRYSTAL NO.102 PCS,O D P CRYSTAL NO.102 .,74181010,O D P CRYSTAL NO.102 PCS O D P CRYSTAL NO.102 .,24
O D P CRYSTAL NO.112 PCS,O D P CRYSTAL NO.112 .,74181010,O D P CRYSTAL NO.112 PCS O D P CRYSTAL NO.112 .,24
O D P CRYSTAL NO.133 PCS,O D P CRYSTAL NO.133 .,74181010,O D P CRYSTAL NO.133 PCS O D P CRYSTAL NO.133 .,24
O D P CRYSTAL NO.207 PCS,O D P CRYSTAL NO.207 .,74181010,O D P CRYSTAL NO.207 PCS O D P CRYSTAL NO.207 .,24
O D P CRYSTAL NO.70 PCS,O D P CRYSTAL NO.70 .,741819,O D P CRYSTAL NO.70 PCS O D P CRYSTAL NO.70 .,10
O D P NO ;140 RSH PCS,O D P NO ;140 RSH .,74181010,O D P NO ;140 RSH PCS O D P NO ;140 RSH .,24
O.D.P CRYSTAL 112-RSH PCS,O.D.P CRYSTAL 112-RSH .,74181010,O.D.P CRYSTAL 112-RSH PCS O.D.P CRYSTAL 112-RSH .,24
O.D.P CRYSTAL 140-RSH PCS,O.D.P CRYSTAL 140-RSH .,74181010,O.D.P CRYSTAL 140-RSH PCS O.D.P CRYSTAL 140-RSH .,24
ODP CRYSTAL 27 RSH PCS,ODP CRYSTAL 27 RSH .,74181010,ODP CRYSTAL 27 RSH PCS ODP CRYSTAL 27 RSH .,24
ODP CRYSTAL 52 RSH PCS,ODP CRYSTAL 52 RSH .,74181010,ODP CRYSTAL 52 RSH PCS ODP CRYSTAL 52 RSH .,24
ODP Crystal Matki 182 RSH PCS,ODP CRYSTAL MATKI 182 RSH .,74181010,ODP Crystal Matki 182 RSH PCS ODP CRYSTAL MATKI 182 RSH .,24
ODP Crystal Matki 70 RSH PCS,ODP CRYSTAL MATKI 70 RSH .,74181010,ODP Crystal Matki 70 RSH PCS ODP CRYSTAL MATKI 70 RSH .,24
ODP DEEP MOTI-4 SROJ PCS,ODP DEEP MOTI-4 SROJ .,74181010,ODP DEEP MOTI-4 SROJ PCS ODP DEEP MOTI-4 SROJ .,24
OM HANGING-BIG RSH PCS,OM HANGING-BIG RSH .,74181010,OM HANGING-BIG RSH PCS OM HANGING-BIG RSH .,24
OM HANGING-SMALL RSH PCS,OM HANGING-SMALL RSH .,74181010,OM HANGING-SMALL RSH PCS OM HANGING-SMALL RSH .,24
OM WITH STAND-3 RSH PCS,OM WITH STAND-3 RSH .,74181010,OM WITH STAND-3 RSH PCS OM WITH STAND-3 RSH .,24
ONE MUKH DEEP-1 KART PCS,ONE MUKH DEEP-1 KART .,74181010,ONE MUKH DEEP-1 KART PCS ONE MUKH DEEP-1 KART .,24
ONE MUKH DEEP-2 KART PCS,ONE MUKH DEEP-2 KART .,74181010,ONE MUKH DEEP-2 KART PCS ONE MUKH DEEP-2 KART .,24
ONE MUKH DEEP-3 KART PCS,ONE MUKH DEEP-3 KART .,74181010,ONE MUKH DEEP-3 KART PCS ONE MUKH DEEP-3 KART .,24
PAAN LEAF DEEP-1 SROJ PCS,PAAN LEAF DEEP-1 SROJ .,741999,PAAN LEAF DEEP-1 SROJ PCS PAAN LEAF DEEP-1 SROJ .,13
PAAN LEAF DEEP-2 SROJ PCS,PAAN LEAF DEEP-2 SROJ .,741999,PAAN LEAF DEEP-2 SROJ PCS PAAN LEAF DEEP-2 SROJ .,13
PAAN LEAF DEEP-3 SROJ PCS,PAAN LEAF DEEP-3 SROJ .,741999,PAAN LEAF DEEP-3 SROJ PCS PAAN LEAF DEEP-3 SROJ .,13
PALAKKAT ARTHI-1 RSH PCS,PALAKKAT ARTHI-1 RSH .,74181010,PALAKKAT ARTHI-1 RSH PCS PALAKKAT ARTHI-1 RSH .,24
PALAKKAT ARTHI-2 RSH PCS,PALAKKAT ARTHI-2 RSH .,741910,PALAKKAT ARTHI-2 RSH PCS PALAKKAT ARTHI-2 RSH .,11
PALAKKAT ARTHI-3 RSH PCS,PALAKKAT ARTHI-3 RSH .,741910,PALAKKAT ARTHI-3 RSH PCS PALAKKAT ARTHI-3 RSH .,11
PALAKKAT ARTHI-4 RSH PCS,PALAKKAT ARTHI-4 RSH .,74181010,PALAKKAT ARTHI-4 RSH PCS PALAKKAT ARTHI-4 RSH .,24
Pancha Arthi W / Handle-7 PCS,PANCHA ARTHI W / HANDLE-7 .,74181010,Pancha Arthi W / Handle-7 PCS PANCHA ARTHI W / HANDLE-7 .,24
PANCHAMAHAL -5 RSH PCS,PANCHAMAHAL -5 RSH .,74181010,PANCHAMAHAL -5 RSH PCS PANCHAMAHAL -5 RSH .,24
PANCHAMAHAL -2 RSH PCS,PANCHAMAHAL -2 RSH .,74181010,PANCHAMAHAL -2 RSH PCS PANCHAMAHAL -2 RSH .,24
PANCHAMAHAL -3 RSH PCS,PANCHAMAHAL -3 RSH .,74181010,PANCHAMAHAL -3 RSH PCS PANCHAMAHAL -3 RSH .,24
PANDEEP NAKSHI RSH PCS,PANDEEP NAKSHI RSH .,74181010,PANDEEP NAKSHI RSH PCS PANDEEP NAKSHI RSH .,24
PANDEEP NAKSHI-2 RSH PCS,PANDEEP NAKSHI-2 RSH .,74181010,PANDEEP NAKSHI-2 RSH PCS PANDEEP NAKSHI-2 RSH .,24
PANDEEP NO.1 PCS,PANDEEP NO.1 .,74181010,PANDEEP NO.1 PCS PANDEEP NO.1 .,24
PANDEEP NO.2 RSH PCS,PANDEEP NO.2 RSH .,74181010,PANDEEP NO.2 RSH PCS PANDEEP NO.2 RSH .,24
PANDEEP NO.4 PCS,PANDEEP NO.4 .,74181010,PANDEEP NO.4 PCS PANDEEP NO.4 .,24
Pandeep Spl 1 R S H PCS,PANDEEP SPL 1 R S H .,74181010,Pandeep Spl 1 R S H PCS PANDEEP SPL 1 R S H .,24
PANDEEP SPL-2 RSH PCS,PANDEEP SPL-2 RSH .,74181010,PANDEEP SPL-2 RSH PCS PANDEEP SPL-2 RSH .,24
PANDEEP SPL-3 RSH PCS,PANDEEP SPL-3 RSH .,74181010,PANDEEP SPL-3 RSH PCS PANDEEP SPL-3 RSH .,24
PANDEEP SPL-4 RSH PCS,PANDEEP SPL-4 RSH .,74181010,PANDEEP SPL-4 RSH PCS PANDEEP SPL-4 RSH .,24
Brass PARA 1.5  ZI   PCS,BRASS  PARA 1.5  ZI,74181010,Brass PARA 1.5  ZI   PCS BRASS  PARA 1.5  ZI,24
PEACOCK ( WHITE ) AND PCS,PEACOCK ( WHITE ) AND .,741999,PEACOCK ( WHITE ) AND PCS PEACOCK ( WHITE ) AND .,13
PIZA BAT-10 WOOD DIVI PCS,PIZA BAT-10 WOOD DIVI .,44201000,PIZA BAT-10 WOOD DIVI PCS PIZA BAT-10 WOOD DIVI .,21
PIZA BAT-11 WOOD DIVI PCS,PIZA BAT-11 WOOD DIVI .,44201000,PIZA BAT-11 WOOD DIVI PCS PIZA BAT-11 WOOD DIVI .,21
PIZA BAT-12 WOOD DIVI PCS,PIZA BAT-12 WOOD DIVI .,44201000,PIZA BAT-12 WOOD DIVI PCS PIZA BAT-12 WOOD DIVI .,21
PIZA BAT-8 WOOD DIVI PCS,PIZA BAT-8 WOOD DIVI .,44201000,PIZA BAT-8 WOOD DIVI PCS PIZA BAT-8 WOOD DIVI .,21
Pooja Set White Metal VNS PCS,POOJA SET WHITE METAL VNS .,830621,Pooja Set White Metal VNS PCS POOJA SET WHITE METAL VNS .,16
BRASS PRABHA ARCH-12  KART     PCS,BRASS PRABHA ARCH-12  KART,74181010,BRASS PRABHA ARCH-12  KART     PCS BRASS PRABHA ARCH-12  KART,24
BRASS PRABHA ARCH-18  KART    PCS,BRASS PRABHA ARCH-18  KART,74181010,BRASS PRABHA ARCH-18  KART    PCS BRASS PRABHA ARCH-18  KART,24
BRASS PRABHA ARCH-24  KART    PCS,BRASS PRABHA ARCH-24  KART,74181010,BRASS PRABHA ARCH-24  KART    PCS BRASS PRABHA ARCH-24  KART,24
PRABHA ARCH-27 PCS,PRABHA ARCH-27 .,74181010,PRABHA ARCH-27 PCS PRABHA ARCH-27 .,24
BRASS PRABHA ARCH-30  KART    PCS,BRASS PRABHA ARCH-30  KART,74181010,BRASS PRABHA ARCH-30  KART    PCS BRASS PRABHA ARCH-30  KART,24
PRABHA ARCH-33 PCS,PRABHA ARCH-33 .,74181010,PRABHA ARCH-33 PCS PRABHA ARCH-33 .,24
PRABHA ARCH-36 PCS,PRABHA ARCH-36 .,74181010,PRABHA ARCH-36 PCS PRABHA ARCH-36 .,24
PRABHA ARCH-39 PCS,PRABHA ARCH-39 .,74181010,PRABHA ARCH-39 PCS PRABHA ARCH-39 .,24
PRABHA ARCH-42 PCS,PRABHA ARCH-42 .,74181010,PRABHA ARCH-42 PCS PRABHA ARCH-42 .,24
PRABHA ARCH-45 PCS,PRABHA ARCH-45 .,74181010,PRABHA ARCH-45 PCS PRABHA ARCH-45 .,24
PRABHA ARCH-48 PCS,PRABHA ARCH-48 .,74181010,PRABHA ARCH-48 PCS PRABHA ARCH-48 .,24
PRABHA VILAKKU-10 PCS,PRABHA VILAKKU-10 .,74181010,PRABHA VILAKKU-10 PCS PRABHA VILAKKU-10 .,24
PRABHA VILAKKU-11 PCS,PRABHA VILAKKU-11 .,74181010,PRABHA VILAKKU-11 PCS PRABHA VILAKKU-11 .,24
PRABHA VILAKKU-12 PCS,PRABHA VILAKKU-12 .,74181010,PRABHA VILAKKU-12 PCS PRABHA VILAKKU-12 .,24
PRABHA VILAKKU-13 PCS,PRABHA VILAKKU-13 .,74181010,PRABHA VILAKKU-13 PCS PRABHA VILAKKU-13 .,24
PRABHA VILAKKU-14 PCS,PRABHA VILAKKU-14 .,74181010,PRABHA VILAKKU-14 PCS PRABHA VILAKKU-14 .,24
PRABHA VILAKKU-16 PCS,PRABHA VILAKKU-16 .,74181010,PRABHA VILAKKU-16 PCS PRABHA VILAKKU-16 .,24
PYALI NANDA -0 RSH PCS,PYALI NANDA -0 RSH .,74181010,PYALI NANDA -0 RSH PCS PYALI NANDA -0 RSH .,24
PYALI NANDA -00 RSH PCS,PYALI NANDA -00 RSH .,74181010,PYALI NANDA -00 RSH PCS PYALI NANDA -00 RSH .,24
PYALI NANDA -1 RSH PCS,PYALI NANDA -1 RSH .,74181010,PYALI NANDA -1 RSH PCS PYALI NANDA -1 RSH .,24
PYALI NANDA -2 RSH PCS,PYALI NANDA -2 RSH .,74181010,PYALI NANDA -2 RSH PCS PYALI NANDA -2 RSH .,24
PYALI NANDA -3 RSH PCS,PYALI NANDA -3 RSH .,74181010,PYALI NANDA -3 RSH PCS PYALI NANDA -3 RSH .,24
PYALI NANDA -4 RSH PCS,PYALI NANDA -4 RSH .,74181010,PYALI NANDA -4 RSH PCS PYALI NANDA -4 RSH .,24
PYALI NANDA -5 RSH PCS,PYALI NANDA -5 RSH .,74181010,PYALI NANDA -5 RSH PCS PYALI NANDA -5 RSH .,24
PYALI NANDA -6 RSH PCS,PYALI NANDA -6 RSH .,74181010,PYALI NANDA -6 RSH PCS PYALI NANDA -6 RSH .,24
R K Plate White PRIM PCS,R K PLATE WHITE PRIM .,83062190,R K Plate White PRIM PCS R K PLATE WHITE PRIM .,35
R K Solid 252 White PRIM PCS,R K SOLID 252 WHITE PRIM .,83062190,R K Solid 252 White PRIM PCS R K SOLID 252 WHITE PRIM .,35
Radha krishna 1407 SBNH,RADHA KRISHNA 1407 SBNH,392640,Radha krishna 1407 SBNH RADHA KRISHNA 1407 SBNH,0
Radha krishna 1410 SBNH,RADHA KRISHNA 1410 SBNH,392640,Radha krishna 1410 SBNH RADHA KRISHNA 1410 SBNH,0
Radhakrishna 1409 SBNH,RADHAKRISHNA 1409 SBNH,392640,Radhakrishna 1409 SBNH RADHAKRISHNA 1409 SBNH,0
RADHAKRISHNA WHITE PCS,RADHAKRISHNA WHITE .,83061000,RADHAKRISHNA WHITE PCS RADHAKRISHNA WHITE .,33
RK Kamal Gold VHN White Metal LKH PCS,RK KAMAL GOLD VHN WHITE METAL LKH .,830621,RK Kamal Gold VHN White Metal LKH PCS RK KAMAL GOLD VHN WHITE METAL LKH .,16
ROUND LEAF TRAY 9* 9 DIVI PCS,ROUND LEAF TRAY 9* 9 DIVI .,44201000,ROUND LEAF TRAY 9* 9 DIVI PCS ROUND LEAF TRAY 9* 9 DIVI .,21
ROUND SIZZLER PLATE-5 DIVI PCS,ROUND SIZZLER PLATE-5 DIVI .,44190010,ROUND SIZZLER PLATE-5 DIVI PCS ROUND SIZZLER PLATE-5 DIVI .,20
ROUND SIZZLER PLATE-6 DIVI PCS,ROUND SIZZLER PLATE-6 DIVI .,44190010,ROUND SIZZLER PLATE-6 DIVI PCS ROUND SIZZLER PLATE-6 DIVI .,20
RSH Kangura Kumkum Dabbi PCS,RSH KANGURA KUMKUM DABBI .,74181010,RSH Kangura Kumkum Dabbi PCS RSH KANGURA KUMKUM DABBI .,24
RSH PALAKKAD ARATHY NO: 5 PCS,RSH PALAKKAD ARATHY NO: 5 .,74181010,RSH PALAKKAD ARATHY NO: 5 PCS RSH PALAKKAD ARATHY NO: 5 .,24
RSH AG MADRASI PLATE-3 PCS,RSH AG MADRASI PLATE-3 .,741999,RSH AG MADRASI PLATE-3 PCS RSH AG MADRASI PLATE-3 .,13
RSH AGARDAN -AFK2 PCS,RSH AGARDAN -AFK2 .,74181010,RSH AGARDAN -AFK2 PCS RSH AGARDAN -AFK2 .,24
RSH AGARDHAN- MADRASI PCS,RSH AGARDHAN- MADRASI .,741910,RSH AGARDHAN- MADRASI PCS RSH AGARDHAN- MADRASI .,11
RSH BRASS PANCHA ARTHI-4 PCS,RSH BRASS PANCHA ARTHI-4 .,741999,RSH BRASS PANCHA ARTHI-4 PCS RSH BRASS PANCHA ARTHI-4 .,13
RSH BRASS PANCHA ARTHI-6 PCS,RSH BRASS PANCHA ARTHI-6 .,741999,RSH BRASS PANCHA ARTHI-6 PCS RSH BRASS PANCHA ARTHI-6 .,13
RSH CANDLE STAND-32 PCS,RSH CANDLE STAND-32 .,74181010,RSH CANDLE STAND-32 PCS RSH CANDLE STAND-32 .,24
RSH CANDLE STAND-SPL PCS,RSH CANDLE STAND-SPL .,74181010,RSH CANDLE STAND-SPL PCS RSH CANDLE STAND-SPL .,24
RSH Copper Kattori PCS,RSH COPPER KATTORI .,74181010,RSH Copper Kattori PCS RSH COPPER KATTORI .,24
RSH ODP DIAMOND 140 PCS,RSH ODP DIAMOND 140 .,74181010,RSH ODP DIAMOND 140 PCS RSH ODP DIAMOND 140 .,24
RSH ODP DIAMOND-112 PCS,RSH ODP DIAMOND-112 .,74181010,RSH ODP DIAMOND-112 PCS RSH ODP DIAMOND-112 .,24
RSH PALAKKAT ARTHI-5 PCS,RSH PALAKKAT ARTHI-5 .,741999,RSH PALAKKAT ARTHI-5 PCS RSH PALAKKAT ARTHI-5 .,13
RSH PALAKKAT ARTHI-6 PCS,RSH PALAKKAT ARTHI-6 .,732394,RSH PALAKKAT ARTHI-6 PCS RSH PALAKKAT ARTHI-6 .,7
RSH PALAKKAT ARTHI-7 PCS,RSH PALAKKAT ARTHI-7 .,74181010,RSH PALAKKAT ARTHI-7 PCS RSH PALAKKAT ARTHI-7 .,24
RSH RUDRAKSHI PLATE-AG PCS,RSH RUDRAKSHI PLATE-AG .,74181010,RSH RUDRAKSHI PLATE-AG PCS RSH RUDRAKSHI PLATE-AG .,24
RSH Suraj kumkum Dabbi PCS,RSH SURAJ KUMKUM DABBI .,74181010,RSH Suraj kumkum Dabbi PCS RSH SURAJ KUMKUM DABBI .,24
RSH Tiger Kumkum Dabbi PCS,RSH TIGER KUMKUM DABBI .,74181010,RSH Tiger Kumkum Dabbi PCS RSH TIGER KUMKUM DABBI .,24
RSH-M-LOTTA-000 PCS,RSH-M-LOTTA-000 .,74181010,RSH-M-LOTTA-000 PCS RSH-M-LOTTA-000 .,24
RSH-M-LOTTA-1 PCS,RSH-M-LOTTA-1 .,74181010,RSH-M-LOTTA-1 PCS RSH-M-LOTTA-1 .,24
RSH-M-LOTTA-2 PCS,RSH-M-LOTTA-2 .,74181010,RSH-M-LOTTA-2 PCS RSH-M-LOTTA-2 .,24
RSH-M-LOTTA-5 PCS,RSH-M-LOTTA-5 .,74181010,RSH-M-LOTTA-5 PCS RSH-M-LOTTA-5 .,24
RSH-M-LOTTA-OO PCS,RSH-M-LOTTA-OO .,74181010,RSH-M-LOTTA-OO PCS RSH-M-LOTTA-OO .,24
S MODEL TRAY 10* 6 DIVI PCS,S MODEL TRAY 10* 6 DIVI .,44201000,S MODEL TRAY 10* 6 DIVI PCS S MODEL TRAY 10* 6 DIVI .,21
Saibaba 297 White PRIM PCS,SAIBABA 297 WHITE PRIM .,83062190,Saibaba 297 White PRIM PCS SAIBABA 297 WHITE PRIM .,35
Saibaba 298 White PRIM PCS,SAIBABA 298 WHITE PRIM .,83062190,Saibaba 298 White PRIM PCS SAIBABA 298 WHITE PRIM .,35
Sarash Pair IAR White Metal LKH PCS,SARASH PAIR IAR WHITE METAL LKH .,830621,Sarash Pair IAR White Metal LKH PCS SARASH PAIR IAR WHITE METAL LKH .,16
Sarash Pair VHR White Metal LKH PCS,SARASH PAIR VHR WHITE METAL LKH .,830621,Sarash Pair VHR White Metal LKH PCS SARASH PAIR VHR WHITE METAL LKH .,16
SARASWATHI WHITE AND PCS-EL139,SARASWATHI WHITE AND .-EL139,83061000,SARASWATHI WHITE AND PCS-EL139 SARASWATHI WHITE AND .-EL139,33
SARASWATHI WHITE AND PCS-EL142,SARASWATHI WHITE AND .-EL142,83061000,SARASWATHI WHITE AND PCS-EL142 SARASWATHI WHITE AND .-EL142,33
SARASWATHI WHITE AND PCS-EL143,SARASWATHI WHITE AND .-EL143,83061000,SARASWATHI WHITE AND PCS-EL143 SARASWATHI WHITE AND .-EL143,33
Saraswati Solid 248 White PRIM PCS,SARASWATI SOLID 248 WHITE PRIM .,83062190,Saraswati Solid 248 White PRIM PCS SARASWATI SOLID 248 WHITE PRIM .,35
SERVING PLATE /819/13 MCBR PCS,SERVING PLATE /819/13 MCBR .,741999,SERVING PLATE /819/13 MCBR PCS SERVING PLATE /819/13 MCBR .,13
SHIVA LINGAM RSH-1 PCS,SHIVA LINGAM RSH-1 .,74181010,SHIVA LINGAM RSH-1 PCS SHIVA LINGAM RSH-1 .,24
SHIVA LINGAM RSH-2 PCS,SHIVA LINGAM RSH-2 .,74181010,SHIVA LINGAM RSH-2 PCS SHIVA LINGAM RSH-2 .,24
SHIVA LINGAM RSH-3 PCS,SHIVA LINGAM RSH-3 .,74181010,SHIVA LINGAM RSH-3 PCS SHIVA LINGAM RSH-3 .,24
SHIVA LINGAM-0 RSH PCS,SHIVA LINGAM-0 RSH .,74181010,SHIVA LINGAM-0 RSH PCS SHIVA LINGAM-0 RSH .,24
Singhiasan White Metal VNS PCS,SINGHIASAN WHITE METAL VNS .,830621,Singhiasan White Metal VNS PCS SINGHIASAN WHITE METAL VNS .,16
SOODATHATTU-1 RSH PCS,SOODATHATTU-1 RSH .,741999,SOODATHATTU-1 RSH PCS SOODATHATTU-1 RSH .,13
SOODATHATTU-2 RSH PCS,SOODATHATTU-2 RSH .,741999,SOODATHATTU-2 RSH PCS SOODATHATTU-2 RSH .,13
SOODATHATTU-3 PCS,SOODATHATTU-3 .,741999,SOODATHATTU-3 PCS SOODATHATTU-3 .,13
SOODATHATTU-4 RSH PCS,SOODATHATTU-4 RSH .,741999,SOODATHATTU-4 RSH PCS SOODATHATTU-4 RSH .,13
SOODATHATTU-5 RSH PCS,SOODATHATTU-5 RSH .,74181010,SOODATHATTU-5 RSH PCS SOODATHATTU-5 RSH .,24
SOODATHATTU-6 RSH PCS,SOODATHATTU-6 RSH .,74181010,SOODATHATTU-6 RSH PCS SOODATHATTU-6 RSH .,24
SOODATHATTU-7 RSH PCS,SOODATHATTU-7 RSH .,74181010,SOODATHATTU-7 RSH PCS SOODATHATTU-7 RSH .,24
SPI PARA-2.5 PCS,SPI PARA-2.5 .,74181010,SPI PARA-2.5 PCS SPI PARA-2.5 .,24
SPI PARA-3.5 PCS,SPI PARA-3.5 .,74181010,SPI PARA-3.5 PCS SPI PARA-3.5 .,24
SPI PARA-4 PCS,SPI PARA-4 .,74181010,SPI PARA-4 PCS SPI PARA-4 .,24
SPL Half Jali Book Holder 12x6 DIVI PCS,SPL HALF JALI BOOK HOLDER 12X6 DIVI .,442090,SPL Half Jali Book Holder 12x6 DIVI PCS SPL HALF JALI BOOK HOLDER 12X6 DIVI .,2
SPL Half Jali Book Holder 13x7 DIVI PCS,SPL HALF JALI BOOK HOLDER 13X7 DIVI .,442090,SPL Half Jali Book Holder 13x7 DIVI PCS SPL HALF JALI BOOK HOLDER 13X7 DIVI .,2
SPL TCR Exclusive 14 SAI PCS,SPL TCR EXCLUSIVE 14 SAI .,74181010,SPL TCR Exclusive 14 SAI PCS SPL TCR EXCLUSIVE 14 SAI .,24
SPL TCR Regular 11 SAI PCS,SPL TCR REGULAR 11 SAI .,74181010,SPL TCR Regular 11 SAI PCS SPL TCR REGULAR 11 SAI .,24
SPL TCR Regular 14 SAI PCS,SPL TCR REGULAR 14 SAI .,74181010,SPL TCR Regular 14 SAI PCS SPL TCR REGULAR 14 SAI .,24
SPL TCR Regular 16 SAI PCS,SPL TCR REGULAR 16 SAI .,74181010,SPL TCR Regular 16 SAI PCS SPL TCR REGULAR 16 SAI .,24
STAR JALI BOOK HOLDER 12X6 DIVI PCS,STAR JALI BOOK HOLDER 12X6 DIVI .,442090,STAR JALI BOOK HOLDER 12X6 DIVI PCS STAR JALI BOOK HOLDER 12X6 DIVI .,2
STAR JALI BOOK HOLDER 13X7 DIVI PCS,STAR JALI BOOK HOLDER 13X7 DIVI .,442090,STAR JALI BOOK HOLDER 13X7 DIVI PCS STAR JALI BOOK HOLDER 13X7 DIVI .,2
Surya Ganesh Plate 63 White PRIM PCS,SURYA GANESH PLATE 63 WHITE PRIM .,83062190,Surya Ganesh Plate 63 White PRIM PCS SURYA GANESH PLATE 63 WHITE PRIM .,35
TABLE BOWL /787/10 MCBR PCS,TABLE BOWL /787/10 MCBR .,741999,TABLE BOWL /787/10 MCBR PCS TABLE BOWL /787/10 MCBR .,13
TABLE BOWL /787/6.5 MCBR PCS,TABLE BOWL /787/6.5 MCBR .,741999,TABLE BOWL /787/6.5 MCBR PCS TABLE BOWL /787/6.5 MCBR .,13
TABLE BOWL /787/8.5 MCBR PCS,TABLE BOWL /787/8.5 MCBR .,741999,TABLE BOWL /787/8.5 MCBR PCS TABLE BOWL /787/8.5 MCBR .,13
BRASS TCR SPL VILAKK-26 ZI   PCS,BRASS  TCR SPL VILAKK-26   ZI,74181010,BRASS TCR SPL VILAKK-26 ZI   PCS BRASS  TCR SPL VILAKK-26   ZI,24
TCR SPL VILAKK 12 ZI PCS,TCR SPL VILAKK 12 ZI .,741999,TCR SPL VILAKK 12 ZI PCS TCR SPL VILAKK 12 ZI .,13
TCR SPL VILAKK 14 ZI PCS,TCR SPL VILAKK 14 ZI .,741999,TCR SPL VILAKK 14 ZI PCS TCR SPL VILAKK 14 ZI .,13
TCR SPL VILAKKU 16     ZI     PCS,TCR SPL VILAKKU 16     ZI,741999,TCR SPL VILAKKU 16     ZI     PCS TCR SPL VILAKKU 16     ZI,13
TCR SPL VILAKK 8 ZI PCS,TCR SPL VILAKK 8 ZI .,741999,TCR SPL VILAKK 8 ZI PCS TCR SPL VILAKK 8 ZI .,13
BRASS TCR SPL VILAKK-3  ZI   PCS,BRASS TCR SPL VILAKK-3  ZI,74181010,BRASS TCR SPL VILAKK-3  ZI   PCS BRASS TCR SPL VILAKK-3  ZI,24
BRASS TCR SPL VILAKK-4  ZI  PCS,BRASS  TCR SPL VILAKK-4  ZI,74181010,BRASS TCR SPL VILAKK-4  ZI  PCS BRASS  TCR SPL VILAKK-4  ZI,24
BRASS  TCR SPL VILAKK-5   ZI   PCS,BRASS TCR SPL VILAKK-5  ZI,74181010,BRASS  TCR SPL VILAKK-5   ZI   PCS BRASS TCR SPL VILAKK-5  ZI,24
BRASS TCR VILAKK-6  ZI   PCS,BRASS TCR VILAKK-6  ZI,74181010,BRASS TCR VILAKK-6  ZI   PCS BRASS TCR VILAKK-6  ZI,24
BRASS TCR SPL VILAKK-7  ZI  PCS,BRASS TCR SPL VILAKK-7  ZI,74181010,BRASS TCR SPL VILAKK-7  ZI  PCS BRASS TCR SPL VILAKK-7  ZI,24
TRAY PATTA INT PCS,TRAY PATTA INT .,74199930,TRAY PATTA INT PCS TRAY PATTA INT .,29
TRAY PEACOCK INT PCS,TRAY PEACOCK INT .,74199930,TRAY PEACOCK INT PCS TRAY PEACOCK INT .,29
TREASURE BOX /921/4*6 MCBR PCS,TREASURE BOX /921/4*6 MCBR .,741999,TREASURE BOX /921/4*6 MCBR PCS TREASURE BOX /921/4*6 MCBR .,13
Twig Bowl /263/4 X9 MCBR PCS,TWIG BOWL /263/4 X9 MCBR .,83061000,Twig Bowl /263/4 X9 MCBR PCS TWIG BOWL /263/4 X9 MCBR .,33
U.BOWL-2 RSH PCS,U.BOWL-2 RSH .,74181010,U.BOWL-2 RSH PCS U.BOWL-2 RSH .,24
URULI /815/ 12 MCBR PCS,URULI /815/ 12 MCBR .,741999,URULI /815/ 12 MCBR PCS URULI /815/ 12 MCBR .,13
URULI /815/ 6 MCBR PCS,URULI /815/ 6 MCBR .,741999,URULI /815/ 6 MCBR PCS URULI /815/ 6 MCBR .,13
URULI /815/ 8 MCBR PCS,URULI /815/ 8 MCBR .,741999,URULI /815/ 8 MCBR PCS URULI /815/ 8 MCBR .,13
Uruli Super Embossed / 815 / 10 MCBR PCS,URULI SUPER EMBOSSED / 815 / 10 MCBR .,741999,Uruli Super Embossed / 815 / 10 MCBR PCS URULI SUPER EMBOSSED / 815 / 10 MCBR .,13
Uruli Super Embossed / 815 / 14 MCBR PCS,URULI SUPER EMBOSSED / 815 / 14 MCBR .,741999,Uruli Super Embossed / 815 / 14 MCBR PCS URULI SUPER EMBOSSED / 815 / 14 MCBR .,13
W JEWEL BOX-001- 1 PCS,W JEWEL BOX-001- 1 .,442090,W JEWEL BOX-001- 1 PCS W JEWEL BOX-001- 1 .,2
W JEWEL BOX-6*4 DIV PCS,W JEWEL BOX-6*4 DIV .,442090,W JEWEL BOX-6*4 DIV PCS W JEWEL BOX-6*4 DIV .,2
W Alta Palta Small DIVI PCS,W ALTA PALTA SMALL DIVI .,441900,W Alta Palta Small DIVI PCS W ALTA PALTA SMALL DIVI .,1
W Bajot Gold 10*10 SBNH PCS,W BAJOT GOLD 10*10 SBNH .,442090,W Bajot Gold 10*10 SBNH PCS W BAJOT GOLD 10*10 SBNH .,2
W Bajot Gold 12*12 SBNH PCS,W BAJOT GOLD 12*12 SBNH .,442090,W Bajot Gold 12*12 SBNH PCS W BAJOT GOLD 12*12 SBNH .,2
W Bajot Gold 15*15 SBNH PCS,W BAJOT GOLD 15*15 SBNH .,442090,W Bajot Gold 15*15 SBNH PCS W BAJOT GOLD 15*15 SBNH .,2
W Bajot Gold 18*18 SBNH PCS,W BAJOT GOLD 18*18 SBNH .,442090,W Bajot Gold 18*18 SBNH PCS W BAJOT GOLD 18*18 SBNH .,2
W Bajot Gold 21*21 SBNH PCS,W BAJOT GOLD 21*21 SBNH .,442090,W Bajot Gold 21*21 SBNH PCS W BAJOT GOLD 21*21 SBNH .,2
W Bajot Gold 24*24 SBNH PCS,W BAJOT GOLD 24*24 SBNH .,442090,W Bajot Gold 24*24 SBNH PCS W BAJOT GOLD 24*24 SBNH .,2
W Bajot Gold 4*4 SBNH PCS,W BAJOT GOLD 4*4 SBNH .,442090,W Bajot Gold 4*4 SBNH PCS W BAJOT GOLD 4*4 SBNH .,2
W Bajot Gold 5*5 SBNH PCS,W BAJOT GOLD 5*5 SBNH .,442090,W Bajot Gold 5*5 SBNH PCS W BAJOT GOLD 5*5 SBNH .,2
W Bajot Gold 6*6 SBNH PCS,W BAJOT GOLD 6*6 SBNH .,442090,W Bajot Gold 6*6 SBNH PCS W BAJOT GOLD 6*6 SBNH .,2
W Bajot Gold 8*8 SBNH PCS,W BAJOT GOLD 8*8 SBNH .,442090,W Bajot Gold 8*8 SBNH PCS W BAJOT GOLD 8*8 SBNH .,2
W Bajot Silver 10*10 SBNH PCS,W BAJOT SILVER 10*10 SBNH .,442090,W Bajot Silver 10*10 SBNH PCS W BAJOT SILVER 10*10 SBNH .,2
W Bajot Silver 12*12 SBNH PCS,W BAJOT SILVER 12*12 SBNH .,442090,W Bajot Silver 12*12 SBNH PCS W BAJOT SILVER 12*12 SBNH .,2
W Bajot Silver 15*15 SBNH PCS,W BAJOT SILVER 15*15 SBNH .,442090,W Bajot Silver 15*15 SBNH PCS W BAJOT SILVER 15*15 SBNH .,2
W Bajot Silver 18*18 SBNH PCS,W BAJOT SILVER 18*18 SBNH .,442090,W Bajot Silver 18*18 SBNH PCS W BAJOT SILVER 18*18 SBNH .,2
W Bajot Silver 21*21 SBNH PCS,W BAJOT SILVER 21*21 SBNH .,442090,W Bajot Silver 21*21 SBNH PCS W BAJOT SILVER 21*21 SBNH .,2
W Bajot Silver 3*3 SBNH PCS,W BAJOT SILVER 3*3 SBNH .,442090,W Bajot Silver 3*3 SBNH PCS W BAJOT SILVER 3*3 SBNH .,2
W Bajot Silver 4*4 SBNH PICE,W BAJOT SILVER 4*4 SBNH PICE,442090,W Bajot Silver 4*4 SBNH PICE W BAJOT SILVER 4*4 SBNH PICE,2
W Bajot Silver 5*5 SBNH PICES,W BAJOT SILVER 5*5 SBNH PICES,442090,W Bajot Silver 5*5 SBNH PICES W BAJOT SILVER 5*5 SBNH PICES,2
W Bajot Silver 6*6 SBNH PICES,W BAJOT SILVER 6*6 SBNH PICES,442090,W Bajot Silver 6*6 SBNH PICES W BAJOT SILVER 6*6 SBNH PICES,2
W Bajot Silver 8*8 SBNH PCS,W BAJOT SILVER 8*8 SBNH .,442090,W Bajot Silver 8*8 SBNH PCS W BAJOT SILVER 8*8 SBNH .,2
W Bangle Stand Cutler Model DIVI PCS,W BANGLE STAND CUTLER MODEL DIVI .,44201000,W Bangle Stand Cutler Model DIVI PCS W BANGLE STAND CUTLER MODEL DIVI .,21
W Candle Stand 7`` DIVI PCS,W CANDLE STAND 7`` DIVI .,44201000,W Candle Stand 7`` DIVI PCS W CANDLE STAND 7`` DIVI .,21
W Chakla AMP 11*15 R DIVI PCS,W CHAKLA AMP 11*15 R DIVI .,441900,W Chakla AMP 11*15 R DIVI PCS W CHAKLA AMP 11*15 R DIVI .,1
W Chakla AMP 12*15 R DIVI PCS,W CHAKLA AMP 12*15 R DIVI .,441900,W Chakla AMP 12*15 R DIVI PCS W CHAKLA AMP 12*15 R DIVI .,1
W Chappathi box 7 FFC Spl DIVI PCS,W CHAPPATHI BOX 7 FFC SPL DIVI .,44201000,W Chappathi box 7 FFC Spl DIVI PCS W CHAPPATHI BOX 7 FFC SPL DIVI .,21
W Coaster Dandi Design DIVI PCS,W COASTER DANDI DESIGN DIVI .,44201000,W Coaster Dandi Design DIVI PCS W COASTER DANDI DESIGN DIVI .,21
W Coaster Dot Design DIVI PCS,W COASTER DOT DESIGN DIVI .,44201000,W Coaster Dot Design DIVI PCS W COASTER DOT DESIGN DIVI .,21
W Coaster Elephant Black Design DIVI PCS,W COASTER ELEPHANT BLACK DESIGN DIVI .,44201000,W Coaster Elephant Black Design DIVI PCS W COASTER ELEPHANT BLACK DESIGN DIVI .,21
W Coaster Kettle Design DIVI PCS,W COASTER KETTLE DESIGN DIVI .,44201000,W Coaster Kettle Design DIVI PCS W COASTER KETTLE DESIGN DIVI .,21
W Coaster Kettle Dot Design DIVI PCS,W COASTER KETTLE DOT DESIGN DIVI .,44201000,W Coaster Kettle Dot Design DIVI PCS W COASTER KETTLE DOT DESIGN DIVI .,21
W Coffee Tray (B) 15*6 DIVI PCS,W COFFEE TRAY (B) 15*6 DIVI .,44201000,W Coffee Tray (B) 15*6 DIVI PCS W COFFEE TRAY (B) 15*6 DIVI .,21
W Coffee Tray (M) 13*6 DIVI PCS,W COFFEE TRAY (M) 13*6 DIVI .,44201000,W Coffee Tray (M) 13*6 DIVI PCS W COFFEE TRAY (M) 13*6 DIVI .,21
W Coffee Tray (S) 11*6 DIVI PCS,W COFFEE TRAY (S) 11*6 DIVI .,44201000,W Coffee Tray (S) 11*6 DIVI PCS W COFFEE TRAY (S) 11*6 DIVI .,21
W Cutlery Jharni 11`` Spl DIVI PCS,W CUTLERY JHARNI 11`` SPL DIVI .,441900,W Cutlery Jharni 11`` Spl DIVI PCS W CUTLERY JHARNI 11`` SPL DIVI .,1
W Dish Spoon Big DIVI PCS,W DISH SPOON BIG DIVI .,441900,W Dish Spoon Big DIVI PCS W DISH SPOON BIG DIVI .,1
W Dish Spoon Medium DIVI PCS,W DISH SPOON MEDIUM DIVI .,441900,W Dish Spoon Medium DIVI PCS W DISH SPOON MEDIUM DIVI .,1
W Dry Fruit Box S.Bowl 2 Part DIVI PCS,W DRY FRUIT BOX S.BOWL 2 PART DIVI .,44201000,W Dry Fruit Box S.Bowl 2 Part DIVI PCS W DRY FRUIT BOX S.BOWL 2 PART DIVI .,21
W Dry Fruit Box S.Bowl 3 Part DIVI PCS,W DRY FRUIT BOX S.BOWL 3 PART DIVI .,44201000,W Dry Fruit Box S.Bowl 3 Part DIVI PCS W DRY FRUIT BOX S.BOWL 3 PART DIVI .,21
W Dry Fruit Box S.Bowl 4 Part DIVI PCS,W DRY FRUIT BOX S.BOWL 4 PART DIVI .,44201000,W Dry Fruit Box S.Bowl 4 Part DIVI PCS W DRY FRUIT BOX S.BOWL 4 PART DIVI .,21
W Face Massager Ball DIVI PCS,W FACE MASSAGER BALL DIVI .,44201000,W Face Massager Ball DIVI PCS W FACE MASSAGER BALL DIVI .,21
W Face Massager Kanta DIVI PCS,W FACE MASSAGER KANTA DIVI .,44201000,W Face Massager Kanta DIVI PCS W FACE MASSAGER KANTA DIVI .,21
W Fork 11`` Spl DIVI PCS,W FORK 11`` SPL DIVI .,441900,W Fork 11`` Spl DIVI PCS W FORK 11`` SPL DIVI .,1
W Half Round Ball Massager DIVI PCS,W HALF ROUND BALL MASSAGER DIVI .,44201000,W Half Round Ball Massager DIVI PCS W HALF ROUND BALL MASSAGER DIVI .,21
W Handle Cutter Massager DIVI PCS,W HANDLE CUTTER MASSAGER DIVI .,44201000,W Handle Cutter Massager DIVI PCS W HANDLE CUTTER MASSAGER DIVI .,21
W Jewel BOX Diamond 6*4 DIVI PCS,W JEWEL BOX DIAMOND 6*4 DIVI .,441900,W Jewel BOX Diamond 6*4 DIVI PCS W JEWEL BOX DIAMOND 6*4 DIVI .,1
W Jewel BOX Diamond 8*5 DIVI PCS,W JEWEL BOX DIAMOND 8*5 DIVI .,441900,W Jewel BOX Diamond 8*5 DIVI PCS W JEWEL BOX DIAMOND 8*5 DIVI .,1
W Jewel Box N 6*4 DIVI PCS,W JEWEL BOX N 6*4 DIVI .,44201000,W Jewel Box N 6*4 DIVI PCS W JEWEL BOX N 6*4 DIVI .,21
W Jewel Box N 8*5 DIVI PCS,W JEWEL BOX N 8*5 DIVI .,44201000,W Jewel Box N 8*5 DIVI PCS W JEWEL BOX N 8*5 DIVI .,21
W Jhara Big DIVI PCS,W JHARA BIG DIVI .,441900,W Jhara Big DIVI PCS W JHARA BIG DIVI .,1
W Jhara Long DIVI PCS,W JHARA LONG DIVI .,441900,W Jhara Long DIVI PCS W JHARA LONG DIVI .,1
W Jhara 12  DIVI PCS,W JHARA 12  DIVI .,441900,W Jhara 12  DIVI PCS W JHARA 12  DIVI .,1
W Jharni 13.5`` Medium DIVI PCS,W JHARNI 13.5`` MEDIUM DIVI .,441900,W Jharni 13.5`` Medium DIVI PCS W JHARNI 13.5`` MEDIUM DIVI .,1
W Jharni Big DIVI PCS,W JHARNI BIG DIVI .,441900,W Jharni Big DIVI PCS W JHARNI BIG DIVI .,1
W Massagers 2 Ball DIVI PCS,W MASSAGERS 2 BALL DIVI .,44201000,W Massagers 2 Ball DIVI PCS W MASSAGERS 2 BALL DIVI .,21
W Massagers D-Cutter DIVI PCS,W MASSAGERS D-CUTTER DIVI .,44201000,W Massagers D-Cutter DIVI PCS W MASSAGERS D-CUTTER DIVI .,21
W Massagers Four Ball DIVI PCS,W MASSAGERS FOUR BALL DIVI .,44201000,W Massagers Four Ball DIVI PCS W MASSAGERS FOUR BALL DIVI .,21
W Massagers Half Round Cutler DIVI PCS,W MASSAGERS HALF ROUND CUTLER DIVI .,44201000,W Massagers Half Round Cutler DIVI PCS W MASSAGERS HALF ROUND CUTLER DIVI .,21
W Massagers Long Handle DIVI PCS,W MASSAGERS LONG HANDLE DIVI .,441900,W Massagers Long Handle DIVI PCS W MASSAGERS LONG HANDLE DIVI .,1
W Money Bank Cylinder DIVI PCS,W MONEY BANK CYLINDER DIVI .,44201000,W Money Bank Cylinder DIVI PCS W MONEY BANK CYLINDER DIVI .,21
W Palta 11`` Spl DIVI PCS,W PALTA 11`` SPL DIVI .,441900,W Palta 11`` Spl DIVI PCS W PALTA 11`` SPL DIVI .,1
W Palta Big DIVI PCS,W PALTA BIG DIVI .,441900,W Palta Big DIVI PCS W PALTA BIG DIVI .,1
W Palta Medium DIVI PCS,W PALTA MEDIUM DIVI .,441900,W Palta Medium DIVI PCS W PALTA MEDIUM DIVI .,1
W Palta Small DIVI PCS,W PALTA SMALL DIVI .,441900,W Palta Small DIVI PCS W PALTA SMALL DIVI .,1
W Pan Doi 14 DIVI PCS,W PAN DOI 14 DIVI .,441900,W Pan Doi 14 DIVI PCS W PAN DOI 14 DIVI .,1
W Patla Silver 8*12 SBNH PCS,W PATLA SILVER 8*12 SBNH .,442090,W Patla Silver 8*12 SBNH PCS W PATLA SILVER 8*12 SBNH .,2
W Pyramid Agardhan Big DIVI PCS,W PYRAMID AGARDHAN BIG DIVI .,44201000,W Pyramid Agardhan Big DIVI PCS W PYRAMID AGARDHAN BIG DIVI .,21
W Rat Massager DIVI PCS,W RAT MASSAGER DIVI .,44201000,W Rat Massager DIVI PCS W RAT MASSAGER DIVI .,21
W Round Doi 12   DIVI PCS,W ROUND DOI 12   DIVI .,441900,W Round Doi 12   DIVI PCS W ROUND DOI 12   DIVI .,1
W Round Doi 14 DIVI PCS,W ROUND DOI 14 DIVI .,441900,W Round Doi 14 DIVI PCS W ROUND DOI 14 DIVI .,1
W Round Doi Medium DIVI PCS,W ROUND DOI MEDIUM DIVI .,441900,W Round Doi Medium DIVI PCS W ROUND DOI MEDIUM DIVI .,1
W Spoon 10`` Spl DIVI PCS,W SPOON 10`` SPL DIVI .,441900,W Spoon 10`` Spl DIVI PCS W SPOON 10`` SPL DIVI .,1
W Spoon Medium DIVI PCS,W SPOON MEDIUM DIVI .,441900,W Spoon Medium DIVI PCS W SPOON MEDIUM DIVI .,1
W Spoon Mini DIVI PCS,W SPOON MINI DIVI .,441900,W Spoon Mini DIVI PCS W SPOON MINI DIVI .,1
W Taper 11`` Spl DIVI PCS,W TAPER 11`` SPL DIVI .,441900,W Taper 11`` Spl DIVI PCS W TAPER 11`` SPL DIVI .,1
W Taper Rice  DIVI PCS,W TAPER RICE  DIVI .,441900,W Taper Rice  DIVI PCS W TAPER RICE  DIVI .,1
W Taper Rice B DIVI PCS,W TAPER RICE B DIVI .,441900,W Taper Rice B DIVI PCS W TAPER RICE B DIVI .,1
W tray 15*10 Strip Model DIVI PCS,W TRAY 15*10 STRIP MODEL DIVI .,44201000,W tray 15*10 Strip Model DIVI PCS W TRAY 15*10 STRIP MODEL DIVI .,21
W Tray Fire Curved 12*8 DIVI PCS,W TRAY FIRE CURVED 12*8 DIVI .,44201000,W Tray Fire Curved 12*8 DIVI PCS W TRAY FIRE CURVED 12*8 DIVI .,21
W Tray Jali Work 12*12 DIVI PCS,W TRAY JALI WORK 12*12 DIVI .,44201000,W Tray Jali Work 12*12 DIVI PCS W TRAY JALI WORK 12*12 DIVI .,21
W Tray Mat Design 15*10 DIVI PCS,W TRAY MAT DESIGN 15*10 DIVI .,44201000,W Tray Mat Design 15*10 DIVI PCS W TRAY MAT DESIGN 15*10 DIVI .,21
W Tray Octognal Design Cutler 14*9 DIVI PCS,W TRAY OCTOGNAL DESIGN CUTLER 14*9 DIVI .,44201000,W Tray Octognal Design Cutler 14*9 DIVI PCS W TRAY OCTOGNAL DESIGN CUTLER 14*9 DIVI .,21
W Tray Octognal Jali Design 15*10 DIVI PCS,W TRAY OCTOGNAL JALI DESIGN 15*10 DIVI .,44201000,W Tray Octognal Jali Design 15*10 DIVI PCS W TRAY OCTOGNAL JALI DESIGN 15*10 DIVI .,21
W Tray Patli Strip 15*10 DIVI PCS,W TRAY PATLI STRIP 15*10 DIVI .,44201000,W Tray Patli Strip 15*10 DIVI PCS W TRAY PATLI STRIP 15*10 DIVI .,21
W Tray Spl Jali Big 15*10 DIVI PCS,W TRAY SPL JALI BIG 15*10 DIVI .,44201000,W Tray Spl Jali Big 15*10 DIVI PCS W TRAY SPL JALI BIG 15*10 DIVI .,21
W. Jewel Box Strip  6*4 DIVI PCS,W. JEWEL BOX STRIP  6*4 DIVI .,441900,W. Jewel Box Strip  6*4 DIVI PCS W. JEWEL BOX STRIP  6*4 DIVI .,1
W. Jewel Box Strip Spl 7*5 DIVI PCS,W. JEWEL BOX STRIP SPL 7*5 DIVI .,442090,W. Jewel Box Strip Spl 7*5 DIVI PCS W. JEWEL BOX STRIP SPL 7*5 DIVI .,2
W. Jewel Box Strip  8*5 DIVI PCS,W. JEWEL BOX STRIP  8*5 DIVI .,441900,W. Jewel Box Strip  8*5 DIVI PCS W. JEWEL BOX STRIP  8*5 DIVI .,1
W. Patla Silver 6*4 SBNH PCS,W. PATLA SILVER 6*4 SBNH .,442090,W. Patla Silver 6*4 SBNH PCS W. PATLA SILVER 6*4 SBNH .,2
W. Pooja Box Silver 4*4 SBNH PCS,W. POOJA BOX SILVER 4*4 SBNH .,442090,W. Pooja Box Silver 4*4 SBNH PCS W. POOJA BOX SILVER 4*4 SBNH .,2
W. Pooja Box Silver 6*4 SBNH PCS,W. POOJA BOX SILVER 6*4 SBNH .,442090,W. Pooja Box Silver 6*4 SBNH PCS W. POOJA BOX SILVER 6*4 SBNH .,2
W. Pooja Box Silver 7*5 SBNH PCS,W. POOJA BOX SILVER 7*5 SBNH .,442090,W. Pooja Box Silver 7*5 SBNH PCS W. POOJA BOX SILVER 7*5 SBNH .,2
W. Pooja Box Gold 6*4 SBNH PCS,W. POOJA BOX GOLD 6*4 SBNH .,442090,W. Pooja Box Gold 6*4 SBNH PCS W. POOJA BOX GOLD 6*4 SBNH .,2
W. Pooja Box Gold 4*4 SBNH PCS,W. POOJA BOX GOLD 4*4 SBNH .,442090,W. Pooja Box Gold 4*4 SBNH PCS W. POOJA BOX GOLD 4*4 SBNH .,2
W. Pooja Box Gold 7*5 SBNH PCS,W. POOJA BOX GOLD 7*5 SBNH .,442090,W. Pooja Box Gold 7*5 SBNH PCS W. POOJA BOX GOLD 7*5 SBNH .,2
W.Cutlery Alta Palta Big DIVI PCS,W.CUTLERY ALTA PALTA BIG DIVI .,44190010,W.Cutlery Alta Palta Big DIVI PCS W.CUTLERY ALTA PALTA BIG DIVI .,20
W.Cutlery Dish Spoon Big DIVI PCS,W.CUTLERY DISH SPOON BIG DIVI .,44190010,W.Cutlery Dish Spoon Big DIVI PCS W.CUTLERY DISH SPOON BIG DIVI .,20
W.Cutlery palta Big DIVI PCS,W.CUTLERY PALTA BIG DIVI .,44190010,W.Cutlery palta Big DIVI PCS W.CUTLERY PALTA BIG DIVI .,20
W. Pan Doi 12 DIVI PCS,W. PAN DOI 12 DIVI .,441900,W. Pan Doi 12 DIVI PCS W. PAN DOI 12 DIVI .,1
W.Cutlery Spl 12`` (Set of 6) DIVI PCS,W.CUTLERY SPL 12`` (SET OF 6) DIVI .,44190010,W.Cutlery Spl 12`` (Set of 6) DIVI PCS W.CUTLERY SPL 12`` (SET OF 6) DIVI .,20
W.Cutlery Taper Rice DIVI PCS,W.CUTLERY TAPER RICE DIVI .,44190010,W.Cutlery Taper Rice DIVI PCS W.CUTLERY TAPER RICE DIVI .,20
W.Cutlery Tharni Big DIVI PCS,W.CUTLERY THARNI BIG DIVI .,44190010,W.Cutlery Tharni Big DIVI PCS W.CUTLERY THARNI BIG DIVI .,20
W.Jewel Box Gold 9*7 SBNH PCS,W.JEWEL BOX GOLD 9*7 SBNH .,442090,W.Jewel Box Gold 9*7 SBNH PCS W.JEWEL BOX GOLD 9*7 SBNH .,2
W.Jewel Box Silver 9*7 SBNH PCS,W.JEWEL BOX SILVER 9*7 SBNH .,442090,W.Jewel Box Silver 9*7 SBNH PCS W.JEWEL BOX SILVER 9*7 SBNH .,2
W.Patla Gold 6*4 SBNH PCS,W.PATLA GOLD 6*4 SBNH .,442090,W.Patla Gold 6*4 SBNH PCS W.PATLA GOLD 6*4 SBNH .,2
W.Patla Gold 7*10 SBNH PCS,W.PATLA GOLD 7*10 SBNH .,442090,W.Patla Gold 7*10 SBNH PCS W.PATLA GOLD 7*10 SBNH .,2
W.Patla Gold 8*5 SBNH PCS,W.PATLA GOLD 8*5 SBNH .,442090,W.Patla Gold 8*5 SBNH PCS W.PATLA GOLD 8*5 SBNH .,2
W.Patla Silver 7*10 SBNH PCS,W.PATLA SILVER 7*10 SBNH .,442090,W.Patla Silver 7*10 SBNH PCS W.PATLA SILVER 7*10 SBNH .,2
W.Patla Silver 8*5 SBNH PCS,W.PATLA SILVER 8*5 SBNH .,442090,W.Patla Silver 8*5 SBNH PCS W.PATLA SILVER 8*5 SBNH .,2
WALL KANNADI-3 SWST PCS,WALL KANNADI-3 SWST .,74181010,WALL KANNADI-3 SWST PCS WALL KANNADI-3 SWST .,24
WALL KANNADI-4 SWST PCS,WALL KANNADI-4 SWST .,74181010,WALL KANNADI-4 SWST PCS WALL KANNADI-4 SWST .,24
WALL KANNADI-5 SWST PCS,WALL KANNADI-5 SWST .,74181010,WALL KANNADI-5 SWST PCS WALL KANNADI-5 SWST .,24
WALL KANNADI-6 SWST PCS,WALL KANNADI-6 SWST .,74181010,WALL KANNADI-6 SWST PCS WALL KANNADI-6 SWST .,24
WALL KANNADI-7 SWST PCS,WALL KANNADI-7 SWST .,74181010,WALL KANNADI-7 SWST PCS WALL KANNADI-7 SWST .,24
WALL KANNADI-8 SWST PCS,WALL KANNADI-8 SWST .,74181010,WALL KANNADI-8 SWST PCS WALL KANNADI-8 SWST .,24
WD CASH BOX-BIG Lock type PCS,WD CASH BOX-BIG LOCK TYPE .,44170000,WD CASH BOX-BIG Lock type PCS WD CASH BOX-BIG LOCK TYPE .,19
WD CASH BOX-small Lock type PCS,WD CASH BOX-SMALL LOCK TYPE .,44170000,WD CASH BOX-small Lock type PCS WD CASH BOX-SMALL LOCK TYPE .,19
WD HANDLE ARTHY RSH No.6 PCS,WD HANDLE ARTHY RSH NO.6 .,74181010,WD HANDLE ARTHY RSH No.6 PCS WD HANDLE ARTHY RSH NO.6 .,24
WD HANDLE ARTHY RSH No.7 PCS,WD HANDLE ARTHY RSH NO.7 .,74181010,WD HANDLE ARTHY RSH No.7 PCS WD HANDLE ARTHY RSH NO.7 .,24
WHITE METAL TEMPLE L.G-2 PCS,WHITE METAL TEMPLE L.G-2 .,74181010,WHITE METAL TEMPLE L.G-2 PCS WHITE METAL TEMPLE L.G-2 .,24
WHITE METAL TEMPLE L.G-3 PCS,WHITE METAL TEMPLE L.G-3 .,74181010,WHITE METAL TEMPLE L.G-3 PCS WHITE METAL TEMPLE L.G-3 .,24
White Saraswathi Holo VIRN LKH PCS,WHITE SARASWATHI HOLO VIRN LKH .,83062910,White Saraswathi Holo VIRN LKH PCS WHITE SARASWATHI HOLO VIRN LKH .,36
White Saraswathi Solid VNGR LKH PCS,WHITE SARASWATHI SOLID VNGR LKH .,83062910,White Saraswathi Solid VNGR LKH PCS WHITE SARASWATHI SOLID VNGR LKH .,36
WOOD 3 CORNER SHELF DIVI PCS,WOOD 3 CORNER SHELF DIVI .,44190010,WOOD 3 CORNER SHELF DIVI PCS WOOD 3 CORNER SHELF DIVI .,20
WOOD 4 CORNER SHELF DIVI PCS,WOOD 4 CORNER SHELF DIVI .,44190010,WOOD 4 CORNER SHELF DIVI PCS WOOD 4 CORNER SHELF DIVI .,20
Wood Dry Fruit Box 4 Parts DIVI PCS,WOOD DRY FRUIT BOX 4 PARTS DIVI .,44190010,Wood Dry Fruit Box 4 Parts DIVI PCS WOOD DRY FRUIT BOX 4 PARTS DIVI .,20
Wood Hand Mirror Spl 7*4 DIVI PCS,WOOD HAND MIRROR SPL 7*4 DIVI .,442090,Wood Hand Mirror Spl 7*4 DIVI PCS WOOD HAND MIRROR SPL 7*4 DIVI .,2
WOOD jewelBOX 8X 5 DIVI PCS,WOOD JEWELBOX 8X 5 DIVI .,44190010,WOOD jewelBOX 8X 5 DIVI PCS WOOD JEWELBOX 8X 5 DIVI .,20
WOOD jewell BOX 7 X 5 DIVI PCS,WOOD JEWELL BOX 7 X 5 DIVI .,44190010,WOOD jewell BOX 7 X 5 DIVI PCS WOOD JEWELL BOX 7 X 5 DIVI .,20
WOOD JewellBOX 6 X 4 DIVI PCS,WOOD JEWELLBOX 6 X 4 DIVI .,44190010,WOOD JewellBOX 6 X 4 DIVI PCS WOOD JEWELLBOX 6 X 4 DIVI .,20
Wood Kerala Box 9x7 Spl Work - DIVI PCS,WOOD KERALA BOX 9X7 SPL WORK - DIVI .,442090,Wood Kerala Box 9x7 Spl Work - DIVI PCS WOOD KERALA BOX 9X7 SPL WORK - DIVI .,2
Wood Masala Box 4 Parts DIVI PCS,WOOD MASALA BOX 4 PARTS DIVI .,44190010,Wood Masala Box 4 Parts DIVI PCS WOOD MASALA BOX 4 PARTS DIVI .,20
Wood Masala Box 9 Parts DIVI PCS,WOOD MASALA BOX 9 PARTS DIVI .,44190010,Wood Masala Box 9 Parts DIVI PCS WOOD MASALA BOX 9 PARTS DIVI .,20
Wood MRT strip 16*6 divi PCS,WOOD MRT STRIP 16*6 DIVI .,442090,Wood MRT strip 16*6 divi PCS WOOD MRT STRIP 16*6 DIVI .,2
WOOD NETTER BOX SMALL   DIVI PCS,WOOD NETTER BOX SMALL   DIVI .,44201000,WOOD NETTER BOX SMALL   DIVI PCS WOOD NETTER BOX SMALL   DIVI .,21
WOOD NETTER BOX MEDIUM   DIVI PCS,WOOD NETTER BOX MEDIUM   DIVI .,44201000,WOOD NETTER BOX MEDIUM   DIVI PCS WOOD NETTER BOX MEDIUM   DIVI .,21
WOOD NETTER BOX BIG   DIVI PCS,WOOD NETTER BOX BIG   DIVI .,44201000,WOOD NETTER BOX BIG   DIVI PCS WOOD NETTER BOX BIG   DIVI .,21
Wooden Belly Para 11*11 Dom MENH PCS,WOODEN BELLY PARA 11*11 DOM MENH .,441900,Wooden Belly Para 11*11 Dom MENH PCS WOODEN BELLY PARA 11*11 DOM MENH .,1
Wood Para 2pcs Set MENH PCS,WOOD PARA 2. SET MENH .,441900,Wood Para 2pcs Set MENH PCS WOOD PARA 2. SET MENH .,1
Wooden Para Big 10*10 MENH PCS,WOODEN PARA BIG 10*10 MENH .,441900,Wooden Para Big 10*10 MENH PCS WOODEN PARA BIG 10*10 MENH .,1
Wood Spice Box 8x8 Partition - DIVI PCS,WOOD SPICE BOX 8X8 PARTITION - DIVI .,442090,Wood Spice Box 8x8 Partition - DIVI PCS WOOD SPICE BOX 8X8 PARTITION - DIVI .,2
Woood Angoori Book Holder 12x6 DIVI PCS,WOOOD ANGOORI BOOK HOLDER 12X6 DIVI .,442090,Woood Angoori Book Holder 12x6 DIVI PCS WOOOD ANGOORI BOOK HOLDER 12X6 DIVI .,2
Woood Angoori Book Holder 13x7 DIVI PCS,WOOOD ANGOORI BOOK HOLDER 13X7 DIVI .,442090,Woood Angoori Book Holder 13x7 DIVI PCS WOOOD ANGOORI BOOK HOLDER 13X7 DIVI .,2
Brass Plate Paheldar 1/3       KMLH     PCS,BRASS PLATE PAHELDAR 1/3       KMLH,741999,Brass Plate Paheldar 1/3       KMLH     PCS BRASS PLATE PAHELDAR 1/3       KMLH,13
Brass Plate Paheldar 2/3.5       KMLH      PCS,BRASS PLATE PAHELDAR 2/3.5       KMLH,741999,Brass Plate Paheldar 2/3.5       KMLH      PCS BRASS PLATE PAHELDAR 2/3.5       KMLH,13
Brass Plate Paheldar 3/4       KMLH     PCS,BRASS PLATE PAHELDAR 3/4       KMLH,741999,Brass Plate Paheldar 3/4       KMLH     PCS BRASS PLATE PAHELDAR 3/4       KMLH,13
Brass Plate Paheldar 5/5       KMLH      PCS,BRASS PLATE PAHELDAR 5/5       KMLH,741999,Brass Plate Paheldar 5/5       KMLH      PCS BRASS PLATE PAHELDAR 5/5       KMLH,13
Brass Pan Plate 3 DIBI       KMLH       PCS,BRASS PAN PLATE 3 DIBI       KMLH,741999,Brass Pan Plate 3 DIBI       KMLH       PCS BRASS PAN PLATE 3 DIBI       KMLH,13
Brass Uruli Stand New 21       KMLH      PCS,BRASS URULI STAND NEW 21       KMLH,741999,Brass Uruli Stand New 21       KMLH      PCS BRASS URULI STAND NEW 21       KMLH,13
Brass Uruli Stand New 23       KMLH         PCS,BRASS URULI STAND NEW 23       KMLH,741999,Brass Uruli Stand New 23       KMLH         PCS BRASS URULI STAND NEW 23       KMLH,13
Brass Gangalam Uruli 00       KMLH        PCS,BRASS GANGALAM URULI 00       KMLH,741999,Brass Gangalam Uruli 00       KMLH        PCS BRASS GANGALAM URULI 00       KMLH,13
Brass Gangalam Uruli 1       KMLH     PCS,BRASS GANGALAM URULI 1       KMLH,741999,Brass Gangalam Uruli 1       KMLH     PCS BRASS GANGALAM URULI 1       KMLH,13
Brass Gangalam Uruli 2       KMLH      PCS,BRASS GANGALAM URULI 2       KMLH,741999,Brass Gangalam Uruli 2       KMLH      PCS BRASS GANGALAM URULI 2       KMLH,13
Brass Tulsi Deep 1       KMLH     PCS,BRASS TULSI DEEP 1       KMLH,741999,Brass Tulsi Deep 1       KMLH     PCS BRASS TULSI DEEP 1       KMLH,13
Brass OM Devi 8       KMLH    PCS,BRASS OM DEVI 8       KMLH,741999,Brass OM Devi 8       KMLH    PCS BRASS OM DEVI 8       KMLH,13
Brass OM Devi 9       KMLH     PCS,BRASS OM DEVI 9       KMLH,741999,Brass OM Devi 9       KMLH     PCS BRASS OM DEVI 9       KMLH,13
Brass OM Devi 11       KMLH      PCS,BRASS OM DEVI 11       KMLH,741999,Brass OM Devi 11       KMLH      PCS BRASS OM DEVI 11       KMLH,13
Brass Elephant Lamp   FRD       KG,BRASS ELEPHANT LAMP   FRD,83062910,Brass Elephant Lamp   FRD       KG BRASS ELEPHANT LAMP   FRD,36
Brass Deep Laxmi   FRD         KG,BRASS DEEP LAXMI   FRD,83062910,Brass Deep Laxmi   FRD         KG BRASS DEEP LAXMI   FRD,36
Brass ANP Vilakku LW   JB        KG,BRASS ANP VILAKKU  JB,741999,Brass ANP Vilakku LW   JB        KG BRASS ANP VILAKKU  JB,13
Copper Thalika Kudam 27   KART     K-P,COPPER THALIKA KUDAM 27   KART,74181010,Copper Thalika Kudam 27   KART     K-P COPPER THALIKA KUDAM 27   KART,24
Copper Plate 6    DHIN       K-P,COPPER PLATE 6    DHIN,741810,Copper Plate 6    DHIN       K-P COPPER PLATE 6    DHIN,9
Copper Plate 7    DHIN         K-P,COPPER PLATE 7    DHIN,741810,Copper Plate 7    DHIN         K-P COPPER PLATE 7    DHIN,9
Brass Karpoor Arthi LW 2      DHIN      PCS,BRASS KARPOOR ARTHI LW 2      DHIN,741999,Brass Karpoor Arthi LW 2      DHIN      PCS BRASS KARPOOR ARTHI LW 2      DHIN,13
Brass Karpoor Arthi LW 4      DHIN         PCS,BRASS KARPOOR ARTHI LW 4      DHIN,741999,Brass Karpoor Arthi LW 4      DHIN         PCS BRASS KARPOOR ARTHI LW 4      DHIN,13
Brass Karpoor Arthi LW 5      DHIN      PCS,BRASS KARPOOR ARTHI LW 5      DHIN,741999,Brass Karpoor Arthi LW 5      DHIN      PCS BRASS KARPOOR ARTHI LW 5      DHIN,13
Brass AKP UM 8    DHIN      PCS,BRASS AKP UM 8    DHIN,741999,Brass AKP UM 8    DHIN      PCS BRASS AKP UM 8    DHIN,13
Brass Frame Ayyappa  BNKI         K-P,BRASS FRAME AYYAPPA  BNKI,83062910,Brass Frame Ayyappa  BNKI         K-P BRASS FRAME AYYAPPA  BNKI,36
Brass Ayyappa   BNKI     K-P,BRASS AYYAPPA   BNKI,83062910,Brass Ayyappa   BNKI     K-P BRASS AYYAPPA   BNKI,36
Brass Agardan Ghada 2    POP      PCS,BRASS AGARDAN GHADA 2 POP .,741999,Brass Agardan Ghada 2    POP      PCS BRASS AGARDAN GHADA 2 POP .,13
Brass Agardan Ghada 3    POP      PCS,BRASS AGARDAN GHADA 3    POP.,74199930,Brass Agardan Ghada 3    POP      PCS BRASS AGARDAN GHADA 3    POP.,29
Brass Coffee Dabbara Set Shine  VNS     PCS,BRASS COFFEE DABBARA SET SHINE  VNS,741810,Brass Coffee Dabbara Set Shine  VNS     PCS BRASS COFFEE DABBARA SET SHINE  VNS,9
Brass Paragi Chembu 1    SHILP     PCS,BRASS PARAGI CHEMBU 1    SHILP,741810,Brass Paragi Chembu 1    SHILP     PCS BRASS PARAGI CHEMBU 1    SHILP,9
Brass Paragi Chembu 2    SHILP      PCS,BRASS PARAGI CHEMBU 2    SHILP,741810,Brass Paragi Chembu 2    SHILP      PCS BRASS PARAGI CHEMBU 2    SHILP,9
Brass Kerala Deep 410-4    SHILP      PCS,BRASS KERALA DEEP 410-4    SHILP,741810,Brass Kerala Deep 410-4    SHILP      PCS BRASS KERALA DEEP 410-4    SHILP,9
Brass Kerala Deep 410-5    SHILP     PCS,BRASS KERALA DEEP 410-5    SHILP,741810,Brass Kerala Deep 410-5    SHILP     PCS BRASS KERALA DEEP 410-5    SHILP,9
Brass Kerala Deep 410-6    SHILP     PCS,BRASS KERALA DEEP 410-6    SHILP,741810,Brass Kerala Deep 410-6    SHILP     PCS BRASS KERALA DEEP 410-6    SHILP,9
Brass Kerala Deep 410-7    SHILP    PCS,BRASS KERALA DEEP 410-7    SHILP,741810,Brass Kerala Deep 410-7    SHILP    PCS BRASS KERALA DEEP 410-7    SHILP,9
Copper Bowl Small     SHILP      PCS,COPPER BOWL SMALL     SHILP,741810,Copper Bowl Small     SHILP      PCS COPPER BOWL SMALL     SHILP,9
Brass Chembu 3    SHILP     PCS,BRASS CHEMBU 3    SHILP,741810,Brass Chembu 3    SHILP     PCS BRASS CHEMBU 3    SHILP,9
Brass Beeding Plate Ring 12   RAJTN     K-P,BRASS BEEDING PLATE RING 12   RAJTN,83062910,Brass Beeding Plate Ring 12   RAJTN     K-P BRASS BEEDING PLATE RING 12   RAJTN,36
Brass Sada Uruli   ZI       KG,BRASS SADA URULI   ZI,741999,Brass Sada Uruli   ZI       KG BRASS SADA URULI   ZI,13
Brass New Uruli   ZI      KG,BRASS NEW URULI   ZI,741999,Brass New Uruli   ZI      KG BRASS NEW URULI   ZI,13
Brass Sev Sancha 450 PUJM      PCS,BRASS SEV SANCHA 450 PUJM,741810,Brass Sev Sancha 450 PUJM      PCS BRASS SEV SANCHA 450 PUJM,9
Brass Sev Sancha 700 PUJM     PCS,BRASS SEV SANCHA 700 PUJM,741810,Brass Sev Sancha 700 PUJM     PCS BRASS SEV SANCHA 700 PUJM,9
Brass Sev Sancha 800 PUJM     PCS,BRASS SEV SANCHA 800 PUJM,741810,Brass Sev Sancha 800 PUJM     PCS BRASS SEV SANCHA 800 PUJM,9
Brass Sev Sancha Diamond 600 PUJM    PCS,BRASS SEV SANCHA DIAMOND 600 PUJM,741810,Brass Sev Sancha Diamond 600 PUJM    PCS BRASS SEV SANCHA DIAMOND 600 PUJM,9
Brass Sev Sancha Diamond 700 PUJM    PCS,BRASS SEV SANCHA DIAMOND 700 PUJM,741810,Brass Sev Sancha Diamond 700 PUJM    PCS BRASS SEV SANCHA DIAMOND 700 PUJM,9
Brass Star Welcome Jyothi 1  AZD     PCS,BRASS STAR WELCOME JYOTHI 1  AZD.,74181010,Brass Star Welcome Jyothi 1  AZD     PCS BRASS STAR WELCOME JYOTHI 1  AZD.,24
Brass Star Welcome Jyothi 2  AZD     PCS,BRASS STAR WELCOME JYOTHI 2  AZD,74181010,Brass Star Welcome Jyothi 2  AZD     PCS BRASS STAR WELCOME JYOTHI 2  AZD,24
Brass Star Welcome Jyothi 3  AZD    PCS,BRASS STAR WELCOME JYOTHI 3  AZD,74181010,Brass Star Welcome Jyothi 3  AZD    PCS BRASS STAR WELCOME JYOTHI 3  AZD,24
Brass Star Welcome Jyothi 4  AZD    PCS,BRASS STAR WELCOME JYOTHI 4  AZD,74181010,Brass Star Welcome Jyothi 4  AZD    PCS BRASS STAR WELCOME JYOTHI 4  AZD,24
Wood House Boat 15   MENH    PCS,WOOD HOUSE BOAT 15   MENH,44190010,Wood House Boat 15   MENH    PCS WOOD HOUSE BOAT 15   MENH,20
Wood House Boat 18   MENH     PCS,WOOD HOUSE BOAT 18   MENH,44190010,Wood House Boat 18   MENH     PCS WOOD HOUSE BOAT 18   MENH,20
Wood Snake Boat 15   MENH    PCS,WOOD SNAKE BOAT 15   MENH,44190010,Wood Snake Boat 15   MENH    PCS WOOD SNAKE BOAT 15   MENH,20
Wood Snake Boat 18   MENH    PCS,WOOD SNAKE BOAT 18   MENH,44190010,Wood Snake Boat 18   MENH    PCS WOOD SNAKE BOAT 18   MENH,20
Wood Jewel Box Kerala 6*5*6   MENH     PCS,WOOD JEWEL BOX KERALA 6*5*6   MENH,44190010,Wood Jewel Box Kerala 6*5*6   MENH     PCS WOOD JEWEL BOX KERALA 6*5*6   MENH,20
WD   CASH BOX-B3            PCS,WD   CASH BOX-B3,44170000,WD   CASH BOX-B3            PCS WD   CASH BOX-B3,19
TCR SPL VILAKKU 18    ZI     PCS,TCR SPL VILAKKU 18    ZI,741999,TCR SPL VILAKKU 18    ZI     PCS TCR SPL VILAKKU 18    ZI,13
TCR SPL VILAKKU 20    ZI       PCS,TCR SPL VILAKKU 20    ZI,741999,TCR SPL VILAKKU 20    ZI       PCS TCR SPL VILAKKU 20    ZI,13
Brass AKP UM 10 DHIN      PCS,BRASS AKP UM 10 DHIN,741999,Brass AKP UM 10 DHIN      PCS BRASS AKP UM 10 DHIN,13
Brass Diwala    DHIN     K-P,BRASS DIWALA    DHIN,741999,Brass Diwala    DHIN     K-P BRASS DIWALA    DHIN,13
Brass Rocket Lamp 0 1    SR    KG,BRASS ROCKET LAMP 0 1    SR,74181010,Brass Rocket Lamp 0 1    SR    KG BRASS ROCKET LAMP 0 1    SR,24
Brass Shiva Parvathi      BNKI      K-P,BRASS SHIVA PARVATHI      BNKI,83062910,Brass Shiva Parvathi      BNKI      K-P BRASS SHIVA PARVATHI      BNKI,36
Brass Pancharti with Kamal Deepak   BNKI     K-P,BRASS PANCHARTI WITH KAMAL DEEPAK   BNKI,83062910,Brass Pancharti with Kamal Deepak   BNKI     K-P BRASS PANCHARTI WITH KAMAL DEEPAK   BNKI,36
Brass Duck Dhoopdaani     BNKI     K-P,BRASS DUCK DHOOPDAANI     BNKI,83062910,Brass Duck Dhoopdaani     BNKI     K-P BRASS DUCK DHOOPDAANI     BNKI,36
Brass Garooda Vila    SWA    KG,BRASS GAROODA VILA    SWA,74181010,Brass Garooda Vila    SWA    KG BRASS GAROODA VILA    SWA,24
Brass Etching Thal Plate   SWA      KG,BRASS ETCHING THAL PLATE   SWA,74181010,Brass Etching Thal Plate   SWA      KG BRASS ETCHING THAL PLATE   SWA,24
Brass Tumbler  120     VNS      PCS,BRASS TUMBLER  120     VNS,741810,Brass Tumbler  120     VNS      PCS BRASS TUMBLER  120     VNS,9
Brass Tumbler  150     VNS       PCS,BRASS TUMBLER  150     VNS,741810,Brass Tumbler  150     VNS       PCS BRASS TUMBLER  150     VNS,9
Brass Tumbler  180     VNS         PCS,BRASS TUMBLER  180     VNS,741810,Brass Tumbler  180     VNS         PCS BRASS TUMBLER  180     VNS,9
Brass Nadan AKP Vilakku     SWA    KG,BRASS NADAN AKP VILAKKU     SWA,74181010,Brass Nadan AKP Vilakku     SWA    KG BRASS NADAN AKP VILAKKU     SWA,24
Brass Vishnu Deep Annam Sanku Chakkar       SWA     KG,BRASS VISHNU DEEP ANNAM SANKU CHAKKAR  SWA,74181010,Brass Vishnu Deep Annam Sanku Chakkar       SWA     KG BRASS VISHNU DEEP ANNAM SANKU CHAKKAR  SWA,24
Brass Horse Lamp     SWA       KG,BRASS HORSE LAMP     SWA,74181010,Brass Horse Lamp     SWA       KG BRASS HORSE LAMP     SWA,24
Brass AKP Mass Vilakku 10    SWA     PCS,BRASS AKP MASS VILAKKU 10    SWA,741810,Brass AKP Mass Vilakku 10    SWA     PCS BRASS AKP MASS VILAKKU 10    SWA,9
Brass AKP Mass Vilakku 9    SWA      PCS,BRASS AKP MASS VILAKKU 9    SWA,741810,Brass AKP Mass Vilakku 9    SWA      PCS BRASS AKP MASS VILAKKU 9    SWA,9
Brass Durga Base    BNKI     K-P,BRASS DURGA BASE    BNKI,83062910,Brass Durga Base    BNKI     K-P BRASS DURGA BASE    BNKI,36
Brass Durga     BNKI      K-P,BRASS DURGA     BNKI,83062910,Brass Durga     BNKI      K-P BRASS DURGA     BNKI,36
Brass Durga 145    BNKI      K-P,BRASS DURGA 145    BNKI,83062910,Brass Durga 145    BNKI      K-P BRASS DURGA 145    BNKI,36
Brass Durga 149    BNKI     K-P,BRASS DURGA 149    BNKI,83062910,Brass Durga 149    BNKI     K-P BRASS DURGA 149    BNKI,36
Brass Durga 157     BNKI     K-P,BRASS DURGA 157     BNKI,83062910,Brass Durga 157     BNKI     K-P BRASS DURGA 157     BNKI,36
Brass Varagi    BNKI    K-P,BRASS VARAGI    BNKI,83062910,Brass Varagi    BNKI    K-P BRASS VARAGI    BNKI,36
Brass Varagi with out Frame    BNKI    K-P,BRASS VARAGI WITH OUT FRAME    BNKI,83062910,Brass Varagi with out Frame    BNKI    K-P BRASS VARAGI WITH OUT FRAME    BNKI,36
Brass Varagi Frame    BNKI    K-P,BRASS VARAGI FRAME    BNKI,83062910,Brass Varagi Frame    BNKI    K-P BRASS VARAGI FRAME    BNKI,36
Brass Varahi     BNKI     K-P,BRASS VARAHI     BNKI,83062910,Brass Varahi     BNKI     K-P BRASS VARAHI     BNKI,36
BRASS JOINT RADHA KRISHNA    BNKI     K-P,BRASS JOINT RADHA KRISHNA    BNKI,83062910,BRASS JOINT RADHA KRISHNA    BNKI     K-P BRASS JOINT RADHA KRISHNA    BNKI,36
BRASS JOINT RADHA KRISHNAS BNKI    K-P,BRASS JOINT RADHA KRISHNAS BNKI,83062910,BRASS JOINT RADHA KRISHNAS BNKI    K-P BRASS JOINT RADHA KRISHNAS BNKI,36
Brass Joint Radha Krishna 108    BNKI    K-P,BRASS JOINT RADHA KRISHNA 108    BNKI,83062910,Brass Joint Radha Krishna 108    BNKI    K-P BRASS JOINT RADHA KRISHNA 108    BNKI,36
Brass Radha Krishna    BNKI    K-P,BRASS RADHA KRISHNA    BNKI,83062910,Brass Radha Krishna    BNKI    K-P BRASS RADHA KRISHNA    BNKI,36
BRASS KRISHNA 126     BNKI     K-P,BRASS KRISHNA 126     BNKI,83062910,BRASS KRISHNA 126     BNKI     K-P BRASS KRISHNA 126     BNKI,36
Brass Cow Krishna Round Base   BNKI    K-P,BRASS COW KRISHNA ROUND BASE   BNKI,83062910,Brass Cow Krishna Round Base   BNKI    K-P BRASS COW KRISHNA ROUND BASE   BNKI,36
BRASS JOINT RADHA KRISHNAR    BNKI    K-P,BRASS JOINT RADHA KRISHNAR    BNKI,83062910,BRASS JOINT RADHA KRISHNAR    BNKI    K-P BRASS JOINT RADHA KRISHNAR    BNKI,36
Brass Cow Radha Krishna 236     BNKI    K-P,BRASS COW RADHA KRISHNA 236     BNKI,83062910,Brass Cow Radha Krishna 236     BNKI    K-P BRASS COW RADHA KRISHNA 236     BNKI,36
Brass Cow Krishna    BNKI     K-P,BRASS COW KRISHNA    BNKI,83062910,Brass Cow Krishna    BNKI     K-P BRASS COW KRISHNA    BNKI,36
Brass Krishna     BNKI     K-P,BRASS KRISHNA     BNKI,83062910,Brass Krishna     BNKI     K-P BRASS KRISHNA     BNKI,36
Brass Standing Krishna    BNKI     K-P,BRASS STANDING KRISHNA    BNKI,83062910,Brass Standing Krishna    BNKI     K-P BRASS STANDING KRISHNA    BNKI,36
Brass KrishnaGol Base    BNKI     K-P,BRASS KRISHNAGOL BASE    BNKI,83062910,Brass KrishnaGol Base    BNKI     K-P BRASS KRISHNAGOL BASE    BNKI,36
Brass Krishna 335       BNKI    K-P,BRASS KRISHNA 335       BNKI,83062910,Brass Krishna 335       BNKI    K-P BRASS KRISHNA 335       BNKI,36
Brass Krishna 344     BNKI    K-P,BRASS KRISHNA 344     BNKI,83062910,Brass Krishna 344     BNKI    K-P BRASS KRISHNA 344     BNKI,36
Brass Kamal Krishna     BNKI    PCS,BRASS KAMAL KRISHNA     BNKI,83062910,Brass Kamal Krishna     BNKI    PCS BRASS KAMAL KRISHNA     BNKI,36
Brass Cow Krishna 352      BNKI     K-P,BRASS COW KRISHNA 352      BNKI,83062910,Brass Cow Krishna 352      BNKI     K-P BRASS COW KRISHNA 352      BNKI,36
Brass Krishna Gol Base     BNKI     K-P,BRASS KRISHNA GOL BASE     BNKI,83062910,Brass Krishna Gol Base     BNKI     K-P BRASS KRISHNA GOL BASE     BNKI,36
Brass Hanging Standing Radha Krishna Plate    BNKI    K-P,BRASS HANGING STANDING RADHA KRISHNA PLATE    BNKI,83062910,Brass Hanging Standing Radha Krishna Plate    BNKI    K-P BRASS HANGING STANDING RADHA KRISHNA PLATE    BNKI,36
Brass Hanging Sitting Radha Krishna Plate     BNKI   K-P,BRASS HANGING SITTING RADHA KRISHNA PLATE     BNKI,83062910,Brass Hanging Sitting Radha Krishna Plate     BNKI   K-P BRASS HANGING SITTING RADHA KRISHNA PLATE     BNKI,36
Brass Hand Sitting Radha Krishna    BNKI    K-P,BRASS HAND SITTING RADHA KRISHNA    BNKI,83062910,Brass Hand Sitting Radha Krishna    BNKI    K-P BRASS HAND SITTING RADHA KRISHNA    BNKI,36
Brass Kuber Kunji     BNKI     K-P,BRASS KUBER KUNJI     BNKI,83062910,Brass Kuber Kunji     BNKI     K-P BRASS KUBER KUNJI     BNKI,36
Brass Merry    BNKI     K-P,BRASS MERRY    BNKI,83062910,Brass Merry    BNKI     K-P BRASS MERRY    BNKI,36
Brass Palna Radha Krishna    BNKI     K-P,BRASS PALNA RADHA KRISHNA    BNKI,83062910,Brass Palna Radha Krishna    BNKI     K-P BRASS PALNA RADHA KRISHNA    BNKI,36
Brass Shiv Family     BNKI    K-P,BRASS SHIV FAMILY     BNKI,83062910,Brass Shiv Family     BNKI    K-P BRASS SHIV FAMILY     BNKI,36
Brass Shiv Family 252     BNKI     K-P,BRASS SHIV FAMILY 252     BNKI,83062910,Brass Shiv Family 252     BNKI     K-P BRASS SHIV FAMILY 252     BNKI,36
Brass Dhanvantari Double Gol Base     BNKI    K-P,BRASS DHANVANTARI DOUBLE GOL BASE     BNKI,83062910,Brass Dhanvantari Double Gol Base     BNKI    K-P BRASS DHANVANTARI DOUBLE GOL BASE     BNKI,36
Brass Dhanvantari    BNKI    K-P,BRASS DHANVANTARI    BNKI,83062910,Brass Dhanvantari    BNKI    K-P BRASS DHANVANTARI    BNKI,36
Brass Guruvayur 157      BNKI    K-P,BRASS GURUVAYUR 157      BNKI,83062910,Brass Guruvayur 157      BNKI    K-P BRASS GURUVAYUR 157      BNKI,36
Brass Guruvaayur 169     BNKI    K-P,BRASS GURUVAAYUR 169     BNKI,83062910,Brass Guruvaayur 169     BNKI    K-P BRASS GURUVAAYUR 169     BNKI,36
Brass Dhanvantari Round Base    BNKI    K-P,BRASS DHANVANTARI ROUND BASE    BNKI,83062910,Brass Dhanvantari Round Base    BNKI    K-P BRASS DHANVANTARI ROUND BASE    BNKI,36
Brass Vishnu Durga 10 Hands    BNKI    K-P,BRASS VISHNU DURGA 10 HANDS    BNKI,83062910,Brass Vishnu Durga 10 Hands    BNKI    K-P BRASS VISHNU DURGA 10 HANDS    BNKI,36
Brass Krishna    BNKI     K-P,BRASS KRISHNA    BNKI,83062910,Brass Krishna    BNKI     K-P BRASS KRISHNA    BNKI,36
Brass Ram Darbar    BNKI     K-P,BRASS RAM DARBAR    BNKI,83062910,Brass Ram Darbar    BNKI     K-P BRASS RAM DARBAR    BNKI,36
White Ganesh Chouki    JHOO     PCS,WHITE GANESH CHOUKI     JHOO,83061000,White Ganesh Chouki    JHOO     PCS WHITE GANESH CHOUKI     JHOO,33
White Ganesh 6 Corner Stand JHOO     PCS,WHITE GANESH 6 CORNER STAND JHOO,83061000,White Ganesh 6 Corner Stand JHOO     PCS WHITE GANESH 6 CORNER STAND JHOO,33
White Ganesh Kamal Small     JHOO    PCS,WHITE GANESH KAMAL SMALL     JHOO,83061000,White Ganesh Kamal Small     JHOO    PCS WHITE GANESH KAMAL SMALL     JHOO,33
White Ganesh Gole 6     JHOO     PCS,WHITE GANESH GOLE 6     JHOO,83061000,White Ganesh Gole 6     JHOO     PCS WHITE GANESH GOLE 6     JHOO,33
White Ganesh Gole Small     JHOO    PCS,WHITE GANESH GOLE SMALL     JHOO,83061000,White Ganesh Gole Small     JHOO    PCS WHITE GANESH GOLE SMALL     JHOO,33
White Ganesh Maharaja Small     JHOO    PCS,WHITE GANESH MAHARAJA SMALL     JHOO,83061000,White Ganesh Maharaja Small     JHOO    PCS WHITE GANESH MAHARAJA SMALL     JHOO,33
White Ganesh Gole Kamal      JHOO   PCS,WHITE GANESH GOLE KAMAL      JHOO,83061000,White Ganesh Gole Kamal      JHOO   PCS WHITE GANESH GOLE KAMAL      JHOO,33
White Ganesh Maharaja Medium     JHOO    PCS,WHITE GANESH MAHARAJA MEDIUM     JHOO,83061000,White Ganesh Maharaja Medium     JHOO    PCS WHITE GANESH MAHARAJA MEDIUM     JHOO,33
White Ganesh Chouki Small     JHOO    PCS,WHITE GANESH CHOUKI SMALL     JHOO,83061000,White Ganesh Chouki Small     JHOO    PCS WHITE GANESH CHOUKI SMALL     JHOO,33
WHITE KRISHNA GOLE     JHOO    PCS,WHITE KRISHNA GOLE     JHOO,83061000,WHITE KRISHNA GOLE     JHOO    PCS WHITE KRISHNA GOLE     JHOO,33
White laddo Gopal      JHOO    PCS,WHITE LADDO GOPAL      JHOO,83061000,White laddo Gopal      JHOO    PCS WHITE LADDO GOPAL      JHOO,33
White Ganesh Kamal Medium     JHOO    PCS,WHITE GANESH KAMAL MEDIUM     JHOO,83061000,White Ganesh Kamal Medium     JHOO    PCS WHITE GANESH KAMAL MEDIUM     JHOO,33
Brass Rudrakshi Deep 3  swa,BRASS RUDRAKSHI DEEP 3  SWA,74181010,Brass Rudrakshi Deep 3  swa BRASS RUDRAKSHI DEEP 3  SWA,24
Brass Beeding Plate-8 KART,BRASS BEEDING PLATE-8 KART,74181010,Brass Beeding Plate-8 KART BRASS BEEDING PLATE-8 KART,24
W.Patla Gold 8*12 SBNH .  PCS,W.PATLA GOLD 8*12 SBNH .,442090,W.Patla Gold 8*12 SBNH .  PCS W.PATLA GOLD 8*12 SBNH .,2
Brass beeding plate Ring   10 RAJTN  K-P,BRASS BEEDING PLATE RING   10 RAJTN .,74181010,Brass beeding plate Ring   10 RAJTN  K-P BRASS BEEDING PLATE RING   10 RAJTN .,24
BRASS NEW PARA WITH BELL  ABS  KG,BRASS NEW PARA WITH BELL  ABS,74181010,BRASS NEW PARA WITH BELL  ABS  KG BRASS NEW PARA WITH BELL  ABS,24
Brass T Balaji    MHJN     K-P,BRASS T BALAJI    MHJN,83062910,Brass T Balaji    MHJN     K-P BRASS T BALAJI    MHJN,36
Brass Annapakshi Deepak Stand   MHJN    K-P,BRASS ANNAPAKSHI DEEPAK STAND   MHJN,83062910,Brass Annapakshi Deepak Stand   MHJN    K-P BRASS ANNAPAKSHI DEEPAK STAND   MHJN,36
Brass Deep Laxmi   MHJN    K-P,BRASS DEEP LAXMI   MHJN,83062910,Brass Deep Laxmi   MHJN    K-P BRASS DEEP LAXMI   MHJN,36
Brass Cow and Calf    MHJN   K-P,BRASS COW AND CALF    MHJN,83062910,Brass Cow and Calf    MHJN   K-P BRASS COW AND CALF    MHJN,36
Brass Cow & Calf    MHJN    K-P,BRASS COW & CALF    MHJN,83062910,Brass Cow & Calf    MHJN    K-P BRASS COW & CALF    MHJN,36
Brass Annapoorna   MHJN    K-P,BRASS ANNAPOORNA   MHJN,83062910,Brass Annapoorna   MHJN    K-P BRASS ANNAPOORNA   MHJN,36
Brass Modern Ganesh   MHJN    K-P,BRASS MODERN GANESH   MHJN,83062910,Brass Modern Ganesh   MHJN    K-P BRASS MODERN GANESH   MHJN,36
Brass Nandhi     MHJN    K-P,BRASS NANDHI     MHJN,83062910,Brass Nandhi     MHJN    K-P BRASS NANDHI     MHJN,36
Brass Cow Krishna   MHJN   K-P,BRASS COW KRISHNA   MHJN,83062910,Brass Cow Krishna   MHJN   K-P BRASS COW KRISHNA   MHJN,36
Brass Cow and Krishna   MHJN    K-P,BRASS COW AND KRISHNA   MHJN,83062910,Brass Cow and Krishna   MHJN    K-P BRASS COW AND KRISHNA   MHJN,36
Brass Krishna   MHJN    K-P,BRASS KRISHNA   MHJN,83062910,Brass Krishna   MHJN    K-P BRASS KRISHNA   MHJN,36
Brass Shiv Pariwar   MHJN    K-P,BRASS SHIV PARIWAR   MHJN,83062910,Brass Shiv Pariwar   MHJN    K-P BRASS SHIV PARIWAR   MHJN,36
BRASS KINDI 135 SAI PCS,BRASS KINDI 135 SAI,741999,BRASS KINDI 135 SAI PCS BRASS KINDI 135 SAI,13
NATRAJ MED WHITE   AND    PCS,NATRAJ MED WHITE   AND,83061000,NATRAJ MED WHITE   AND    PCS NATRAJ MED WHITE   AND,33
WHITE NATRAJ  13  AND    PCS,WHITE NATRAJ  13  AND,76169990,WHITE NATRAJ  13  AND    PCS WHITE NATRAJ  13  AND,30
White Natraj 9  AND    PCS,WHITE NATRAJ 9  AND,83061000,White Natraj 9  AND    PCS WHITE NATRAJ 9  AND,33
RADHA KRISHNA PEACOCK WHITE    AND    PCS,RADHA KRISHNA PEACOCK WHITE    AND,83061000,RADHA KRISHNA PEACOCK WHITE    AND    PCS RADHA KRISHNA PEACOCK WHITE    AND,33
RAJ KRISHNA WHITE    AND    PCS,RAJ KRISHNA WHITE    AND,83061000,RAJ KRISHNA WHITE    AND    PCS RAJ KRISHNA WHITE    AND,33
KRISHNA ROYAL MEDIUM WHITE    AND    PCS,KRISHNA ROYAL MEDIUM WHITE    AND,83061000,KRISHNA ROYAL MEDIUM WHITE    AND    PCS KRISHNA ROYAL MEDIUM WHITE    AND,33
WHITE KASHI KRISHNA 17   AND   PCS,WHITE KASHI KRISHNA 17   AND,76169990,WHITE KASHI KRISHNA 17   AND   PCS WHITE KASHI KRISHNA 17   AND,30
WHITE SARASWATI  17  AND    PCS,WHITE SARASWATI  17    AND,76169990,WHITE SARASWATI  17  AND    PCS WHITE SARASWATI  17    AND,30
WHITE SARASWATTI CHOWKI  13.5 AND   PCS,WHITE SARASWATTI CHOWKI 13.5  AND,76169990,WHITE SARASWATTI CHOWKI  13.5 AND   PCS WHITE SARASWATTI CHOWKI 13.5  AND,30
WHITE SARASWATHI SMALL 12  AND   PCS,WHITE SARASWATHI SMALL  12    AND,76169990,WHITE SARASWATHI SMALL 12  AND   PCS WHITE SARASWATHI SMALL  12    AND,30
SARASWATTI CHOUKI SMALL WHITE     AND   PCS,SARASWATTI CHOUKI SMALL WHITE     AND,83061000,SARASWATTI CHOUKI SMALL WHITE     AND   PCS SARASWATTI CHOUKI SMALL WHITE     AND,33
White Jungle Horse  11  AND   PCS,WHITE JUNGLE HORSE  11  AND,83061000,White Jungle Horse  11  AND   PCS WHITE JUNGLE HORSE  11  AND,33
Jungle Horses White    AND   PCS,JUNGLE HORSES WHITE    AND,83061000,Jungle Horses White    AND   PCS JUNGLE HORSES WHITE    AND,33
Brass AKP UM 4 DHIN   PCS,BRASS AKP UM 4 DHIN .,741999,Brass AKP UM 4 DHIN   PCS BRASS AKP UM 4 DHIN .,13
Brass Satha Uruli   SWA   KG,BRASS SATHA URULI   SWA,741810,Brass Satha Uruli   SWA   KG BRASS SATHA URULI   SWA,9
Brass Ghee Deep No. 2    SWA    PCS,BRASS GHEE DEEP NO. 2    SWA,74181010,Brass Ghee Deep No. 2    SWA    PCS BRASS GHEE DEEP NO. 2    SWA,24
Brass Prabha Arti Big    KART    PCS,BRASS PRABHA ARTI BIG    KART,74181010,Brass Prabha Arti Big    KART    PCS BRASS PRABHA ARTI BIG    KART,24
Brass Flower Vase Jar 626 Col 10  RMH  K-P,BRASS FLOWER VASE JAR 626 COL 10  RMH,741999,Brass Flower Vase Jar 626 Col 10  RMH  K-P BRASS FLOWER VASE JAR 626 COL 10  RMH,13
Brass Flower Vase Jar 626 Col 8  RMH   K-P,BRASS FLOWER VASE JAR 626 COL 8  RMH,741999,Brass Flower Vase Jar 626 Col 8  RMH   K-P BRASS FLOWER VASE JAR 626 COL 8  RMH,13
Brass Flower Vase Jar 626 Col 14  RMH  K-P,BRASS FLOWER VASE JAR 626 COL 14  RMH,741999,Brass Flower Vase Jar 626 Col 14  RMH  K-P BRASS FLOWER VASE JAR 626 COL 14  RMH,13
Brass Flower Vase  633 Col 24  RMH   K-P,BRASS FLOWER VASE 633 COL 24  RMH,741999,Brass Flower Vase  633 Col 24  RMH   K-P BRASS FLOWER VASE 633 COL 24  RMH,13
Brass Kum Kum Box Col   RMH   PCS,BRASS KUM KUM BOX COL   RMH,74199930,Brass Kum Kum Box Col   RMH   PCS BRASS KUM KUM BOX COL   RMH,29
Copper Pancha Pathram 3  RMH  PCS,COPPER PANCHA PATHRAM 3  RMH,741999,Copper Pancha Pathram 3  RMH  PCS COPPER PANCHA PATHRAM 3  RMH,13
Brass Vasthu Vilakku  RMH   PCS,BRASS VASTHU VILAKKU  RMH,741999,Brass Vasthu Vilakku  RMH   PCS BRASS VASTHU VILAKKU  RMH,13
Brass Flower Vase 633 Col 12  RMH    K-P,BRASS FLOWER VASE 633 COL 12  RMH,741999,Brass Flower Vase 633 Col 12  RMH    K-P BRASS FLOWER VASE 633 COL 12  RMH,13
Brass Flower Vase 633 Col 16  RMH K-P,BRASS FLOWER VASE 633 COL 16  RMH,741999,Brass Flower Vase 633 Col 16  RMH K-P BRASS FLOWER VASE 633 COL 16  RMH,13
Brass Flower Vase 633 Col 20  RMH    K-P,BRASS FLOWER VASE 633 COL 20  RMH,741999,Brass Flower Vase 633 Col 20  RMH    K-P BRASS FLOWER VASE 633 COL 20  RMH,13
Brass Flower Vase 633 Col 30  RMH    K-P,BRASS FLOWER VASE 633 COL 30  RMH,741999,Brass Flower Vase 633 Col 30  RMH    K-P BRASS FLOWER VASE 633 COL 30  RMH,13
Brass Agardan AFK 1  KMLH  PCS,BRASS AGARDAN AFK 1 KMLH,741999,Brass Agardan AFK 1  KMLH  PCS BRASS AGARDAN AFK 1 KMLH,13
Brass Agardan AFK 2 KMLH  PCS,BRASS AGARDAN AFK 2  KMLH,741999,Brass Agardan AFK 2 KMLH  PCS BRASS AGARDAN AFK 2  KMLH,13
Brass Agardan AFK 3  KMLH  PCS,BRASS AGARDAN AFK 3 KMLH,741999,Brass Agardan AFK 3  KMLH  PCS BRASS AGARDAN AFK 3 KMLH,13
Brass Agardan AFK 4  KMLH  PCS,BRASS AGARDAN AFK 4   KMLH,741999,Brass Agardan AFK 4  KMLH  PCS BRASS AGARDAN AFK 4   KMLH,13
Brass Thali Set Kansa Lazer  KMLH  PCS,BRASS THALI SET KANSA LAZER KMLH,741999,Brass Thali Set Kansa Lazer  KMLH  PCS BRASS THALI SET KANSA LAZER KMLH,13
Brass Lavang Gold 0  KMLH  PCS,BRASS LAVANG GOLD 0 KMLH,74199930,Brass Lavang Gold 0  KMLH  PCS BRASS LAVANG GOLD 0 KMLH,29
Brass Lavang 2  KMLH  PCS,BRASS LAVANG 2 KMLH,741999,Brass Lavang 2  KMLH  PCS BRASS LAVANG 2 KMLH,13
Brass Agardan Suraj 1  KMLH  PCS,BRASS AGARDAN SURAJ 1  KMLH,741999,Brass Agardan Suraj 1  KMLH  PCS BRASS AGARDAN SURAJ 1  KMLH,13
Brass Agardan Suraj 2  KMLH  PCS,BRASS AGARDAN SURAJ 2  KMLH,741999,Brass Agardan Suraj 2  KMLH  PCS BRASS AGARDAN SURAJ 2  KMLH,13
Brass Chembu 4  SHILP     PCS,BRASS CHEMBU 4  SHILP,741810,Brass Chembu 4  SHILP     PCS BRASS CHEMBU 4  SHILP,9
Brass Paragi Chembu 5   SHLP    PCS,BRASS PARAGI CHEMBU 5   SHLP,741810,Brass Paragi Chembu 5   SHLP    PCS BRASS PARAGI CHEMBU 5   SHLP,9
Brass Kerala Deep 410-4.5    SHILP    PCS,BRASS KERALA DEEP 410-4.5    SHILP,741810,Brass Kerala Deep 410-4.5    SHILP    PCS BRASS KERALA DEEP 410-4.5    SHILP,9
Copper Glass Small     SHILP    PCS,COPPER GLASS SMALL     SHILP,741810,Copper Glass Small     SHILP    PCS COPPER GLASS SMALL     SHILP,9
Copper Glass Big     SHILP    PCS,COPPER GLASS BIG     SHILP,741810,Copper Glass Big     SHILP    PCS COPPER GLASS BIG     SHILP,9
Brass Dhoop Arthi New 1   SHILP    K-P,BRASS DHOOP ARTHI NEW 1   SHILP,741810,Brass Dhoop Arthi New 1   SHILP    K-P BRASS DHOOP ARTHI NEW 1   SHILP,9
Brass Dhoop Arthi New 2   SHILP    K-P,BRASS DHOOP ARTHI NEW 2   SHILP,741810,Brass Dhoop Arthi New 2   SHILP    K-P BRASS DHOOP ARTHI NEW 2   SHILP,9
Brass Agardan Kamal    SHILP     PCS,BRASS AGARDAN KAMAL    SHILP,741810,Brass Agardan Kamal    SHILP     PCS BRASS AGARDAN KAMAL    SHILP,9
Brass Ghee Deep No.3    SWA  PCS,BRASS GHEE DEEP NO.3    SWA,74181010,Brass Ghee Deep No.3    SWA  PCS BRASS GHEE DEEP NO.3    SWA,24
Brass Ghee Deep No.1   SWA   PCS,BRASS GHEE DEEP NO.1    SWA,74181010,Brass Ghee Deep No.1   SWA   PCS BRASS GHEE DEEP NO.1    SWA,24
Kerala Fancy No.5 - UQH,KERALA FANCY NO.5,74181010,Kerala Fancy No.5 - UQH KERALA FANCY NO.5,24
Brass AKP Vilakku 20to30  SWA  KG,BRASS AKP VILAKKU 20TO30  SWA,74181010,Brass AKP Vilakku 20to30  SWA  KG BRASS AKP VILAKKU 20TO30  SWA,24
Brass Fancy Sanku Deep 3  SWA   PCS,BRASS FANCY SANKU DEEP 3  SWA,741810,Brass Fancy Sanku Deep 3  SWA   PCS BRASS FANCY SANKU DEEP 3  SWA,9
Brass Fancy Sanku Deep 2  SWA   PCS,BRASS FANCY SANKU DEEP 2  SWA,741810,Brass Fancy Sanku Deep 2  SWA   PCS BRASS FANCY SANKU DEEP 2  SWA,9
Brass Fancy Sanku Deep 1  SWA   PCS,BRASS FANCY SANKU DEEP 1  SWA,741810,Brass Fancy Sanku Deep 1  SWA   PCS BRASS FANCY SANKU DEEP 1  SWA,9
Brass Fancy Sanku Deep 0  SWA   PCS,BRASS FANCY SANKU DEEP 0  SWA,741810,Brass Fancy Sanku Deep 0  SWA   PCS BRASS FANCY SANKU DEEP 0  SWA,9
Brass Fancy Chakara Deep 3  SWA   PCS,BRASS FANCY CHAKARA DEEP 3  SWA,741810,Brass Fancy Chakara Deep 3  SWA   PCS BRASS FANCY CHAKARA DEEP 3  SWA,9
Brass Fancy Chakara Deep 2  SWA   PCS,BRASS FANCY CHAKARA DEEP 2  SWA,741810,Brass Fancy Chakara Deep 2  SWA   PCS BRASS FANCY CHAKARA DEEP 2  SWA,9
Brass Fancy Chakara Deep 1  SWA  PCS,BRASS FANCY CHAKARA DEEP 1  SWA,741810,Brass Fancy Chakara Deep 1  SWA  PCS BRASS FANCY CHAKARA DEEP 1  SWA,9
Brass Fancy Chakara Deep 0  SWA    PCS,BRASS FANCY CHAKARA DEEP 0  SWA,741810,Brass Fancy Chakara Deep 0  SWA    PCS BRASS FANCY CHAKARA DEEP 0  SWA,9
Brass AKP Super Vilakku 6  SWA  PCS,BRASS AKP SUPER VILAKKU 6  SWA,74181010,Brass AKP Super Vilakku 6  SWA  PCS BRASS AKP SUPER VILAKKU 6  SWA,24
Brass AKP Super Vilakku 5  SWA  PCS,BRASS AKP SUPER VILAKKU 5  SWA,74181010,Brass AKP Super Vilakku 5  SWA  PCS BRASS AKP SUPER VILAKKU 5  SWA,24
BRASS KAMAKSHI VILAKKU 1 POP    PCS,BRASS KAMAKSHI VILAKKU 1 POP,741980,BRASS KAMAKSHI VILAKKU 1 POP    PCS BRASS KAMAKSHI VILAKKU 1 POP,12
BRASS KAMAKSHI VILAKKU 2 POP    PCS,BRASS KAMAKSHI VILAKKU 2 POP,741980,BRASS KAMAKSHI VILAKKU 2 POP    PCS BRASS KAMAKSHI VILAKKU 2 POP,12
Brass Pancha Mahal 3 Step SWA    PCS,BRASS PANCHA MAHAL 3 STEP SWA,74181010,Brass Pancha Mahal 3 Step SWA    PCS BRASS PANCHA MAHAL 3 STEP SWA,24
Wood Jewel Box Elephant 6*4  MENH   PCS,WOOD JEWEL BOX ELEPHANT 6*4  MENH,44190010,Wood Jewel Box Elephant 6*4  MENH   PCS WOOD JEWEL BOX ELEPHANT 6*4  MENH,20
Wood Jewel Box Elephant 7*5  MENH   PCS,WOOD JEWEL BOX ELEPHANT 7*5  MENH,44190010,Wood Jewel Box Elephant 7*5  MENH   PCS WOOD JEWEL BOX ELEPHANT 7*5  MENH,20
Wood Jewel Box Elephant 8*5  MENH   PCS,WOOD JEWEL BOX ELEPHANT 8*5  MENH,44190010,Wood Jewel Box Elephant 8*5  MENH   PCS WOOD JEWEL BOX ELEPHANT 8*5  MENH,20
Wood Spl Bangle Box 12*8*4    MENH   PCS,WOOD SPL BANGLE BOX 12*8*4    MENH,44190010,Wood Spl Bangle Box 12*8*4    MENH   PCS WOOD SPL BANGLE BOX 12*8*4    MENH,20
Brass Montha 11   SDHRA   K-P,BRASS MONTHA 11   SDHRA,74181010,Brass Montha 11   SDHRA   K-P BRASS MONTHA 11   SDHRA,24
AKP Vilakku  7   AZD   PCS,AKP VILAKKU  7   AZD,741810,AKP Vilakku  7   AZD   PCS AKP VILAKKU  7   AZD,9
Brass Sanku Stand Tipai 4   AMRM   PCS,BRASS SANKU STAND TIPAI 4   AMRM,741999,Brass Sanku Stand Tipai 4   AMRM   PCS BRASS SANKU STAND TIPAI 4   AMRM,13
Brass Sanku Stand Tipai 3   AMRM   PCS,BRASS SANKU STAND TIPAI 3   AMRM,741999,Brass Sanku Stand Tipai 3   AMRM   PCS BRASS SANKU STAND TIPAI 3   AMRM,13
Brass Sanku Stand Tipai 5   AMRM   PCS,BRASS SANKU STAND TIPAI 5   AMRM,741999,Brass Sanku Stand Tipai 5   AMRM   PCS BRASS SANKU STAND TIPAI 5   AMRM,13
BRASS KINDI 170 SAI    PCS,BRASS KINDI 170 SAI,741999,BRASS KINDI 170 SAI    PCS BRASS KINDI 170 SAI,13
Brass Koda Wall 18   KPS   PCS,BRASS KODA WALL 18   KPS,74181010,Brass Koda Wall 18   KPS   PCS BRASS KODA WALL 18   KPS,24
Brass Spl  Deepak Small   SLXT  K-P,BRASS SPL DEEPAK SMALL   SLXT,83062910,Brass Spl  Deepak Small   SLXT  K-P BRASS SPL DEEPAK SMALL   SLXT,36
Brass Deepak Big   SLXT   K-P,BRASS DEEPAK BIG   SLXT,83062910,Brass Deepak Big   SLXT   K-P BRASS DEEPAK BIG   SLXT,36
Brass Palakat Arthi 3 SR   PCS,BRASS PALAKAT ARTHI 3 SR,74181010,Brass Palakat Arthi 3 SR   PCS BRASS PALAKAT ARTHI 3 SR,24
Brass Palakat Arthi 2 SR   PCS,BRASS PALAKAT ARTHI 2 SR,74181010,Brass Palakat Arthi 2 SR   PCS BRASS PALAKAT ARTHI 2 SR,24
Brass Palakat Arthi 1 SR    PCS,BRASS PALAKAT ARTHI 1 SR,74181010,Brass Palakat Arthi 1 SR    PCS BRASS PALAKAT ARTHI 1 SR,24
SPL TCR Exclusive 12  SAI,SPL TCR EXCLUSIVE 12,74181010,SPL TCR Exclusive 12  SAI SPL TCR EXCLUSIVE 12,24
Brass Double Deepak Lamp BNKI D,BRASS DOUBLE DEEPAK LAMP D,83062910,Brass Double Deepak Lamp BNKI D BRASS DOUBLE DEEPAK LAMP D,36
Brass Four Deepak BNKI,BRASS FOUR DEEPAK,83062910,Brass Four Deepak BNKI BRASS FOUR DEEPAK,36
WD CASH BOX-S1,WD CASH BOX-S1,44170000,WD CASH BOX-S1 WD CASH BOX-S1,19
WD CASH BOX-M2,WD CASH BOX-M2,44170000,WD CASH BOX-M2 WD CASH BOX-M2,19
BRASS AKP DLX VILAKKU-7 JB  DUMMY,BRASS AKP DLX VILAKKU-7,741999,BRASS AKP DLX VILAKKU-7 JB  DUMMY BRASS AKP DLX VILAKKU-7,13
BRASS AKP DLX VILAKKU-8 JB  PCS  DUMMY,BRASS AKP DLX VILAKKU-8,741999,BRASS AKP DLX VILAKKU-8 JB  PCS  DUMMY BRASS AKP DLX VILAKKU-8,13
BRASS AKP DLX VILAKKU-9 JB  PCS  DUMMY,BRASS AKP DLX VILAKKU-9,741999,BRASS AKP DLX VILAKKU-9 JB  PCS  DUMMY BRASS AKP DLX VILAKKU-9,13
AKP VILAKKU  - 10   AZD   PCS,AKP VILAKKU  - 10   AZD,74181010,AKP VILAKKU  - 10   AZD   PCS AKP VILAKKU  - 10   AZD,24
Brass Kindi - 0  SHLP   PCS,BRASS KINDI - 0  SHLP,74181010,Brass Kindi - 0  SHLP   PCS BRASS KINDI - 0  SHLP,24
Brass Rudrakshi Deep 5  SWA   PCS,BRASS RUDRAKSHI DEEP 5  SWA,741810,Brass Rudrakshi Deep 5  SWA   PCS BRASS RUDRAKSHI DEEP 5  SWA,9
Brass Coffee Dabara Set   DHIN   PCS,BRASS COFFEE DABARA SET   DHIN,74181010,Brass Coffee Dabara Set   DHIN   PCS BRASS COFFEE DABARA SET   DHIN,24
Brass Mukkali     SWA     KG,BRASS MUKKALI     SWA,741810,Brass Mukkali     SWA     KG BRASS MUKKALI     SWA,9
Brass Spl Gola Para     POP    KG,BRASS SPL GOLA PARA     POP,74181021,Brass Spl Gola Para     POP    KG BRASS SPL GOLA PARA     POP,25
Brass Gaja Laxmi Latken     KPS      KG,BRASS GAJA LAXMI LATKEN     KPS,741999,Brass Gaja Laxmi Latken     KPS      KG BRASS GAJA LAXMI LATKEN     KPS,13
Brass Stand       KPS       KG,BRASS STAND       KPS,741999,Brass Stand       KPS       KG BRASS STAND       KPS,13
Brass Swastik      KPS      KG,BRASS SWASTIK      KPS,741999,Brass Swastik      KPS      KG BRASS SWASTIK      KPS,13
Brass OM     KPS      KG,BRASS OM     KPS,741999,Brass OM     KPS      KG BRASS OM     KPS,13
Brass Pancha Patram        KPS      KG,BRASS PANCHA PATRAM        KPS,741999,Brass Pancha Patram        KPS      KG BRASS PANCHA PATRAM        KPS,13
Brass Kai Butt      KPS     KG,BRASS KAI BUTT      KPS,741999,Brass Kai Butt      KPS     KG BRASS KAI BUTT      KPS,13
Brass Wall Deep       KPS     KG,BRASS WALL DEEP       KPS,741999,Brass Wall Deep       KPS     KG BRASS WALL DEEP       KPS,13
Brass Antique Statue     KPS     KG,BRASS ANTIQUE STATUE     KPS,741999,Brass Antique Statue     KPS     KG BRASS ANTIQUE STATUE     KPS,13
Brass Pooja Bell       KART KG,BRASS POOJA BELL       KART,83062120,Brass Pooja Bell       KART KG BRASS POOJA BELL       KART,34
Brass Swing Chain No.23  FRD KG,BRASS SWING CHAIN NO.23  FRD,74191010,Brass Swing Chain No.23  FRD KG BRASS SWING CHAIN NO.23  FRD,27
BRASS W S ROD  FRD KG,BRASS W S ROD  FRD,83021010,BRASS W S ROD  FRD KG BRASS W S ROD  FRD,32
Brass Swing Rajwada Rod FRD KG,BRASS SWING RAJWADA ROD FRD,74191010,Brass Swing Rajwada Rod FRD KG BRASS SWING RAJWADA ROD FRD,27
Brass Sanku Stand 1   AMRM   PCS  DUMMY,BRASS SANKU STAND 1   AMRM,741999,Brass Sanku Stand 1   AMRM   PCS  DUMMY BRASS SANKU STAND 1   AMRM,13
Brass Sanku Stand 2   AMRM   PCS   DUMMY,BRASS SANKU STAND 2   AMRM,741999,Brass Sanku Stand 2   AMRM   PCS   DUMMY BRASS SANKU STAND 2   AMRM,13
Brass Sanku Stand 3   AMRM   PCS   DUMMY,BRASS SANKU STAND 3   AMRM,741999,Brass Sanku Stand 3   AMRM   PCS   DUMMY BRASS SANKU STAND 3   AMRM,13
Brass Nagalingam Big  PCS,BRASS NAGALINGAM BIG,830621,Brass Nagalingam Big  PCS BRASS NAGALINGAM BIG,16
Brass Nagalingam Small  PCS,BRASS NAGALINGAM SMALL,830621,Brass Nagalingam Small  PCS BRASS NAGALINGAM SMALL,16
Brass Sevnazhi Deluxe 800 Naks  PCS,BRASS SEVNAZHI DELUXE 800 NAKS,741810,Brass Sevnazhi Deluxe 800 Naks  PCS BRASS SEVNAZHI DELUXE 800 NAKS,9
Brass Sevnazhi Diamond 600 Naks  PCS,BRASS SEVNAZHI DIAMOND 600 NAKS,741810,Brass Sevnazhi Diamond 600 Naks  PCS BRASS SEVNAZHI DIAMOND 600 NAKS,9
Brass Gulab Deep 1 DHIN  PCS,BRASS GULAB DEEP 1 DHIN,741999,Brass Gulab Deep 1 DHIN  PCS BRASS GULAB DEEP 1 DHIN,13
Brass Gulab Deep 2 DHIN  PCS,BRASS GULAB DEEP 2 DHIN,741999,Brass Gulab Deep 2 DHIN  PCS BRASS GULAB DEEP 2 DHIN,13
Brass Gulab Deep 3 DHIN  PCS,BRASS GULAB DEEP 3 DHIN,741999,Brass Gulab Deep 3 DHIN  PCS BRASS GULAB DEEP 3 DHIN,13
Brass Pan Deep 0 DHIN  PCS,BRASS PAN DEEP 0 DHIN,741999,Brass Pan Deep 0 DHIN  PCS BRASS PAN DEEP 0 DHIN,13
Brass Pan Deep 1 DHIN  PCS,BRASS PAN DEEP 1 DHIN,741999,Brass Pan Deep 1 DHIN  PCS BRASS PAN DEEP 1 DHIN,13
Brass Pan Deep 2 DHIN  PCS,BRASS PAN DEEP 2 DHIN,741999,Brass Pan Deep 2 DHIN  PCS BRASS PAN DEEP 2 DHIN,13
Brass Pan Deep 3 DHIN  PCS,BRASS PAN DEEP 3 DHIN,741999,Brass Pan Deep 3 DHIN  PCS BRASS PAN DEEP 3 DHIN,13
Brass Dhoop Kaal 5 DHIN  PCS  DUMMY,BRASS DHOOP KAAL 5 DHIN,741999,Brass Dhoop Kaal 5 DHIN  PCS  DUMMY BRASS DHOOP KAAL 5 DHIN,13
Brass Dhoop Kaal 6 DHIN  PCS  DUMMY,BRASS DHOOP KAAL 6 DHIN,741999,Brass Dhoop Kaal 6 DHIN  PCS  DUMMY BRASS DHOOP KAAL 6 DHIN,13
Wood Jewel Box Kerala Model 9*7*7 MENH  PCS,WOOD JEWEL BOX KERALA MODEL 9*7*7 MENH,441900,Wood Jewel Box Kerala Model 9*7*7 MENH  PCS WOOD JEWEL BOX KERALA MODEL 9*7*7 MENH,1
BRASS AKP VILAKKU 6 SAKT    K-P,BRASS AKP VILAKKU 6 SAKT,741810,BRASS AKP VILAKKU 6 SAKT    K-P BRASS AKP VILAKKU 6 SAKT,9
Brass Bull Cart         BNKI    K-P,BRASS BULL CART         BNKI,83062910,Brass Bull Cart         BNKI    K-P BRASS BULL CART         BNKI,36
Brass Durga Deepak        BNKI    K-P,BRASS DURGA DEEPAK        BNKI,83062910,Brass Durga Deepak        BNKI    K-P BRASS DURGA DEEPAK        BNKI,36
Brass Oval Small Head Ganesh       BNKI    K-P,BRASS OVAL SMALL HEAD GANESH       BNKI,83062910,Brass Oval Small Head Ganesh       BNKI    K-P BRASS OVAL SMALL HEAD GANESH       BNKI,36
Brass Chatri Sighasan Ganesh      BNKI    K-P,BRASS CHATRI SIGHASAN GANESH      BNKI,83062910,Brass Chatri Sighasan Ganesh      BNKI    K-P BRASS CHATRI SIGHASAN GANESH      BNKI,36
Brass Standing Music ganesh      BNKI    K-P,BRASS STANDING MUSIC GANESH      BNKI,741810,Brass Standing Music ganesh      BNKI    K-P BRASS STANDING MUSIC GANESH      BNKI,9
Brass Sofa Ganesh       BNKI    K-P     K-P,BRASS SOFA GANESH       BNKI,83062910,Brass Sofa Ganesh       BNKI    K-P     K-P BRASS SOFA GANESH       BNKI,36
Brass Choki Ganesh      BNKI    K-P     K-P,BRASS CHOKI GANESH      BNKI,83062910,Brass Choki Ganesh      BNKI    K-P     K-P BRASS CHOKI GANESH      BNKI,36
Brass Double Choki Ganesh       BNKI    K-P,BRASS DOUBLE CHOKI GANESH       BNKI,83062910,Brass Double Choki Ganesh       BNKI    K-P BRASS DOUBLE CHOKI GANESH       BNKI,36
Brass Double Choki Ganesh        BNKI    K-P,BRASS DOUBLE CHOKI GANESH        BNKI,83062910,Brass Double Choki Ganesh        BNKI    K-P BRASS DOUBLE CHOKI GANESH        BNKI,36
Brass Hanuman         BNKI    K-P,BRASS HANUMAN         BNKI,83062910,Brass Hanuman         BNKI    K-P BRASS HANUMAN         BNKI,36
Brass Standing Panchamuki Hanuman Gol Base       BNKI    K-P,BRASS STANDING PANCHAMUKI HANUMAN GOL BASE BNKI,83062910,Brass Standing Panchamuki Hanuman Gol Base       BNKI    K-P BRASS STANDING PANCHAMUKI HANUMAN GOL BASE BNKI,36
Brass Standing Hanuman        BNKI    K-P,BRASS STANDING HANUMAN        BNKI,83062910,Brass Standing Hanuman        BNKI    K-P BRASS STANDING HANUMAN        BNKI,36
Brass Standing Horse        BNKI    K-P,BRASS STANDING HORSE        BNKI,83062910,Brass Standing Horse        BNKI    K-P BRASS STANDING HORSE        BNKI,36
Brass Laxmi Hi Girivar         BNKI    K-P,BRASS LAXMI HI GIRIVAR         BNKI,741810,Brass Laxmi Hi Girivar         BNKI    K-P BRASS LAXMI HI GIRIVAR         BNKI,9
Brass 2 Laxmi Kuber       BNKI    K-P,BRASS 2 LAXMI KUBER       BNKI,741810,Brass 2 Laxmi Kuber       BNKI    K-P BRASS 2 LAXMI KUBER       BNKI,9
Brass Frame Varahi Deepak        BNKI    K-P,BRASS FRAME VARAHI DEEPAK        BNKI,83062910,Brass Frame Varahi Deepak        BNKI    K-P BRASS FRAME VARAHI DEEPAK        BNKI,36
Brass Frame Padmavati    BNKI    K-P,BRASS FRAME PADMAVATI    BNKI,741810,Brass Frame Padmavati    BNKI    K-P BRASS FRAME PADMAVATI    BNKI,9
Brass Frame Varahi Deepak       BNKI    K-P,BRASS FRAME VARAHI DEEPAK       BNKI,83062910,Brass Frame Varahi Deepak       BNKI    K-P BRASS FRAME VARAHI DEEPAK       BNKI,36
Brass Tree Cow Krishna         BNKI    K-P,BRASS TREE COW KRISHNA         BNKI,83062910,Brass Tree Cow Krishna         BNKI    K-P BRASS TREE COW KRISHNA         BNKI,36
Brass D.Base Ganesh        BNKI    K-P,BRASS D.BASE GANESH        BNKI,83062910,Brass D.Base Ganesh        BNKI    K-P BRASS D.BASE GANESH        BNKI,36
Brass Kamal Ganesh          BNKI    K-P,BRASS KAMAL GANESH          BNKI,83062910,Brass Kamal Ganesh          BNKI    K-P BRASS KAMAL GANESH          BNKI,36
Brass Revoling Round  L G S       BNKI    K-P,BRASS REVOLING ROUND  L G S       BNKI,83062910,Brass Revoling Round  L G S       BNKI    K-P BRASS REVOLING ROUND  L G S       BNKI,36
Brass Kamal Saraswati        BNKI    K-P,BRASS KAMAL SARASWATI        BNKI,83062910,Brass Kamal Saraswati        BNKI    K-P BRASS KAMAL SARASWATI        BNKI,36
Brass Kamal Ganesh        BNKI    K-P,BRASS KAMAL GANESH        BNKI,83062910,Brass Kamal Ganesh        BNKI    K-P BRASS KAMAL GANESH        BNKI,36
Brass Frame Laxmi Deepak       BNKI    K-P,BRASS FRAME LAXMI DEEPAK       BNKI,83062910,Brass Frame Laxmi Deepak       BNKI    K-P BRASS FRAME LAXMI DEEPAK       BNKI,36
Brass Ast Laxmi Latkan       BNKI    K-P,BRASS AST LAXMI LATKAN       BNKI,83062910,Brass Ast Laxmi Latkan       BNKI    K-P BRASS AST LAXMI LATKAN       BNKI,36
Brass Bal Murugan        BNKI    K-P,BRASS BAL MURUGAN        BNKI,83062910,Brass Bal Murugan        BNKI    K-P BRASS BAL MURUGAN        BNKI,36
Brass Ashok Stamb        BNKI    K-P,BRASS ASHOK STAMB        BNKI,83062910,Brass Ashok Stamb        BNKI    K-P BRASS ASHOK STAMB        BNKI,36
Brass Ashok Laat      BNKI    K-P,BRASS ASHOK LAAT      BNKI,83062910,Brass Ashok Laat      BNKI    K-P BRASS ASHOK LAAT      BNKI,36
Brass Sai Baba         BNKI    K-P,BRASS SAI BABA         BNKI,83062910,Brass Sai Baba         BNKI    K-P BRASS SAI BABA         BNKI,36
Brass Saibaba        BNKI    K-P,BRASS SAIBABA        BNKI,83062910,Brass Saibaba        BNKI    K-P BRASS SAIBABA        BNKI,36
Brass Adiyogi W/O Base        BNKI    K-P,BRASS ADIYOGI W/O BASE        BNKI,83062910,Brass Adiyogi W/O Base        BNKI    K-P BRASS ADIYOGI W/O BASE        BNKI,36
Brass Saraswati with Swan       BNKI    K-P,BRASS SARASWATI WITH SWAN       BNKI,83062910,Brass Saraswati with Swan       BNKI    K-P BRASS SARASWATI WITH SWAN       BNKI,36
Brass Frame T.  Balaji       BNKI    K-P,BRASS FRAME T.  BALAJI       BNKI,741810,Brass Frame T.  Balaji       BNKI    K-P BRASS FRAME T.  BALAJI       BNKI,9
Brass Shank Chankra Balaji Panel        BNKI    K-P,BRASS SHANK CHANKRA BALAJI PANEL        BNKI,83062910,Brass Shank Chankra Balaji Panel        BNKI    K-P BRASS SHANK CHANKRA BALAJI PANEL        BNKI,36
Brass Krishna SF      SBLH    K-P,BRASS KRISHNA SF      SBLH,83062910,Brass Krishna SF      SBLH    K-P BRASS KRISHNA SF      SBLH,36
Brass Elephant Deepak  Small    SBLH    K-P,BRASS ELEPHANT DEEPAK  SMALL    SBLH,83062910,Brass Elephant Deepak  Small    SBLH    K-P BRASS ELEPHANT DEEPAK  SMALL    SBLH,36
Brass Peacock Deepak SF      SBLH    K-P,BRASS PEACOCK DEEPAK SF      SBLH,83062910,Brass Peacock Deepak SF      SBLH    K-P BRASS PEACOCK DEEPAK SF      SBLH,36
Brass Deep Laxmi  150    SBLH    K-P,BRASS DEEP LAXMI  150    SBLH,83062910,Brass Deep Laxmi  150    SBLH    K-P BRASS DEEP LAXMI  150    SBLH,36
Brass Deep Laxmi  250   SBLH    K-P,BRASS DEEP LAXMI  250   SBLH,83062910,Brass Deep Laxmi  250   SBLH    K-P BRASS DEEP LAXMI  250   SBLH,36
Brass Elephant Deepak  200    SBLH    K-P,BRASS ELEPHANT DEEPAK  200    SBLH,83062910,Brass Elephant Deepak  200    SBLH    K-P BRASS ELEPHANT DEEPAK  200    SBLH,36
Brass Elephant Deepak  400    SBLH    K-P,BRASS ELEPHANT DEEPAK  400    SBLH,83062910,Brass Elephant Deepak  400    SBLH    K-P BRASS ELEPHANT DEEPAK  400    SBLH,36
Brass Elephant Deepak  600    SBLH    K-P,BRASS ELEPHANT DEEPAK  600    SBLH,83062910,Brass Elephant Deepak  600    SBLH    K-P BRASS ELEPHANT DEEPAK  600    SBLH,36
Brass Elephant Deepak  900    SBLH    K-P,BRASS ELEPHANT DEEPAK  900    SBLH,83062910,Brass Elephant Deepak  900    SBLH    K-P BRASS ELEPHANT DEEPAK  900    SBLH,36
Brass Elephant Deepak  Big    SBLH    K-P,BRASS ELEPHANT DEEPAK  BIG    SBLH,83062910,Brass Elephant Deepak  Big    SBLH    K-P BRASS ELEPHANT DEEPAK  BIG    SBLH,36
Brass Elephant Deepak   BNKI    K-P,BRASS ELEPHANT DEEPAK   BNKI,83062910,Brass Elephant Deepak   BNKI    K-P BRASS ELEPHANT DEEPAK   BNKI,36
Brass Frame Aiyappa            BNKI    K-P,BRASS FRAME AIYAPPA            BNKI,83062910,Brass Frame Aiyappa            BNKI    K-P BRASS FRAME AIYAPPA            BNKI,36
Brass Aiyappa          BNKI    K-P,BRASS AIYAPPA          BNKI,83062910,Brass Aiyappa          BNKI    K-P BRASS AIYAPPA          BNKI,36
Brass Frame Aiyappa       BNKI    K-P,BRASS FRAME AIYAPPA       BNKI,83062910,Brass Frame Aiyappa       BNKI    K-P BRASS FRAME AIYAPPA       BNKI,36
BRASS AKP DLX VILAKKU LINE -10 JB    K-P,BRASS AKP DLX VILAKKU LINE -10 JB,741999,BRASS AKP DLX VILAKKU LINE -10 JB    K-P BRASS AKP DLX VILAKKU LINE -10 JB,13
Brass Deep Lady               BNKI    K-P,BRASS DEEP LADY               BNKI,83062910,Brass Deep Lady               BNKI    K-P BRASS DEEP LADY               BNKI,36
Brass Elephant Deepak         BNKI    K-P,BRASS ELEPHANT DEEPAK         BNKI,83062910,Brass Elephant Deepak         BNKI    K-P BRASS ELEPHANT DEEPAK         BNKI,36
Brass Elephant 5 Deepak        BNKI    K-P,BRASS ELEPHANT 5 DEEPAK        BNKI,83062910,Brass Elephant 5 Deepak        BNKI    K-P BRASS ELEPHANT 5 DEEPAK        BNKI,36
Brass Padmanabham Swami    BNKI    K-P,BRASS PADMANABHAM SWAMI    BNKI,83062910,Brass Padmanabham Swami    BNKI    K-P BRASS PADMANABHAM SWAMI    BNKI,36
Brass Natraj Vigraham 14    SBLH    K-P,BRASS NATRAJ VIGRAHAM 14    SBLH,830629,Brass Natraj Vigraham 14    SBLH    K-P BRASS NATRAJ VIGRAHAM 14    SBLH,17
Brass Natraj Vigraham 16    SBLH    K-P,BRASS NATRAJ VIGRAHAM 16    SBLH,830629,Brass Natraj Vigraham 16    SBLH    K-P BRASS NATRAJ VIGRAHAM 16    SBLH,17
Brass Krishna Vigraham     SBLH    K-P,BRASS KRISHNA VIGRAHAM     SBLH,830629,Brass Krishna Vigraham     SBLH    K-P BRASS KRISHNA VIGRAHAM     SBLH,17
Brass Frame Ayyappa    SBLH    K-P,BRASS FRAME AYYAPPA    SBLH,830629,Brass Frame Ayyappa    SBLH    K-P BRASS FRAME AYYAPPA    SBLH,17
Brass Sheet Uruli Hathi 14   GUL       K-P,BRASS SHEET URULI HATHI 14   GUL,741999,Brass Sheet Uruli Hathi 14   GUL       K-P BRASS SHEET URULI HATHI 14   GUL,13
Dhoom Galash 1  OMM   PCS,DHOOM GALASH 1  OMM,741810,Dhoom Galash 1  OMM   PCS DHOOM GALASH 1  OMM,9
Dhoom Galash 2  OMM   PCS,DHOOM GALASH 2  OMM,741810,Dhoom Galash 2  OMM   PCS DHOOM GALASH 2  OMM,9
Dhoom Galash 3  OMM   PCS,DHOOM GALASH 3  OMM,741810,Dhoom Galash 3  OMM   PCS DHOOM GALASH 3  OMM,9
Dhoom Galash 4  OMM   PCS,DHOOM GALASH 4  OMM,741810,Dhoom Galash 4  OMM   PCS DHOOM GALASH 4  OMM,9
Dhoom Galash 5  OMM   PCS,DHOOM GALASH 5  OMM,741810,Dhoom Galash 5  OMM   PCS DHOOM GALASH 5  OMM,9
BRASS SHEET URULI   RCSB   KG,BRASS SHEET URULI  RCSB,741810,BRASS SHEET URULI   RCSB   KG BRASS SHEET URULI  RCSB,9
AKP-MASS VILAKK 3 SWA,AKP-MASS VILAKK 3,74181010,AKP-MASS VILAKK 3 SWA AKP-MASS VILAKK 3,24
AKP-MASS VILAKK 4 SWA,AKP-MASS VILAKK 4,74181010,AKP-MASS VILAKK 4 SWA AKP-MASS VILAKK 4,24
AKP VILAKKU -8 AZAD,AKP VILAKKU -8 AZAD,74181010,AKP VILAKKU -8 AZAD AKP VILAKKU -8 AZAD,24
Star Conical Coffee Stainer 4 VISH,STAR CONICAL COFFEE STAINER 4  VISH,73239390,Star Conical Coffee Stainer 4 VISH STAR CONICAL COFFEE STAINER 4  VISH,22
Wood Jewel Box Butterfly 6*4   MENH   PCS,WOOD JEWEL BOX BUTTERFLY 6*4   MENH,44190010,Wood Jewel Box Butterfly 6*4   MENH   PCS WOOD JEWEL BOX BUTTERFLY 6*4   MENH,20
Wood Jewel Box Butterfly 7*5   MENH  PCS,WOOD JEWEL BOX BUTTERFLY 7*5   MENH,44190010,Wood Jewel Box Butterfly 7*5   MENH  PCS WOOD JEWEL BOX BUTTERFLY 7*5   MENH,20
Wood Jewel Box Butterfly 8*5   MENH,WOOD JEWEL BOX BUTTERFLY 8*5   MENH,44190010,Wood Jewel Box Butterfly 8*5   MENH WOOD JEWEL BOX BUTTERFLY 8*5   MENH,20
Wood Jewel Box 4*4   MENH  PCS,WOOD JEWEL BOX 4*4   MENH,44190010,Wood Jewel Box 4*4   MENH  PCS WOOD JEWEL BOX 4*4   MENH,20
Hanging oil Lamp VNS,HANGING OIL LAMP VNS,741999,Hanging oil Lamp VNS HANGING OIL LAMP VNS,13
Brass Lotta Plain 1  SAI   K-P,BRASS LOTTA PLAIN 1  SAI,741999,Brass Lotta Plain 1  SAI   K-P BRASS LOTTA PLAIN 1  SAI,13
Brass Deevla Arthi 1  SAI   K-P,BRASS DEEVLA ARTHI 1  SAI,741999,Brass Deevla Arthi 1  SAI   K-P BRASS DEEVLA ARTHI 1  SAI,13
Brass Deevla Arthi 2  SAI   K-P,BRASS DEEVLA ARTHI 2  SAI,741999,Brass Deevla Arthi 2  SAI   K-P BRASS DEEVLA ARTHI 2  SAI,13
Brass Pooja Set 6  SAI  PCS,BRASS POOJA SET 6  SAI,741999,Brass Pooja Set 6  SAI  PCS BRASS POOJA SET 6  SAI,13
Brass Pooja Set 8  SAI    PCS,BRASS POOJA SET 8  SAI,74199930,Brass Pooja Set 8  SAI    PCS BRASS POOJA SET 8  SAI,29
Brass Pooja Set 10  SAI   PCS,BRASS POOJA SET 10  SAI,741999,Brass Pooja Set 10  SAI   PCS BRASS POOJA SET 10  SAI,13
Brass Pooja Set 12  SAI   PCS,BRASS POOJA SET 12  SAI,741999,Brass Pooja Set 12  SAI   PCS BRASS POOJA SET 12  SAI,13
Brass Pyali Deep 2  ZI  PCS,BRASS PYALI DEEP 2   ZI,741910,Brass Pyali Deep 2  ZI  PCS BRASS PYALI DEEP 2   ZI,11
New Fine Krishna 9.2   GV  K-P,NEW FINE KRISHNA 9.2   GV,83062910,New Fine Krishna 9.2   GV  K-P NEW FINE KRISHNA 9.2   GV,36
Brass Balaji Head 9  GV  K-P,BRASS BALAJI HEAD 9  GV,83062910,Brass Balaji Head 9  GV  K-P BRASS BALAJI HEAD 9  GV,36
Brass Frame Ganesh 10.5  GV  K-P,BRASS FRAME GANESH 10.5  GV,83062910,Brass Frame Ganesh 10.5  GV  K-P BRASS FRAME GANESH 10.5  GV,36
Brass Frame Lakshmi  10.5  GV  K-P,BRASS FRAME LAKSHMI  10.5  GV,83062910,Brass Frame Lakshmi  10.5  GV  K-P BRASS FRAME LAKSHMI  10.5  GV,36
Brass Varaki 2.8  GV  K-P,BRASS VARAKI 2.8  GV,83062910,Brass Varaki 2.8  GV  K-P BRASS VARAKI 2.8  GV,36
Brass Sanku Chakker Plate 3.5  GV K-P,BRASS SANKU CHAKKER PLATE 3.5  GV,83062910,Brass Sanku Chakker Plate 3.5  GV K-P BRASS SANKU CHAKKER PLATE 3.5  GV,36
Brass Varaki 5  GV  K-P,BRASS VARAKI 5  GV,83062910,Brass Varaki 5  GV  K-P BRASS VARAKI 5  GV,36
Brass Ganesh 10  GV  K-P,BRASS GANESH 10  GV,83062910,Brass Ganesh 10  GV  K-P BRASS GANESH 10  GV,36
Brass Ganesh 9.5  GV                 K-P,BRASS GANESH 9.5  GV,83062910,Brass Ganesh 9.5  GV                 K-P BRASS GANESH 9.5  GV,36
Brass Ganesh 12.2   GV    K-P,BRASS GANESH 12.2   GV,83062910,Brass Ganesh 12.2   GV    K-P BRASS GANESH 12.2   GV,36
Brass Ganesh 11.7  GV    K-P,BRASS GANESH 11.7  GV,83062910,Brass Ganesh 11.7  GV    K-P BRASS GANESH 11.7  GV,36
Brass Shiv Family 6   GV     K-P,BRASS SHIV FAMILY 6   GV,83062910,Brass Shiv Family 6   GV     K-P BRASS SHIV FAMILY 6   GV,36
New Krishna Hanging 17.5 GV    K-P,NEW KRISHNA HANGING 17.5 GV,83062910,New Krishna Hanging 17.5 GV    K-P NEW KRISHNA HANGING 17.5 GV,36
Brass Ganesh 2.7   GV    K-P,BRASS GANESH 2.7   GV,83062910,Brass Ganesh 2.7   GV    K-P BRASS GANESH 2.7   GV,36
Brass Laxmi  2.7  GV   K-P,BRASS LAXMI  2.7  GV,83062910,Brass Laxmi  2.7  GV   K-P BRASS LAXMI  2.7  GV,36
Brass Balaji Coin 7  GV   K-P,BRASS BALAJI COIN 7  GV,83062910,Brass Balaji Coin 7  GV   K-P BRASS BALAJI COIN 7  GV,36
Brass Nandi 10  GV   K-P,BRASS NANDI 10  GV,83062910,Brass Nandi 10  GV   K-P BRASS NANDI 10  GV,36
AKP VILAKKU,AKP VILAKKU,74181010,AKP VILAKKU AKP VILAKKU,24
AKP VILAKKU-10013118,AKP VILAKKU,741999,AKP VILAKKU-10013118 AKP VILAKKU,13
ELEPHANT DEEPAK MHJN,ELEPHANT DEEPAK MHJN,830621,ELEPHANT DEEPAK MHJN ELEPHANT DEEPAK MHJN,16
DEEP LAKSHMI MHJN,DEEP LAKSHMI MHJN,830621,DEEP LAKSHMI MHJN DEEP LAKSHMI MHJN,16
KAVARA VILAKKU-SPI,KAVARA VILAKKU-SPI,741999,KAVARA VILAKKU-SPI KAVARA VILAKKU-SPI,13
ARUVAL,ARUVAL,741999,ARUVAL ARUVAL,13
BRASS APPAKARA SWA,BRASS APPAKARA SWA,74181010,BRASS APPAKARA SWA BRASS APPAKARA SWA,24
CHILAMPU SET KPS,CHILAMPU SET KPS,741999,CHILAMPU SET KPS CHILAMPU SET KPS,13
CHINKI,CHINKI,741999,CHINKI CHINKI,13
CROSS WITH JESUS,CROSS WITH JESUS,741999,CROSS WITH JESUS CROSS WITH JESUS,13
ELEPHANT LAMP  FRD,ELEPHANT LAMP  FRD,741999,ELEPHANT LAMP  FRD ELEPHANT LAMP  FRD,13
GARUDA VILAKKU,GARUDA VILAKKU,74181010,GARUDA VILAKKU GARUDA VILAKKU,24
HOMAKUNDAM -COPPER,HOMAKUNDAM -COPPER,74181010,HOMAKUNDAM -COPPER HOMAKUNDAM -COPPER,24
KARPOORA ARTHY KPS,KARPOORA ARTHY KPS,741999,KARPOORA ARTHY KPS KARPOORA ARTHY KPS,13
KARPOORA ARTHY,KARPOORA ARTHY,741999,KARPOORA ARTHY KARPOORA ARTHY,13
KERALA FANCY CROSS,KERALA FANCY CROSS,741999,KERALA FANCY CROSS KERALA FANCY CROSS,13
BRASS PARA JB,BRASS PARA JB,741999,BRASS PARA JB BRASS PARA JB,13
KERALA FANCY CROSS plain,KERALA FANCY CROSS PLAIN,741999,KERALA FANCY CROSS plain KERALA FANCY CROSS PLAIN,13
KERALA FANCY VILAKKU,KERALA FANCY VILAKKU,741999,KERALA FANCY VILAKKU KERALA FANCY VILAKKU,13
KINDI-SPL,KINDI-SPL,74181010,KINDI-SPL KINDI-SPL,24
KODI VILAKKU SWA,KODI VILAKKU SWA,741999,KODI VILAKKU SWA KODI VILAKKU SWA,13
KOLAMPI,KOLAMPI,741999,KOLAMPI KOLAMPI,13
COPPER MONTHA,COPPER MONTHA,74181010,COPPER MONTHA COPPER MONTHA,24
BRASS MONTHA,BRASS MONTHA,74181010,BRASS MONTHA BRASS MONTHA,24
NAGAM,NAGAM,741999,NAGAM NAGAM,13
PANI VILAKKU,PANI VILAKKU,74181010,PANI VILAKKU PANI VILAKKU,24
PATTI VILAKKU  KPS,PATTI VILAKKU  KPS,74181010,PATTI VILAKKU  KPS PATTI VILAKKU  KPS,24
PLANTER,PLANTER,74181010,PLANTER PLANTER,24
DEEP LAKSHMI LAMP FRD,DEEP LAKSHMI LAMP FRD,74181010,DEEP LAKSHMI LAMP FRD DEEP LAKSHMI LAMP FRD,24
POMMAI VILAKKU,POMMAI VILAKKU,74181010,POMMAI VILAKKU POMMAI VILAKKU,24
PUTTUKUDAM(BRASS),PUTTUKUDAM(BRASS),74181010,PUTTUKUDAM(BRASS) PUTTUKUDAM(BRASS),24
ROCKET VILAKKU-2 SWA,ROCKET VILAKKU-2 SWA,74181010,ROCKET VILAKKU-2 SWA ROCKET VILAKKU-2 SWA,24
ROCKET VILAKKU-3 SWA,ROCKET VILAKKU-3 SWA,74181010,ROCKET VILAKKU-3 SWA ROCKET VILAKKU-3 SWA,24
ROCKET VILAKKU-4 SWA,ROCKET VILAKKU-4 SWA,74181010,ROCKET VILAKKU-4 SWA ROCKET VILAKKU-4 SWA,24
ROCKET VILAKKU-5 SWA,ROCKET VILAKKU-5 SWA,74181010,ROCKET VILAKKU-5 SWA ROCKET VILAKKU-5 SWA,24
SAMPRANI KARANDI,SAMPRANI KARANDI,74181010,SAMPRANI KARANDI SAMPRANI KARANDI,24
SAMPRANI KARANDI-10013154,SAMPRANI KARANDI,74181010,SAMPRANI KARANDI-10013154 SAMPRANI KARANDI,24
SCHOOL BELL,SCHOOL BELL,74181010,SCHOOL BELL SCHOOL BELL,24
BRASS SOOLAM,BRASS SOOLAM,74181010,BRASS SOOLAM BRASS SOOLAM,24
STEP VILAKKU,STEP VILAKKU,74181010,STEP VILAKKU STEP VILAKKU,24
THARAPATRAM(COPPER),THARAPATRAM(COPPER),74181010,THARAPATRAM(COPPER) THARAPATRAM(COPPER),24
BRASS THEERTHAVALLI KPS,BRASS THEERTHAVALLI KPS,74181010,BRASS THEERTHAVALLI KPS BRASS THEERTHAVALLI KPS,24
THOOKKU VILAKKU KPS,THOOKKU VILAKKU KPS,74181010,THOOKKU VILAKKU KPS THOOKKU VILAKKU KPS,24
AKP S. SPL P Cross  pop,AKP S. SPL P CROSS  POP,74181010,AKP S. SPL P Cross  pop AKP S. SPL P CROSS  POP,24
TORTOIS STEP VILAKKU SWA,TORTOIS STEP VILAKKU SWA,74181010,TORTOIS STEP VILAKKU SWA TORTOIS STEP VILAKKU SWA,24
BRASS KAMAL LATKAN KPS,BRASS KAMAL LATKAN KPS,74181010,BRASS KAMAL LATKAN KPS BRASS KAMAL LATKAN KPS,24
BRASS Vigraham,BRASS VIGRAHAM,74181010,BRASS Vigraham BRASS VIGRAHAM,24
URULI (BRASS) MATH,URULI (BRASS) MATH,74181010,URULI (BRASS) MATH URULI (BRASS) MATH,24
VASTHU VILAKKU,VASTHU VILAKKU,74181010,VASTHU VILAKKU VASTHU VILAKKU,24
VIGRAHAM,VIGRAHAM,74181010,VIGRAHAM VIGRAHAM,24
BRASS VIGRAHAM  BNKI,BRASS VIGRAHAM  BNKI,74181010,BRASS VIGRAHAM  BNKI BRASS VIGRAHAM  BNKI,24
BRASS VIGRAHAM BNKI,BRASS VIGRAHAM BNKI,74181010,BRASS VIGRAHAM BNKI BRASS VIGRAHAM BNKI,24
BRASS VIGRAHAM  BNKI-10013170,BRASS VIGRAHAM  BNKI,74181010,BRASS VIGRAHAM  BNKI-10013170 BRASS VIGRAHAM  BNKI,24
BARSS VIGRAHAM BNKI,BARSS VIGRAHAM BNKI,74181010,BARSS VIGRAHAM BNKI BARSS VIGRAHAM BNKI,24
BRASS VIGRAHAM BNKI-10013172,BRASS VIGRAHAM BNKI,74181010,BRASS VIGRAHAM BNKI-10013172 BRASS VIGRAHAM BNKI,24
VIGRAHAM STAND(BRASS),VIGRAHAM STAND(BRASS),74181010,VIGRAHAM STAND(BRASS) VIGRAHAM STAND(BRASS),24
BRASS H MADE CHAIN,BRASS H MADE CHAIN,741910,BRASS H MADE CHAIN BRASS H MADE CHAIN,11
LATKEN,LATKEN,74181010,LATKEN LATKEN,24
FLOWER VASE - POLISH,FLOWER VASE - POLISH,74181010,FLOWER VASE - POLISH FLOWER VASE - POLISH,24
FLOWER VASE - POLISH-10013172,FLOWER VASE - POLISH,74181010,FLOWER VASE - POLISH-10013172 FLOWER VASE - POLISH,24
DOOP  ARTHI,DOOP  ARTHI,74181010,DOOP  ARTHI DOOP  ARTHI,24
BRASS Hanging Bell PERFBH,BRASS HANGING BELL PERFBH,74181010,BRASS Hanging Bell PERFBH BRASS HANGING BELL PERFBH,24
BRASS SOOLAM KPS,BRASS SOOLAM KPS,74181010,BRASS SOOLAM KPS BRASS SOOLAM KPS,24
BRASS HANGING VIGRAHAM MHJN,BRASS HANGING VIGRAHAM MHJN,74181010,BRASS HANGING VIGRAHAM MHJN BRASS HANGING VIGRAHAM MHJN,24
ELEPHANT DEEPAK BNKI,ELEPHANT DEEPAK BNKI,830629,ELEPHANT DEEPAK BNKI ELEPHANT DEEPAK BNKI,17
BRASS VIGRAHAM BNKI-10013183,BRASS VIGRAHAM BNKI,74181010,BRASS VIGRAHAM BNKI-10013183 BRASS VIGRAHAM BNKI,24
BRASS VEL KPS,BRASS VEL KPS,74181010,BRASS VEL KPS BRASS VEL KPS,24
BRASS VIGRAHAM MHJN,BRASS VIGRAHAM MHJN,74181010,BRASS VIGRAHAM MHJN BRASS VIGRAHAM MHJN,24
BRASS VIGRAHAM  MHJN,BRASS VIGRAHAM  MHJN,74181010,BRASS VIGRAHAM  MHJN BRASS VIGRAHAM  MHJN,24
DOUBLE LATKEN,DOUBLE LATKEN,74181010,DOUBLE LATKEN DOUBLE LATKEN,24
LAKSHMI LATKEN,LAKSHMI LATKEN,74181010,LAKSHMI LATKEN LAKSHMI LATKEN,24
BRASS LATKEN,BRASS LATKEN,74181010,BRASS LATKEN BRASS LATKEN,24
BRASS URAL,BRASS URAL,74181010,BRASS URAL BRASS URAL,24
BRASS BELL,BRASS BELL,74181010,BRASS BELL BRASS BELL,24
BRASS M MADE CHAIN,BRASS M MADE CHAIN,74181010,BRASS M MADE CHAIN BRASS M MADE CHAIN,24
BRASS BOLT [ BOTTOM],BRASS BOLT [ BOTTOM],74181010,BRASS BOLT [ BOTTOM] BRASS BOLT [ BOTTOM],24
BRASS S RAD,BRASS S RAD,74181010,BRASS S RAD BRASS S RAD,24
Brass Welding Chein,BRASS WELDING CHEIN,74181010,Brass Welding Chein BRASS WELDING CHEIN,24
ROCKET VILAKKU-1 SWA,ROCKET VILAKKU-1 SWA,74181010,ROCKET VILAKKU-1 SWA ROCKET VILAKKU-1 SWA,24
BRASS VEL,BRASS VEL,74181010,BRASS VEL BRASS VEL,24
BRASS CHINA PLATE  SHLP,BRASS CHINA PLATE  SHLP,74181010,BRASS CHINA PLATE  SHLP BRASS CHINA PLATE  SHLP,24
BRASS MADHUBALA PLATE  SHLP,BRASS MADHUBALA PLATE  SHLP,74181010,BRASS MADHUBALA PLATE  SHLP BRASS MADHUBALA PLATE  SHLP,24
BRASS R TRAY  SHLP,BRASS R TRAY  SHLP,74181010,BRASS R TRAY  SHLP BRASS R TRAY  SHLP,24
BRASS MUKKALI  SWA,BRASS MUKKALI  SWA,74181010,BRASS MUKKALI  SWA BRASS MUKKALI  SWA,24
FRD. COPPER MONTHA,FRD. COPPER MONTHA,741810,FRD. COPPER MONTHA FRD. COPPER MONTHA,9
BRASS GANAPATHY VILAKU SWA,BRASS GANAPATHY VILAKU SWA,74181010,BRASS GANAPATHY VILAKU SWA BRASS GANAPATHY VILAKU SWA,24
BRASS LATKAN SWA,BRASS LATKAN SWA,74181010,BRASS LATKAN SWA BRASS LATKAN SWA,24
BRASS W RAD,BRASS W RAD,74181010,BRASS W RAD BRASS W RAD,24
BRASS HANDLE URULI KPS,BRASS HANDLE URULI KPS,74181010,BRASS HANDLE URULI KPS BRASS HANDLE URULI KPS,24
BRASS PADA KORI KPS,BRASS PADA KORI KPS,74181010,BRASS PADA KORI KPS BRASS PADA KORI KPS,24
Brass Rudraksh Deep(square base)SUPFB,BRASS RUDRAKSH DEEP(SQUARE BASE)SUPFB,74181010,Brass Rudraksh Deep(square base)SUPFB BRASS RUDRAKSH DEEP(SQUARE BASE)SUPFB,24
BRASS NAKSH DEEP SUPFB,BRASS NAKSH DEEP SUPFB,74181010,BRASS NAKSH DEEP SUPFB BRASS NAKSH DEEP SUPFB,24
BRASS VIGRAHAM-10013210,BRASS VIGRAHAM,74181010,BRASS VIGRAHAM-10013210 BRASS VIGRAHAM,24
BRASS LEG URULI POP,BRASS LEG URULI POP,74181010,BRASS LEG URULI POP BRASS LEG URULI POP,24
BRASS NEW URULI POP,BRASS NEW URULI POP,74181010,BRASS NEW URULI POP BRASS NEW URULI POP,24
FLOWER VASE - COLOUR SPI,FLOWER VASE - COLOUR SPI,74181010,FLOWER VASE - COLOUR SPI FLOWER VASE - COLOUR SPI,24
BRASS LATKEN-10013214,BRASS LATKEN,74181010,BRASS LATKEN-10013214 BRASS LATKEN,24
BRASS BEEDING PLATE RING,BRASS BEEDING PLATE RING,74181010,BRASS BEEDING PLATE RING BRASS BEEDING PLATE RING,24
COPPER BHARATH SDHRA,COPPER BHARATH SDHRA,74181010,COPPER BHARATH SDHRA COPPER BHARATH SDHRA,24
brass vigraham  BNKI-10013217,BRASS VIGRAHAM  BNKI,74181010,brass vigraham  BNKI-10013217 BRASS VIGRAHAM  BNKI,24
Brass vigraham  BNKI-10013218,BRASS VIGRAHAM  BNKI,74181010,Brass vigraham  BNKI-10013218 BRASS VIGRAHAM  BNKI,24
FLOWER VASE - COLOUR SPI10013219,FLOWER VASE - COLOUR SPI,74181010,FLOWER VASE - COLOUR SPI10013219 FLOWER VASE - COLOUR SPI,24
BRASS BEEDING PLATE RING-10013220,BRASS BEEDING PLATE RING,74181010,BRASS BEEDING PLATE RING-10013220 BRASS BEEDING PLATE RING,24
PANI VILAKKU SWA,PANI VILAKKU SWA,74181010,PANI VILAKKU SWA PANI VILAKKU SWA,24
SHEET VARP SUB,SHEET VARP SUB,74181010,SHEET VARP SUB SHEET VARP SUB,24
Brass Changalavatta VNS,BRASS CHANGALAVATTA VNS,74181010,Brass Changalavatta VNS BRASS CHANGALAVATTA VNS,24
Brass Vigraham  BNKI-10013224,BRASS VIGRAHAM  BNKI,74181010,Brass Vigraham  BNKI-10013224 BRASS VIGRAHAM  BNKI,24
BRASS VIGRAHAM  MHJN-10013225,BRASS VIGRAHAM  MHJN,74181010,BRASS VIGRAHAM  MHJN-10013225 BRASS VIGRAHAM  MHJN,24
AKP  M W,AKP  M W,74181010,AKP  M W AKP  M W,24
DEEP LADY FRD,DEEP LADY FRD,74181010,DEEP LADY FRD DEEP LADY FRD,24
Brass Changalavatta SWA,BRASS CHANGALAVATTA SWA,74181010,Brass Changalavatta SWA BRASS CHANGALAVATTA SWA,24
BRASS OM HANGING RSH,BRASS OM HANGING RSH,74181010,BRASS OM HANGING RSH BRASS OM HANGING RSH,24
Swastik Hanging,SWASTIK HANGING,74181010,Swastik Hanging SWASTIK HANGING,24
Brass Deepalakshmi VNS,BRASS DEEPALAKSHMI VNS,74181010,Brass Deepalakshmi VNS BRASS DEEPALAKSHMI VNS,24
BRASS MERU  KGB,BRASS MERU  KGB,74181010,BRASS MERU  KGB BRASS MERU  KGB,24
KTR VILAKKU SUB 36 to 66,KTR VILAKKU SUB 36 TO 66,741999,KTR VILAKKU SUB 36 to 66 KTR VILAKKU SUB 36 TO 66,13
BRASS URULI LW,BRASS URULI LW,741999,BRASS URULI LW BRASS URULI LW,13
BRASS HANGING DIYA VNS,BRASS HANGING DIYA VNS,74181010,BRASS HANGING DIYA VNS BRASS HANGING DIYA VNS,24
BRASS VIGRAHAM VNS,BRASS VIGRAHAM VNS,741999,BRASS VIGRAHAM VNS BRASS VIGRAHAM VNS,13
BRASS GANAPATHY VILAKKU SR,BRASS GANAPATHY VILAKKU SR,741999,BRASS GANAPATHY VILAKKU SR BRASS GANAPATHY VILAKKU SR,13
BRASS VIGHRAHAM MHJN,BRASS VIGHRAHAM MHJN,741999,BRASS VIGHRAHAM MHJN BRASS VIGHRAHAM MHJN,13
Pooja Bell SUB,POOJA BELL SUB,741999,Pooja Bell SUB POOJA BELL SUB,13
BRASS VIGRAHAM MHJN-10013240,BRASS VIGRAHAM MHJN,741999,BRASS VIGRAHAM MHJN-10013240 BRASS VIGRAHAM MHJN,13
Brass Vigraham-10013241,BRASS VIGRAHAM,741999,Brass Vigraham-10013241 BRASS VIGRAHAM,13
KASHI VILAKKU,KASHI VILAKKU,74181010,KASHI VILAKKU KASHI VILAKKU,24
COPPER CHINA PLATE  SHLP,COPPER CHINA PLATE  SHLP,74181010,COPPER CHINA PLATE  SHLP COPPER CHINA PLATE  SHLP,24
KERALA FANCY VILAKKU WAL,KERALA FANCY VILAKKU WAL,74181010,KERALA FANCY VILAKKU WAL KERALA FANCY VILAKKU WAL,24
BRASS VIGRAHAM  BNKI-10013245,BRASS VIGRAHAM  BNKI,74181010,BRASS VIGRAHAM  BNKI-10013245 BRASS VIGRAHAM  BNKI,24
BRASS VIGRAHAM  BNKI-10013246,BRASS VIGRAHAM  BNKI,74181010,BRASS VIGRAHAM  BNKI-10013246 BRASS VIGRAHAM  BNKI,24
BRASS VIGRAHAM BNKI-10013247,BRASS VIGRAHAM BNKI,74181010,BRASS VIGRAHAM BNKI-10013247 BRASS VIGRAHAM BNKI,24
BRASS VIGRAHAM  BNKI-10013248,BRASS VIGRAHAM  BNKI,74181010,BRASS VIGRAHAM  BNKI-10013248 BRASS VIGRAHAM  BNKI,24
BRASS VIGRAHAM  BNKI-10013249,BRASS VIGRAHAM  BNKI,74181010,BRASS VIGRAHAM  BNKI-10013249 BRASS VIGRAHAM  BNKI,24
BRASS VIGRAHAM  SHIRDIP,BRASS VIGRAHAM  SHIRDIP,83062120,BRASS VIGRAHAM  SHIRDIP BRASS VIGRAHAM  SHIRDIP,34
BRASS DOOR DOOMS SHIRDIP,BRASS DOOR DOOMS SHIRDIP,83021010,BRASS DOOR DOOMS SHIRDIP BRASS DOOR DOOMS SHIRDIP,32
DOOR KUMIL SWA,DOOR KUMIL SWA,830210,DOOR KUMIL SWA DOOR KUMIL SWA,14
LATKAN CROSS SWA,LATKAN CROSS SWA,74181010,LATKAN CROSS SWA LATKAN CROSS SWA,24
DEEVLA  ARTHY SAI,DEEVLA  ARTHY SAI,741810,DEEVLA  ARTHY SAI DEEVLA  ARTHY SAI,9
BRASS KANSI 5 PATTI VILAKKU  RMH,BRASS KANSI 5 PATTI VILAKKU  RMH,741999,BRASS KANSI 5 PATTI VILAKKU  RMH BRASS KANSI 5 PATTI VILAKKU  RMH,13
KTR VILAKKU SUB 6 to 12,KTR VILAKKU SUB 6 TO 12,741999,KTR VILAKKU SUB 6 to 12 KTR VILAKKU SUB 6 TO 12,13
KAVADI BELL,KAVADI BELL,74181010,KAVADI BELL KAVADI BELL,24
Brass Jali kattora 7 GUL,BRASS JALI KATTORA 7,741999,Brass Jali kattora 7 GUL BRASS JALI KATTORA 7,13
Brass Jali kattora 8 GUL,BRASS JALI KATTORA 8,741999,Brass Jali kattora 8 GUL BRASS JALI KATTORA 8,13
Brass Jali kattora 9 GUL,BRASS JALI KATTORA 9,741999,Brass Jali kattora 9 GUL BRASS JALI KATTORA 9,13
Brass Jali kattora 10 GUL,BRASS JALI KATTORA 10,741999,Brass Jali kattora 10 GUL BRASS JALI KATTORA 10,13
BRASS BOWL SWA,BRASS BOWL SWA,74181010,BRASS BOWL SWA BRASS BOWL SWA,24
Brass Dabbara Set 1 FINE   PCS,BRASS DABBARA SET 1 FINE,741810,Brass Dabbara Set 1 FINE   PCS BRASS DABBARA SET 1 FINE,9
Brass Hand Mirror Small   SHILP  PCS,BRASS HAND MIRROR SMALL   SHILP,741810,Brass Hand Mirror Small   SHILP  PCS BRASS HAND MIRROR SMALL   SHILP,9
Brass Hand Mirror Big   SHILP   PCS,BRASS HAND MIRROR BIG   SHILP,741810,Brass Hand Mirror Big   SHILP   PCS BRASS HAND MIRROR BIG   SHILP,9
BRASS PARA 3.5 ZI        PCS,BRASS PARA 3.5 ZI,74181010,BRASS PARA 3.5 ZI        PCS BRASS PARA 3.5 ZI,24
Brass AKP UM 5  DHIN  PCS,BRASS AKP UM 5  DHIN,741999,Brass AKP UM 5  DHIN  PCS BRASS AKP UM 5  DHIN,13
Copper Montha 12  SAD  K-P,COPPER MONTHA 12  SAD,741810,Copper Montha 12  SAD  K-P COPPER MONTHA 12  SAD,9
Brass Bowl 5 SAD            K-P,BRASS  BOWL   5 SAD,741810,Brass Bowl 5 SAD            K-P BRASS  BOWL   5 SAD,9
Brass  Bowl   6 SAD  K-P,BRASS  BOWL   6 SAD,741810,Brass  Bowl   6 SAD  K-P BRASS  BOWL   6 SAD,9
Copper Thalika Kudam 28  KART     K-P,COPPER THALIKA KUDAM 28   KART,74181010,Copper Thalika Kudam 28  KART     K-P COPPER THALIKA KUDAM 28   KART,24
Brass Chamcha Arthi New 2 DHIN  K-P,BRASS CHAMCHA ARTHI NEW 2 DHIN,741999,Brass Chamcha Arthi New 2 DHIN  K-P BRASS CHAMCHA ARTHI NEW 2 DHIN,13
Brass Chamcha Arthi New 3  DHIN  K-P,BRASS CHAMCHA ARTHI NEW 3 DHIN,741999,Brass Chamcha Arthi New 3  DHIN  K-P BRASS CHAMCHA ARTHI NEW 3 DHIN,13
BRASS PARA 2 AMRM K-P,BRASS PARA 2 AMRM,74199930,BRASS PARA 2 AMRM K-P BRASS PARA 2 AMRM,29
Brass Kamakshi Vilakku Baby  SHLP  PCS,BRASS KAMAKSHI VILAKKU BABY  SHLP,741810,Brass Kamakshi Vilakku Baby  SHLP  PCS BRASS KAMAKSHI VILAKKU BABY  SHLP,9
Brass TCR spl cross Vilakku 10 KGB,BRASS TCR SPL CROSS VILAKKU 10,74181010,Brass TCR spl cross Vilakku 10 KGB BRASS TCR SPL CROSS VILAKKU 10,24
Brass TCR spl cross Vilakku 11 KGB,BRASS TCR SPL CROSS VILAKKU 11 KGB,74181010,Brass TCR spl cross Vilakku 11 KGB BRASS TCR SPL CROSS VILAKKU 11 KGB,24
Brass TCR spl cross Vilakku 12 KGB,BRASS TCR SPL CROSS VILAKKU 12,74181010,Brass TCR spl cross Vilakku 12 KGB BRASS TCR SPL CROSS VILAKKU 12,24
Brass TCR spl cross Vilakku 16 KGB,BRASS TCR SPL CROSS VILAKKU 16,74181010,Brass TCR spl cross Vilakku 16 KGB BRASS TCR SPL CROSS VILAKKU 16,24
Kerala Jhad 4   RSH   PCS,KERALA JHAD 4   RSH,741999,Kerala Jhad 4   RSH   PCS KERALA JHAD 4   RSH,13
KODI VILAKKU -2  SWA       K-P,KODI VILAKKU -2  SWA,74181010,KODI VILAKKU -2  SWA       K-P KODI VILAKKU -2  SWA,24
Brass Cup Oil 2 WAL       K-P,BRASS CUP OIL 2 WAL,74181010,Brass Cup Oil 2 WAL       K-P BRASS CUP OIL 2 WAL,24
Brass Cup Oil 3 WAL       K-P,BRASS CUP OIL 3 WAL,74181010,Brass Cup Oil 3 WAL       K-P BRASS CUP OIL 3 WAL,24
Brass Cup Oil 5 WAL       K-P,BRASS CUP OIL 5 WAL,74181010,Brass Cup Oil 5 WAL       K-P BRASS CUP OIL 5 WAL,24
Brass Pyali Chandan WAL       K-P,BRASS PYALI CHANDAN WAL,74181010,Brass Pyali Chandan WAL       K-P BRASS PYALI CHANDAN WAL,24
Kamal Cup Bowl 5 Plain SEEM       K-P,KAMAL CUP BOWL 5 PLAIN SEEM,74191010,Kamal Cup Bowl 5 Plain SEEM       K-P KAMAL CUP BOWL 5 PLAIN SEEM,27
Kamal Cup Bowl 8 Plain SEEM       K-P,KAMAL CUP BOWL 8 PLAIN SEEM,74191010,Kamal Cup Bowl 8 Plain SEEM       K-P KAMAL CUP BOWL 8 PLAIN SEEM,27
Kamal Cup Bowl 9 Plain SEEM       K-P,KAMAL CUP BOWL 9 PLAIN SEEM,74191010,Kamal Cup Bowl 9 Plain SEEM       K-P KAMAL CUP BOWL 9 PLAIN SEEM,27
Kamal Cup Bowl 10 Handle SEEM       K-P,KAMAL CUP BOWL 10 HANDLE SEEM,74191010,Kamal Cup Bowl 10 Handle SEEM       K-P KAMAL CUP BOWL 10 HANDLE SEEM,27
Kamal Cup Bowl 5 Handle SEEM       K-P,KAMAL CUP BOWL 5 HANDLE SEEM,74191010,Kamal Cup Bowl 5 Handle SEEM       K-P KAMAL CUP BOWL 5 HANDLE SEEM,27
Kamal Cup Bowl 6 Handle SEEM       K-P,KAMAL CUP BOWL 6 HANDLE SEEM,74191010,Kamal Cup Bowl 6 Handle SEEM       K-P KAMAL CUP BOWL 6 HANDLE SEEM,27
Kamal Cup Bowl 7 Handle SEEM       K-P,KAMAL CUP BOWL 7 HANDLE SEEM,74191010,Kamal Cup Bowl 7 Handle SEEM       K-P KAMAL CUP BOWL 7 HANDLE SEEM,27
Kamal Cup Bowl 9 Handle SEEM       K-P,KAMAL CUP BOWL 9 HANDLE SEEM,73239390,Kamal Cup Bowl 9 Handle SEEM       K-P KAMAL CUP BOWL 9 HANDLE SEEM,22
Kamal Cup Bowl 6 Plain SEEM       K-P,KAMAL CUP BOWL 6 PLAIN SEEM,74191010,Kamal Cup Bowl 6 Plain SEEM       K-P KAMAL CUP BOWL 6 PLAIN SEEM,27
Kamal Cup Bowl 7 Plain SEEM       K-P,KAMAL CUP BOWL 7 PLAIN SEEM,74191010,Kamal Cup Bowl 7 Plain SEEM       K-P KAMAL CUP BOWL 7 PLAIN SEEM,27
Kamal Cup Bowl 10 Plain SEEM       K-P,KAMAL CUP BOWL 10 PLAIN SEEM,74191010,Kamal Cup Bowl 10 Plain SEEM       K-P KAMAL CUP BOWL 10 PLAIN SEEM,27
Brass Trisul 18 SAI       K-P,BRASS TRISUL 18 SAI,741999,Brass Trisul 18 SAI       K-P BRASS TRISUL 18 SAI,13
Brass Vel 18 SAI       K-P,BRASS VEL 18 SAI,741999,Brass Vel 18 SAI       K-P BRASS VEL 18 SAI,13
Brass Trisul 12 SAI       K-P,BRASS TRISUL 12 SAI,741999,Brass Trisul 12 SAI       K-P BRASS TRISUL 12 SAI,13
Brass Vel 12       K-P,BRASS VEL 12,741999,Brass Vel 12       K-P BRASS VEL 12,13
Brass Super Pooja Kindi 300 SAI       K-P,BRASS SUPER POOJA KINDI 300 SAI,741999,Brass Super Pooja Kindi 300 SAI       K-P BRASS SUPER POOJA KINDI 300 SAI,13
Brass Sri GajaLaxmi Gold Vilakku RKCR       K-P,BRASS SRI GAJALAXMI GOLD VILAKKU RKCR,74181010,Brass Sri GajaLaxmi Gold Vilakku RKCR       K-P BRASS SRI GAJALAXMI GOLD VILAKKU RKCR,24
Brass Spoon Arti 0  AMRM       K-P,BRASS SPOON ARTI 0  AMRM,741999,Brass Spoon Arti 0  AMRM       K-P BRASS SPOON ARTI 0  AMRM,13
Brass Spoon Arti 00  AMRM       K-P,BRASS SPOON ARTI 00  AMRM,741999,Brass Spoon Arti 00  AMRM       K-P BRASS SPOON ARTI 00  AMRM,13
Brass Spoon Arti 1  AMRM       K-P,BRASS SPOON ARTI 1  AMRM,741999,Brass Spoon Arti 1  AMRM       K-P BRASS SPOON ARTI 1  AMRM,13
Brass Peacock Pancha Arthi Big 11 RSH       K-P,BRASS PEACOCK PANCHA ARTHI BIG 11 RSH,741999,Brass Peacock Pancha Arthi Big 11 RSH       K-P BRASS PEACOCK PANCHA ARTHI BIG 11 RSH,13
Brass V Lotta No.2 SS       PCS,BRASS V LOTTA NO.2 SS,741999,Brass V Lotta No.2 SS       PCS BRASS V LOTTA NO.2 SS,13
BRASS KAMAL PATTA  SS       PCS,BRASS KAMAL PATTA  SS,741999,BRASS KAMAL PATTA  SS       PCS BRASS KAMAL PATTA  SS,13
BRASS BOWL 4428  6 B ALKPX       PCS,BRASS BOWL 4428  6 B ALKPX,74181010,BRASS BOWL 4428  6 B ALKPX       PCS BRASS BOWL 4428  6 B ALKPX,24
BRASS BOWL 4428  6 C ALKPX       PCS,BRASS BOWL 4428  6 C ALKPX,74181010,BRASS BOWL 4428  6 C ALKPX       PCS BRASS BOWL 4428  6 C ALKPX,24
6006  8 PLATE W/V.BOX ALKPX       PCS,6006  8 PLATE W/V.BOX ALKPX,74181010,6006  8 PLATE W/V.BOX ALKPX       PCS 6006  8 PLATE W/V.BOX ALKPX,24
"BRASS BOWL6021  8 A,B,C  W/V BOX ALKPX       PCS","BRASS BOWL6021  8 A,B,C  W/V BOX ALKPX",74181010,"BRASS BOWL6021  8 A,B,C  W/V BOX ALKPX       PCS BRASS BOWL6021  8 A,B,C  W/V BOX ALKPX",24
BRASS F BOWL 6024  6 W/V BOX  ALKPX       PCS,BRASS F BOWL 6024  6 W/V BOX  ALKPX,74181010,BRASS F BOWL 6024  6 W/V BOX  ALKPX       PCS BRASS F BOWL 6024  6 W/V BOX  ALKPX,24
BRASS 2 BOWL  SET W/VBOX ALKPX       PCS,BRASS 2 BOWL  SET W/VBOX ALKPX,74181010,BRASS 2 BOWL  SET W/VBOX ALKPX       PCS BRASS 2 BOWL  SET W/VBOX ALKPX,24
AKP-MASS VILAKK 5 SWA       PCS,AKP-MASS VILAKK 5 SWA,74181010,AKP-MASS VILAKK 5 SWA       PCS AKP-MASS VILAKK 5 SWA,24
AKP-MASS VILAKK 6 SWA       PCS,AKP-MASS VILAKK 6 SWA,74181010,AKP-MASS VILAKK 6 SWA       PCS AKP-MASS VILAKK 6 SWA,24
AKP-MASS VILAKK 7 SWA       PCS,AKP-MASS VILAKK 7 SWA,74181010,AKP-MASS VILAKK 7 SWA       PCS AKP-MASS VILAKK 7 SWA,24
AKP-MASS VILAKK 8 SWA       PCS,AKP-MASS VILAKK 8 SWA,74181010,AKP-MASS VILAKK 8 SWA       PCS AKP-MASS VILAKK 8 SWA,24
Brass Beeding Plate-9 KART       PCS,BRASS BEEDING PLATE-9 KART,74181010,Brass Beeding Plate-9 KART       PCS BRASS BEEDING PLATE-9 KART,24
BRASS CASH BOX-1 MUTH       PCS,BRASS CASH BOX-1 MUTH,74181010,BRASS CASH BOX-1 MUTH       PCS BRASS CASH BOX-1 MUTH,24
BRASS CASH BOX-2  MUTH       PCS,BRASS CASH BOX-2  MUTH,74181010,BRASS CASH BOX-2  MUTH       PCS BRASS CASH BOX-2  MUTH,24
BRASS CASH BOX-3 MUTH       PCS,BRASS CASH BOX-3 MUTH,74181010,BRASS CASH BOX-3 MUTH       PCS BRASS CASH BOX-3 MUTH,24
BRASS CASH BOX-4  MUTH       PCS,BRASS CASH BOX-4  MUTH,74181010,BRASS CASH BOX-4  MUTH       PCS BRASS CASH BOX-4  MUTH,24
Brass Dancing peacock-12 SHLP       PCS,BRASS DANCING PEACOCK-12 SHLP,74181010,Brass Dancing peacock-12 SHLP       PCS BRASS DANCING PEACOCK-12 SHLP,24
BRASS SPOON SET SWA       PCS,BRASS SPOON SET SWA,74181010,BRASS SPOON SET SWA       PCS BRASS SPOON SET SWA,24
Brass Wall With Steel 18 - KPS       PCS,BRASS WALL WITH STEEL 18 - KPS,74181010,Brass Wall With Steel 18 - KPS       PCS BRASS WALL WITH STEEL 18 - KPS,24
Brass table mirror SHLP       PCS,BRASS TABLE MIRROR SHLP,74181010,Brass table mirror SHLP       PCS BRASS TABLE MIRROR SHLP,24
Brass Pancha Mahal 1 Step SWA       PCS,BRASS PANCHA MAHAL 1 STEP SWA,74181010,Brass Pancha Mahal 1 Step SWA       PCS BRASS PANCHA MAHAL 1 STEP SWA,24
Brass Pancha Mahal 2 Step SWA       PCS,BRASS PANCHA MAHAL 2 STEP SWA,74181010,Brass Pancha Mahal 2 Step SWA       PCS BRASS PANCHA MAHAL 2 STEP SWA,24
Brass Pancha Mahal 5 Step SWA       PCS,BRASS PANCHA MAHAL 5 STEP SWA,74181010,Brass Pancha Mahal 5 Step SWA       PCS BRASS PANCHA MAHAL 5 STEP SWA,24
Door Bell SPL 2.5  SAI       PCS,DOOR BELL SPL 2.5  SAI,74181010,Door Bell SPL 2.5  SAI       PCS DOOR BELL SPL 2.5  SAI,24
Door Bell SPL 1.5 SAI       PCS,DOOR BELL SPL 1.5 SAI,74181010,Door Bell SPL 1.5 SAI       PCS DOOR BELL SPL 1.5 SAI,24
DEVDAS EMBOS VILAKKU -0 SAI       PCS,DEVDAS EMBOS VILAKKU -0 SAI,741810,DEVDAS EMBOS VILAKKU -0 SAI       PCS DEVDAS EMBOS VILAKKU -0 SAI,9
DEVDAS EMBOS VILAKKU -1 SAI       PCS,DEVDAS EMBOS VILAKKU -1 SAI,741810,DEVDAS EMBOS VILAKKU -1 SAI       PCS DEVDAS EMBOS VILAKKU -1 SAI,9
DEVDAS EMBOS VILAKKU -1.5 SAI       PCS,DEVDAS EMBOS VILAKKU -1.5 SAI,741810,DEVDAS EMBOS VILAKKU -1.5 SAI       PCS DEVDAS EMBOS VILAKKU -1.5 SAI,9
DEVDAS EMBOS VILAKKU -2 SAI       PCS,DEVDAS EMBOS VILAKKU -2 SAI,741810,DEVDAS EMBOS VILAKKU -2 SAI       PCS DEVDAS EMBOS VILAKKU -2 SAI,9
BRS KAMAL STAND SPL-00 FIN       PCS,BRS KAMAL STAND SPL-00 FIN,74181010,BRS KAMAL STAND SPL-00 FIN       PCS BRS KAMAL STAND SPL-00 FIN,24
BRS KAMAL STAND SPL-0 FIN       PCS,BRS KAMAL STAND SPL-0 FIN,74181010,BRS KAMAL STAND SPL-0 FIN       PCS BRS KAMAL STAND SPL-0 FIN,24
BRS KAMAL STAND SPL-1 FIN       PCS,BRS KAMAL STAND SPL-1 FIN,74181010,BRS KAMAL STAND SPL-1 FIN       PCS BRS KAMAL STAND SPL-1 FIN,24
BRS KAMAL STAND SPL-2 FIN       PCS,BRS KAMAL STAND SPL-2 FIN,74181010,BRS KAMAL STAND SPL-2 FIN       PCS BRS KAMAL STAND SPL-2 FIN,24
Brass Lotus Pandi Salaidar-1  FIN       PCS,BRASS LOTUS PANDI SALAIDAR-1  FIN,74181010,Brass Lotus Pandi Salaidar-1  FIN       PCS BRASS LOTUS PANDI SALAIDAR-1  FIN,24
Brass Lotus Pandi Salaidar-2  FIN       PCS,BRASS LOTUS PANDI SALAIDAR-2  FIN,74181010,Brass Lotus Pandi Salaidar-2  FIN       PCS BRASS LOTUS PANDI SALAIDAR-2  FIN,24
Brass Lotus Pandi Salaidar-3  FIN       PCS,BRASS LOTUS PANDI SALAIDAR-3  FIN,74181010,Brass Lotus Pandi Salaidar-3  FIN       PCS BRASS LOTUS PANDI SALAIDAR-3  FIN,24
Brass Kerala Fancy Spl 1 SWA       PCS,BRASS KERALA FANCY SPL 1 SWA,74181010,Brass Kerala Fancy Spl 1 SWA       PCS BRASS KERALA FANCY SPL 1 SWA,24
Brass Kerala Fancy Spl 3 SWA       PCS,BRASS KERALA FANCY SPL 3 SWA,74181010,Brass Kerala Fancy Spl 3 SWA       PCS BRASS KERALA FANCY SPL 3 SWA,24
Brass Kerala Fancy Spl 5 SWA       PCS,BRASS KERALA FANCY SPL 5 SWA,74181010,Brass Kerala Fancy Spl 5 SWA       PCS BRASS KERALA FANCY SPL 5 SWA,24
Kerala Fancy No.1 - UQH       PCS,KERALA FANCY NO.1 - UQH,74181010,Kerala Fancy No.1 - UQH       PCS KERALA FANCY NO.1 - UQH,24
Kerala Fancy No.2 - UQH       PCS,KERALA FANCY NO.2 - UQH,74181010,Kerala Fancy No.2 - UQH       PCS KERALA FANCY NO.2 - UQH,24
Kerala Fancy No.3 - UQH       PCS,KERALA FANCY NO.3 - UQH,74181010,Kerala Fancy No.3 - UQH       PCS KERALA FANCY NO.3 - UQH,24
Kerala Fancy No.4 - UQH       PCS,KERALA FANCY NO.4 - UQH,74181010,Kerala Fancy No.4 - UQH       PCS KERALA FANCY NO.4 - UQH,24
Brass Kamal Stand 0 SS       PCS,BRASS KAMAL STAND 0 SS,741999,Brass Kamal Stand 0 SS       PCS BRASS KAMAL STAND 0 SS,13
Brass Kamal Stand 1 SS       PCS,BRASS KAMAL STAND 1 SS,741999,Brass Kamal Stand 1 SS       PCS BRASS KAMAL STAND 1 SS,13
Brass Kamal Stand 2 SS       PCS,BRASS KAMAL STAND 2 SS,741999,Brass Kamal Stand 2 SS       PCS BRASS KAMAL STAND 2 SS,13
Brass Kamal Stand 3 SS       PCS,BRASS KAMAL STAND 3 SS,741999,Brass Kamal Stand 3 SS       PCS BRASS KAMAL STAND 3 SS,13
Brass Kamal Stand 4 SS       PCS,BRASS KAMAL STAND 4 SS,741999,Brass Kamal Stand 4 SS       PCS BRASS KAMAL STAND 4 SS,13
Brass Kamal Stand 5 SS       PCS,BRASS KAMAL STAND 5 SS,741999,Brass Kamal Stand 5 SS       PCS BRASS KAMAL STAND 5 SS,13
Brass Kamal Stand 6 SS       PCS,BRASS KAMAL STAND 6 SS,741999,Brass Kamal Stand 6 SS       PCS BRASS KAMAL STAND 6 SS,13
Kerala Fancy Vilakku 4 NIP       PCS,KERALA FANCY VILAKKU 4 NIP,741999,Kerala Fancy Vilakku 4 NIP       PCS KERALA FANCY VILAKKU 4 NIP,13
Kerala Fancy Vilakku 5 NIP       PCS,KERALA FANCY VILAKKU 5 NIP,741999,Kerala Fancy Vilakku 5 NIP       PCS KERALA FANCY VILAKKU 5 NIP,13
Kerala Fancy Vilakku 6 NIP       PCS,KERALA FANCY VILAKKU 6 NIP,741999,Kerala Fancy Vilakku 6 NIP       PCS KERALA FANCY VILAKKU 6 NIP,13
KAMAKSHI VILAKKU 0 POP       PCS,KAMAKSHI VILAKKU 0 POP,741980,KAMAKSHI VILAKKU 0 POP       PCS KAMAKSHI VILAKKU 0 POP,12
KAMAKSHI VILAKKU 00 POP       PCS,KAMAKSHI VILAKKU 00 POP,741980,KAMAKSHI VILAKKU 00 POP       PCS KAMAKSHI VILAKKU 00 POP,12
Brass Koda Wall 12 - KPS       PCS,BRASS KODA WALL 12 - KPS,74181010,Brass Koda Wall 12 - KPS       PCS BRASS KODA WALL 12 - KPS,24
Brass Koda Wall 24 - KPS       PCS,BRASS KODA WALL 24 - KPS,74181010,Brass Koda Wall 24 - KPS       PCS BRASS KODA WALL 24 - KPS,24
Brass Koda Wall 30 - KPS       PCS,BRASS KODA WALL 30 - KPS,74181010,Brass Koda Wall 30 - KPS       PCS BRASS KODA WALL 30 - KPS,24
LGS Peacock Gold NGRM White Metal LKH       PCS,LGS PEACOCK GOLD NGRM WHITE METAL LKH,830621,LGS Peacock Gold NGRM White Metal LKH       PCS LGS PEACOCK GOLD NGRM WHITE METAL LKH,16
LGS Stand Gold IAR White Metal LKH       PCS,LGS STAND GOLD IAR WHITE METAL LKH,830621,LGS Stand Gold IAR White Metal LKH       PCS LGS STAND GOLD IAR WHITE METAL LKH,16
LG Tree HIN White Metal LKH       PCS,LG TREE HIN WHITE METAL LKH,830621,LG Tree HIN White Metal LKH       PCS LG TREE HIN WHITE METAL LKH,16
Siva Lingam No.0 IND       PCS,SIVA LINGAM NO.0 IND,741999,Siva Lingam No.0 IND       PCS SIVA LINGAM NO.0 IND,13
Siva Lingam No.2 IND       PCS,SIVA LINGAM NO.2 IND,741999,Siva Lingam No.2 IND       PCS SIVA LINGAM NO.2 IND,13
Siva Lingam No.4 IND       PCS,SIVA LINGAM NO.4 IND,741999,Siva Lingam No.4 IND       PCS SIVA LINGAM NO.4 IND,13
Wood Jewel Box Kerala Model 7*5*5 MENH       PCS,WOOD JEWEL BOX KERALA MODEL 7*5*5 MENH,44190010,Wood Jewel Box Kerala Model 7*5*5 MENH       PCS WOOD JEWEL BOX KERALA MODEL 7*5*5 MENH,20
Ganesh Germ MHDH       PCS,GANESH GERM MHDH,970300,Ganesh Germ MHDH       PCS GANESH GERM MHDH,18
Laxmi Germ MHDH       PCS,LAXMI GERM MHDH,970300,Laxmi Germ MHDH       PCS LAXMI GERM MHDH,18
Saraswathi Germ MHDH       PCS,SARASWATHI GERM MHDH,970300,Saraswathi Germ MHDH       PCS SARASWATHI GERM MHDH,18
RAJTN Nalunku Thenka-1       PCS,RAJTN NALUNKU THENKA-1,74181010,RAJTN Nalunku Thenka-1       PCS RAJTN NALUNKU THENKA-1,24
RAJTN Nalunku Thenka-2       PCS,RAJTN NALUNKU THENKA-2,74181010,RAJTN Nalunku Thenka-2       PCS RAJTN NALUNKU THENKA-2,24
Brass Tulsi Pot 6 OMM       PCS,BRASS TULSI POT 6 OMM,74181010,Brass Tulsi Pot 6 OMM       PCS BRASS TULSI POT 6 OMM,24
Brass Tulsi Pot 7 OMM       PCS,BRASS TULSI POT 7 OMM,74181010,Brass Tulsi Pot 7 OMM       PCS BRASS TULSI POT 7 OMM,24
Brass Tulsi Pot 8 OMM       PCS,BRASS TULSI POT 8 OMM,74181010,Brass Tulsi Pot 8 OMM       PCS BRASS TULSI POT 8 OMM,24
BRASS PALAKAT ARTHI 4 SR       PCS,BRASS PALAKAT ARTHI 4 SR,74181010,BRASS PALAKAT ARTHI 4 SR       PCS BRASS PALAKAT ARTHI 4 SR,24
Brass PARA 4 ZI       PCS,BRASS PARA 4 ZI,74181010,Brass PARA 4 ZI       PCS BRASS PARA 4 ZI,24
Brass Pyali Deep 0  ZI       PCS,BRASS PYALI DEEP 0  ZI,741910,Brass Pyali Deep 0  ZI       PCS BRASS PYALI DEEP 0  ZI,11
Brass Pyali Deep 3  ZI     PCS,BRASS PYALI DEEP 3  ZI,741910,Brass Pyali Deep 3  ZI     PCS BRASS PYALI DEEP 3  ZI,11
Brass  Pyali Deep 5  ZI      PCS,BRASS  PYALI DEEP 5  ZI,741810,Brass  Pyali Deep 5  ZI      PCS BRASS  PYALI DEEP 5  ZI,9
SARAS SET ( WHITE )       PCS,SARAS SET ( WHITE ),830621,SARAS SET ( WHITE )       PCS SARAS SET ( WHITE ),16
BRASS  TCR SPL VILAKK-9  ZI    PCS,BRASS TCR SPL VILAKK-9  ZI,74181010,BRASS  TCR SPL VILAKK-9  ZI    PCS BRASS TCR SPL VILAKK-9  ZI,24
BRASS TCR SPL VILAKKU 10 JB       PCS,BRASS TCR SPL VILAKKU 10 JB,74181010,BRASS TCR SPL VILAKKU 10 JB       PCS BRASS TCR SPL VILAKKU 10 JB,24
BRASS TCR SPL VILAKKU 11 JB       PCS,BRASS TCR SPL VILAKKU 11 JB,74181010,BRASS TCR SPL VILAKKU 11 JB       PCS BRASS TCR SPL VILAKKU 11 JB,24
BRASS TCR SPL VILAKKU 12 JB       PCS,BRASS TCR SPL VILAKKU 12 JB,74181010,BRASS TCR SPL VILAKKU 12 JB       PCS BRASS TCR SPL VILAKKU 12 JB,24
BRASS TCR SPL VILAKKU 16 JB       PCS,BRASS TCR SPL VILAKKU 16 JB,74181010,BRASS TCR SPL VILAKKU 16 JB       PCS BRASS TCR SPL VILAKKU 16 JB,24
BRASS TCR SPL VILAKKU 18 JB       PCS,BRASS TCR SPL VILAKKU 18 JB,74181010,BRASS TCR SPL VILAKKU 18 JB       PCS BRASS TCR SPL VILAKKU 18 JB,24
BRASS TCR SPL VILAKKU 20 JB       PCS,BRASS TCR SPL VILAKKU 20 JB,74181010,BRASS TCR SPL VILAKKU 20 JB       PCS BRASS TCR SPL VILAKKU 20 JB,24
BRASS TCR SPL VILAKKU 8 JB       PCS,BRASS TCR SPL VILAKKU 8 JB,74181010,BRASS TCR SPL VILAKKU 8 JB       PCS BRASS TCR SPL VILAKKU 8 JB,24
BRASS TCR SPL VILAKKU 9 JB       PCS,BRASS TCR SPL VILAKKU 9 JB,74181010,BRASS TCR SPL VILAKKU 9 JB       PCS BRASS TCR SPL VILAKKU 9 JB,24
BRASS TCR SPL VILAKKU 14 JB       PCS,BRASS TCR SPL VILAKKU 14 JB,74181010,BRASS TCR SPL VILAKKU 14 JB       PCS BRASS TCR SPL VILAKKU 14 JB,24
Wall Agal Deep 1 SAI       PCS,WALL AGAL DEEP 1 SAI,74181010,Wall Agal Deep 1 SAI       PCS WALL AGAL DEEP 1 SAI,24
Wall Agal Deep 2 SAI       PCS,WALL AGAL DEEP 2 SAI,74181010,Wall Agal Deep 2 SAI       PCS WALL AGAL DEEP 2 SAI,24
Wall Agal Deep 3 SAI       PCS,WALL AGAL DEEP 3 SAI,74181010,Wall Agal Deep 3 SAI       PCS WALL AGAL DEEP 3 SAI,24
Wall Agal Deep 4 SAI       PCS,WALL AGAL DEEP 4 SAI,74181010,Wall Agal Deep 4 SAI       PCS WALL AGAL DEEP 4 SAI,24
ACHATTY VILAKKU NO.2       PCS,ACHATTY VILAKKU NO.2,74181010,ACHATTY VILAKKU NO.2       PCS ACHATTY VILAKKU NO.2,24
ACHATTY VILAKKU NO.3       PCS,ACHATTY VILAKKU NO.3,74181010,ACHATTY VILAKKU NO.3       PCS ACHATTY VILAKKU NO.3,24
ACHATTY VILAKKU NO.4       PCS,ACHATTY VILAKKU NO.4,74181010,ACHATTY VILAKKU NO.4       PCS ACHATTY VILAKKU NO.4,24
Brass Wall With Steel 12 - KPS       PCS,BRASS WALL WITH STEEL 12 - KPS,74181010,Brass Wall With Steel 12 - KPS       PCS BRASS WALL WITH STEEL 12 - KPS,24
Brass Wall With Steel 24 - KPS       PCS,BRASS WALL WITH STEEL 24 - KPS,74181010,Brass Wall With Steel 24 - KPS       PCS BRASS WALL WITH STEEL 24 - KPS,24
Brass Wall With Steel 30 - KPS       PCS,BRASS WALL WITH STEEL 30 - KPS,74181010,Brass Wall With Steel 30 - KPS       PCS BRASS WALL WITH STEEL 30 - KPS,24
Copper Pancha Patram 2 KART       PCS,COPPER PANCHA PATRAM 2 KART,74181010,Copper Pancha Patram 2 KART       PCS COPPER PANCHA PATRAM 2 KART,24
Copper Pancha Patram 3 KART       PCS,COPPER PANCHA PATRAM 3 KART,74181010,Copper Pancha Patram 3 KART       PCS COPPER PANCHA PATRAM 3 KART,24
Ganesh Stand IVR White Metal LKH       PCS,GANESH STAND IVR WHITE METAL LKH,830621,Ganesh Stand IVR White Metal LKH       PCS GANESH STAND IVR WHITE METAL LKH,16
SARAS SET WHITE AND       PCS,SARAS SET WHITE AND,741999,SARAS SET WHITE AND       PCS SARAS SET WHITE AND,13
SARAS SET (WHITE)       PCS,SARAS SET (WHITE),741999,SARAS SET (WHITE)       PCS SARAS SET (WHITE),13
W JEWEL BOX KLK004-2  7*5       PCS,W JEWEL BOX KLK004-2  7*5,442090,W JEWEL BOX KLK004-2  7*5       PCS W JEWEL BOX KLK004-2  7*5,2
RADHAKRISHNA WHITE M       PCS,RADHAKRISHNA WHITE M,741999,RADHAKRISHNA WHITE M       PCS RADHAKRISHNA WHITE M,13
Brass S.Pot Stone Glass Lid 337/1 DHIN D7   PCS,BRASS S.POT STONE GLASS LID 337/1 DHIN,741999,Brass S.Pot Stone Glass Lid 337/1 DHIN D7   PCS BRASS S.POT STONE GLASS LID 337/1 DHIN,13
Brass S.Pot Stone Glass Lid 337/3 DHIN D7   PCS,BRASS S.POT STONE GLASS LID 337/3 DHIN,741999,Brass S.Pot Stone Glass Lid 337/3 DHIN D7   PCS BRASS S.POT STONE GLASS LID 337/3 DHIN,13
Brass Kapoor Arti LW 3 DHIN D7   PCS,BRASS KAPOOR ARTI LW 3 DHIN,741999,Brass Kapoor Arti LW 3 DHIN D7   PCS BRASS KAPOOR ARTI LW 3 DHIN,13
Brass Fancy Arthi No.1 SWA D7   PCS,BRASS FANCY ARTHI NO.1 SWA,741810,Brass Fancy Arthi No.1 SWA D7   PCS BRASS FANCY ARTHI NO.1 SWA,9
Brass Fancy Arthi No.2 SWA D7   PCS,BRASS FANCY ARTHI NO.2 SWA,741810,Brass Fancy Arthi No.2 SWA D7   PCS BRASS FANCY ARTHI NO.2 SWA,9
Brass Fancy Deep No.0 SWA D7   PCS,BRASS FANCY DEEP NO.0 SWA,741810,Brass Fancy Deep No.0 SWA D7   PCS BRASS FANCY DEEP NO.0 SWA,9
Brass Fancy Deep No.1 SWA D7   PCS,BRASS FANCY DEEP NO.1 SWA,741810,Brass Fancy Deep No.1 SWA D7   PCS BRASS FANCY DEEP NO.1 SWA,9
Brass Fancy Deep No.2 SWA D7   PCS,BRASS FANCY DEEP NO.2 SWA,741810,Brass Fancy Deep No.2 SWA D7   PCS BRASS FANCY DEEP NO.2 SWA,9
Brass Fancy Deep No.3 SWA D7   PCS,BRASS FANCY DEEP NO.3 SWA,741810,Brass Fancy Deep No.3 SWA D7   PCS BRASS FANCY DEEP NO.3 SWA,9
Brass Cup Saucer Set SS D7   PCS,BRASS CUP SAUCER SET SS,74181010,Brass Cup Saucer Set SS D7   PCS BRASS CUP SAUCER SET SS,24
Brass Dhoop Kaal 1 SS D7   PCS,BRASS DHOOP KAAL 1 SS,74181010,Brass Dhoop Kaal 1 SS D7   PCS BRASS DHOOP KAAL 1 SS,24
Brass Dhoop Kaal 2 SS D7   PCS,BRASS DHOOP KAAL 2 SS,74181010,Brass Dhoop Kaal 2 SS D7   PCS BRASS DHOOP KAAL 2 SS,24
Brass Dhoop Kaal 3 SS D7   PCS,BRASS DHOOP KAAL 3 SS,74181010,Brass Dhoop Kaal 3 SS D7   PCS BRASS DHOOP KAAL 3 SS,24
Brass Sindoor Pot SS D7   PCS,BRASS SINDOOR POT SS,74181010,Brass Sindoor Pot SS D7   PCS BRASS SINDOOR POT SS,24
Brass Annam 7 step vilakku 3 MATH D7   K-P,BRASS ANNAM 7 STEP VILAKKU 3 MATH,74181010,Brass Annam 7 step vilakku 3 MATH D7   K-P BRASS ANNAM 7 STEP VILAKKU 3 MATH,24
Brass Annam 7 step vilakku 5 MATH D7   K-P,BRASS ANNAM 7 STEP VILAKKU 5 MATH,74181010,Brass Annam 7 step vilakku 5 MATH D7   K-P BRASS ANNAM 7 STEP VILAKKU 5 MATH,24
Brass Nanthi 5 step vilakku 7 MATH D7   K-P,BRASS NANTHI 5 STEP VILAKKU 7 MATH,74181010,Brass Nanthi 5 step vilakku 7 MATH D7   K-P BRASS NANTHI 5 STEP VILAKKU 7 MATH,24
Brass Annam 3 step vilakku 12 MATH D7   K-P,BRASS ANNAM 3 STEP VILAKKU 12 MATH,74181010,Brass Annam 3 step vilakku 12 MATH D7   K-P BRASS ANNAM 3 STEP VILAKKU 12 MATH,24
Brass Nanthi 5 step vilakku 8 MATH D7   K-P,BRASS NANTHI 5 STEP VILAKKU 8 MATH,74181010,Brass Nanthi 5 step vilakku 8 MATH D7   K-P BRASS NANTHI 5 STEP VILAKKU 8 MATH,24
Brass Annam 3 step vilakku 9 MATH D7   K-P,BRASS ANNAM 3 STEP VILAKKU 9 MATH,74181010,Brass Annam 3 step vilakku 9 MATH D7   K-P BRASS ANNAM 3 STEP VILAKKU 9 MATH,24
Brass Lion 7 step vilakku 4 MATH D7   K-P,BRASS LION 7 STEP VILAKKU 4 MATH,74181010,Brass Lion 7 step vilakku 4 MATH D7   K-P BRASS LION 7 STEP VILAKKU 4 MATH,24
Brass Lion 7 step vilakku 6 MATH D7   K-P,BRASS LION 7 STEP VILAKKU 6 MATH,74181010,Brass Lion 7 step vilakku 6 MATH D7   K-P BRASS LION 7 STEP VILAKKU 6 MATH,24
Brass Nagam MATH D7   K-P,BRASS NAGAM MATH,74181010,Brass Nagam MATH D7   K-P BRASS NAGAM MATH,24
Brass Nanthi 7 step vilakku 1 MATH D7   K-P,BRASS NANTHI 7 STEP VILAKKU 1 MATH,74181010,Brass Nanthi 7 step vilakku 1 MATH D7   K-P BRASS NANTHI 7 STEP VILAKKU 1 MATH,24
Brass Nanthi 3 step vilakku10 MATH D7   K-P,BRASS NANTHI 3 STEP VILAKKU10 MATH,74181010,Brass Nanthi 3 step vilakku10 MATH D7   K-P BRASS NANTHI 3 STEP VILAKKU10 MATH,24
Brass Nanthi 3 step vilakku11 MATH D7   K-P,BRASS NANTHI 3 STEP VILAKKU11 MATH,74181010,Brass Nanthi 3 step vilakku11 MATH D7   K-P BRASS NANTHI 3 STEP VILAKKU11 MATH,24
Brass Nanthi 7 step vilakku 2 MATH D7   K-P,BRASS NANTHI 7 STEP VILAKKU 2 MATH,74181010,Brass Nanthi 7 step vilakku 2 MATH D7   K-P BRASS NANTHI 7 STEP VILAKKU 2 MATH,24
Brass Krishna BNKI D7   K-P,BRASS KRISHNA BNKI,83062910,Brass Krishna BNKI D7   K-P BRASS KRISHNA BNKI,36
Brass Krishna BNKI D7   K-P-129,BRASS KRISHNA BNKI,83062910,Brass Krishna BNKI D7   K-P-129 BRASS KRISHNA BNKI,36
Brass Krishna BNKI D7   K-P-131,BRASS KRISHNA BNKI,83062910,Brass Krishna BNKI D7   K-P-131 BRASS KRISHNA BNKI,36
BRASS KRISHNA  BNKI  K-P,BRASS KRISHNA BNKI,83062910,BRASS KRISHNA  BNKI  K-P BRASS KRISHNA BNKI,36
Brass Krishna BNKI D7   K-P-219,BRASS KRISHNA BNKI,83062910,Brass Krishna BNKI D7   K-P-219 BRASS KRISHNA BNKI,36
BRASS KRISHNA BNKI D7   K-P-222,BRASS KRISHNA BNKI,83062910,BRASS KRISHNA BNKI D7   K-P-222 BRASS KRISHNA BNKI,36
Brass Beeding Plate Etching 5 OMM D7   K-P,BRASS BEEDING PLATE ETCHING 5 OMM,741810,Brass Beeding Plate Etching 5 OMM D7   K-P BRASS BEEDING PLATE ETCHING 5 OMM,9
Brass Beeding Plate Etching 6 OMM D7   K-P,BRASS BEEDING PLATE ETCHING 6 OMM,741810,Brass Beeding Plate Etching 6 OMM D7   K-P BRASS BEEDING PLATE ETCHING 6 OMM,9
Brass Etching Plate 7 SHLP D7   K-P,BRASS ETCHING PLATE 7 SHLP,741810,Brass Etching Plate 7 SHLP D7   K-P BRASS ETCHING PLATE 7 SHLP,9
Brass Pooja Plate 13 SHLP D7   K-P,BRASS POOJA PLATE 13 SHLP,741810,Brass Pooja Plate 13 SHLP D7   K-P BRASS POOJA PLATE 13 SHLP,9
Brass Pooja Plate 11 SHLP D7   K-P,BRASS POOJA PLATE 11 SHLP,74181010,Brass Pooja Plate 11 SHLP D7   K-P BRASS POOJA PLATE 11 SHLP,24
Brass Pooja Plate 9 SHLP D7   K-P,BRASS POOJA PLATE 9 SHLP,74181010,Brass Pooja Plate 9 SHLP D7   K-P BRASS POOJA PLATE 9 SHLP,24
Brass Karpoor Aarti 10 AMRM   DUMMY,BRASS KARPOOR AARTI 10,741999,Brass Karpoor Aarti 10 AMRM   DUMMY BRASS KARPOOR AARTI 10,13
W.Jewel Box Gold 11*8 SBNH  PCS,W.JEWEL BOX GOLD 11*8 SBNH,442090,W.Jewel Box Gold 11*8 SBNH  PCS W.JEWEL BOX GOLD 11*8 SBNH,2
W.Jewel Box Silver 11*8  SBNH  PCS,W.JEWEL BOX SILVER 11*8  SBNH,442090,W.Jewel Box Silver 11*8  SBNH  PCS W.JEWEL BOX SILVER 11*8  SBNH,2
BRASS DABARA -3  RAJTN  DUMMY,BRASS DABARA -3,74181010,BRASS DABARA -3  RAJTN  DUMMY BRASS DABARA -3,24
Brass AKP Spl Vilakku 5  KGB  PCS,BRASS AKP SPL VILAKKU 5  KGB,741810,Brass AKP Spl Vilakku 5  KGB  PCS BRASS AKP SPL VILAKKU 5  KGB,9
Brass AKP Spl Vilakku 6  KGB  PCS,BRASS AKP SPL VILAKKU 6  KGB,741810,Brass AKP Spl Vilakku 6  KGB  PCS BRASS AKP SPL VILAKKU 6  KGB,9
Brass Om with Stand 16  RSH   K-P,BRASS OM WITH STAND 16  RSH,741999,Brass Om with Stand 16  RSH   K-P BRASS OM WITH STAND 16  RSH,13
Brass Ganapathi Vilakku  RCSB  KG,BRASS GANAPATHI VILAKKU  RCSB,741810,Brass Ganapathi Vilakku  RCSB  KG BRASS GANAPATHI VILAKKU  RCSB,9
Brass Mahabharath Vilakku  RCSB  KG,BRASS MAHABHARATH VILAKKU  RCSB,741810,Brass Mahabharath Vilakku  RCSB  KG BRASS MAHABHARATH VILAKKU  RCSB,9
Brass Vishnu Maya 350   SBLH  K-P,BRASS VISHNU MAYA 350   SBLH,83062910,Brass Vishnu Maya 350   SBLH  K-P BRASS VISHNU MAYA 350   SBLH,36
Brass AKP Vilakku 8  KGB  K-P,BRASS AKP VILAKKU 8  KGB,741999,Brass AKP Vilakku 8  KGB  K-P BRASS AKP VILAKKU 8  KGB,13
Brass Fancy Chakkara Deep 1  KGB   PCS,BRASS FANCY CHAKKARA DEEP 1  KGB,741999,Brass Fancy Chakkara Deep 1  KGB   PCS BRASS FANCY CHAKKARA DEEP 1  KGB,13
Brass Fancy Chakkara Deep 2  KGB  PCS,BRASS FANCY CHAKKARA DEEP 2  KGB,741999,Brass Fancy Chakkara Deep 2  KGB  PCS BRASS FANCY CHAKKARA DEEP 2  KGB,13
Brass Etching Lotta 1  KGB  K-P,BRASS ETCHING LOTTA 1  KGB,741999,Brass Etching Lotta 1  KGB  K-P BRASS ETCHING LOTTA 1  KGB,13
Brass Etching Lotta 2  KGB  K-P,BRASS ETCHING LOTTA 2  KGB,741999,Brass Etching Lotta 2  KGB  K-P BRASS ETCHING LOTTA 2  KGB,13
Brass Etching Lotta 3  KGB  K-P,BRASS ETCHING LOTTA 3  KGB,741999,Brass Etching Lotta 3  KGB  K-P BRASS ETCHING LOTTA 3  KGB,13
Brass Etching Lotta 4  KGB  K-P,BRASS ETCHING LOTTA 4  KGB,741999,Brass Etching Lotta 4  KGB  K-P BRASS ETCHING LOTTA 4  KGB,13
Brass Fancy Arti 1  KGB  PCS,BRASS FANCY ARTI 1  KGB,741999,Brass Fancy Arti 1  KGB  PCS BRASS FANCY ARTI 1  KGB,13
Brass Fancy Arti 2  KGB  PCS,BRASS FANCY ARTI 2  KGB,741999,Brass Fancy Arti 2  KGB  PCS BRASS FANCY ARTI 2  KGB,13
Brass Fancy Shanku Deep 1  KGB  PCS,BRASS FANCY SHANKU DEEP 1  KGB,741999,Brass Fancy Shanku Deep 1  KGB  PCS BRASS FANCY SHANKU DEEP 1  KGB,13
Brass Sampat Nandha 1  KGB  PCS,BRASS SAMPAT NANDHA 1  KGB,741999,Brass Sampat Nandha 1  KGB  PCS BRASS SAMPAT NANDHA 1  KGB,13
Brass Sampat Nandha 2  KGB  PCS,BRASS SAMPAT NANDHA 2  KGB,741999,Brass Sampat Nandha 2  KGB  PCS BRASS SAMPAT NANDHA 2  KGB,13
Copper Glass Silver Touch  KGB  PCS,COPPER GLASS SILVER TOUCH  KGB,741999,Copper Glass Silver Touch  KGB  PCS COPPER GLASS SILVER TOUCH  KGB,13
ANNAPAKSHI CROSS,ANNAPAKSHI CROSS,74181010,ANNAPAKSHI CROSS ANNAPAKSHI CROSS,24
BRASS ROCKET CUP 4 KART     PCS,BRASS ROCKET CUP 4 KART,741810,BRASS ROCKET CUP 4 KART     PCS BRASS ROCKET CUP 4 KART,9
SPL TCR REGULAR 12 SAI  PCS,SPL TCR REGULAR 12 SAI,74181010,SPL TCR REGULAR 12 SAI  PCS SPL TCR REGULAR 12 SAI,24
KAMAL CUP BOWL 8 HANDLE SEEM   PCS,KAMAL CUP BOWL 8 HANDLE SEEM   PCS,74191010,KAMAL CUP BOWL 8 HANDLE SEEM   PCS KAMAL CUP BOWL 8 HANDLE SEEM   PCS,27
BRASS SALAI DEVDAS DEEP 0 NMIT PCS,BRASS SALAI DEVDAS DEEP 0 NMIT,741999,BRASS SALAI DEVDAS DEEP 0 NMIT PCS BRASS SALAI DEVDAS DEEP 0 NMIT,13
R.K.CHAND 1621 BLACK METAL -LKH  PCS,R.K.CHAND 1621 BLACK METAL -LKH,830621,R.K.CHAND 1621 BLACK METAL -LKH  PCS R.K.CHAND 1621 BLACK METAL -LKH,16
RK LEAF 1656 BLACK METAL -LKH  PCS,RK LEAF 1656 BLACK METAL -LKH,830621,RK LEAF 1656 BLACK METAL -LKH  PCS RK LEAF 1656 BLACK METAL -LKH,16
Balaji Face Big 485 Black Metal -LKH    PCS,BALAJI FACE BIG 485 BLACK METAL -LKH,830621,Balaji Face Big 485 Black Metal -LKH    PCS BALAJI FACE BIG 485 BLACK METAL -LKH,16
PRINTED RND DEEP POORI DABBA NO-4   PCS,PRINTED RND DEEP POORI DABBA NO-4,732394,PRINTED RND DEEP POORI DABBA NO-4   PCS PRINTED RND DEEP POORI DABBA NO-4,7
Agal Deep 3 SAI,AGAL DEEP 3  SAI,74181010,Agal Deep 3 SAI AGAL DEEP 3  SAI,24
Brass Laxmi Deep Stand 2 UNIQ,BRASS LAXMI DEEP STAND 2,74181010,Brass Laxmi Deep Stand 2 UNIQ BRASS LAXMI DEEP STAND 2,24
Brass Laxmi Deep Stand 4 UNIQ,BRASS LAXMI DEEP STAND 4,74181010,Brass Laxmi Deep Stand 4 UNIQ BRASS LAXMI DEEP STAND 4,24
Brass Peacock Plate Colour 6  SHLP,BRASS PEACOCK PLATE COLOUR 6,74181010,Brass Peacock Plate Colour 6  SHLP BRASS PEACOCK PLATE COLOUR 6,24
Brass New Gaye Krishna 19  GV  K-P,BRASS NEW GAYE KRISHNA 19  GV,83062910,Brass New Gaye Krishna 19  GV  K-P BRASS NEW GAYE KRISHNA 19  GV,36
Brass New Krishna 29  GV  K-P,BRASS NEW KRISHNA 29  GV,83062910,Brass New Krishna 29  GV  K-P BRASS NEW KRISHNA 29  GV,36
Brass New Natraj 22  GV  K-P,BRASS NEW NATRAJ 22  GV,83062910,Brass New Natraj 22  GV  K-P BRASS NEW NATRAJ 22  GV,36
Brass New Horse 14  GV  K-P,BRASS NEW HORSE 14  GV,83062910,Brass New Horse 14  GV  K-P BRASS NEW HORSE 14  GV,36
Brass New Krishna 37  GV  K-P,BRASS NEW KRISHNA 37  GV,83062910,Brass New Krishna 37  GV  K-P BRASS NEW KRISHNA 37  GV,36
Brass Krishna 21  GV  K-P,BRASS KRISHNA 21  GV,83062910,Brass Krishna 21  GV  K-P BRASS KRISHNA 21  GV,36
Brass Radha 21  GV  K-P,BRASS RADHA 21  GV,83062910,Brass Radha 21  GV  K-P BRASS RADHA 21  GV,36
Brass Krishna 15  GV  K-P,BRASS KRISHNA 15  GV,83062910,Brass Krishna 15  GV  K-P BRASS KRISHNA 15  GV,36
Brass Radha 15  GV  K-P,BRASS RADHA 15  GV,83062910,Brass Radha 15  GV  K-P BRASS RADHA 15  GV,36
Brass Cow Krishna 21  GV  K-P,BRASS COW KRISHNA 21  GV,83062910,Brass Cow Krishna 21  GV  K-P BRASS COW KRISHNA 21  GV,36
Brass Radha Krishna 24  GV  K-P,BRASS RADHA KRISHNA 24  GV,83062910,Brass Radha Krishna 24  GV  K-P BRASS RADHA KRISHNA 24  GV,36
Brass Radha Krishna Kamal   BNKI  K-P,BRASS RADHA KRISHNA KAMAL   BNKI,83062910,Brass Radha Krishna Kamal   BNKI  K-P BRASS RADHA KRISHNA KAMAL   BNKI,36
Brass Shaktiman Krishna   BNKI  K-P,BRASS SHAKTIMAN KRISHNA   BNKI,83062910,Brass Shaktiman Krishna   BNKI  K-P BRASS SHAKTIMAN KRISHNA   BNKI,36
Brass Matki Krishna  BNKI  K-P,BRASS MATKI KRISHNA  BNKI,83062910,Brass Matki Krishna  BNKI  K-P BRASS MATKI KRISHNA  BNKI,36
Brass Matky Krishna BNKI  K-P,BRASS MATKY KRISHNA BNKI,83062910,Brass Matky Krishna BNKI  K-P BRASS MATKY KRISHNA BNKI,36
Brass Tree Krishna  BNKI  K-P,BRASS TREE KRISHNA  BNKI,83062910,Brass Tree Krishna  BNKI  K-P BRASS TREE KRISHNA  BNKI,36
Brass Tree Krishna with Peacock  BNKI  K-P,BRASS TREE KRISHNA WITH PEACOCK  BNKI,83062910,Brass Tree Krishna with Peacock  BNKI  K-P BRASS TREE KRISHNA WITH PEACOCK  BNKI,36
Brass Elephant L + G  BNKI  K-P,BRASS ELEPHANT L + G  BNKI,83062910,Brass Elephant L + G  BNKI  K-P BRASS ELEPHANT L + G  BNKI,36
Door Bell SPL 0  SAI     PCS,DOOR BELL SPL 0  SAI,74181010,Door Bell SPL 0  SAI     PCS DOOR BELL SPL 0  SAI,24
Door Bell SPL 1  SAI   PCS,DOOR BELL SPL 1  SAI,74181010,Door Bell SPL 1  SAI   PCS DOOR BELL SPL 1  SAI,24
Brass Super Kindi 00 SAI,BRASS SUPER KINDI 00,741999,Brass Super Kindi 00 SAI BRASS SUPER KINDI 00,13
Brass Dhoop Arthi New 3   SHILP  K-P,BRASS DHOOP ARTHI NEW 3   SHILP,741810,Brass Dhoop Arthi New 3   SHILP  K-P BRASS DHOOP ARTHI NEW 3   SHILP,9
Brass Bowl Small  SHILP  PCS,BRASS BOWL SMALL  SHILP,741810,Brass Bowl Small  SHILP  PCS BRASS BOWL SMALL  SHILP,9
Brass Sheet Varp  POP  KG,BRASS SHEET VARP  POP,74181010,Brass Sheet Varp  POP  KG BRASS SHEET VARP  POP,24
Brass Vel Sulam   KART  KG,BRASS VEL SULAM   KART,741810,Brass Vel Sulam   KART  KG BRASS VEL SULAM   KART,9
Copper Thazhika Kudam  KART  PCS,COPPER THAZHIKA KUDAM  KART,741810,Copper Thazhika Kudam  KART  PCS COPPER THAZHIKA KUDAM  KART,9
Brass Balaji Deepak 5  GV  PCS,BRASS BALAJI DEEPAK 5  GV,83062910,Brass Balaji Deepak 5  GV  PCS BRASS BALAJI DEEPAK 5  GV,36
Brass Balaji Depak 5   GV  PCS,BRASS BALAJI DEPAK 5  GV,83062910,Brass Balaji Depak 5   GV  PCS BRASS BALAJI DEPAK 5  GV,36
Brass Dagru Ganesh 2.5   GV  PCS,BRASS DAGRU GANESH 2.5   GV,83062910,Brass Dagru Ganesh 2.5   GV  PCS BRASS DAGRU GANESH 2.5   GV,36
Brass Laxmi Rec Base 3.5   GV  PCS,BRASS LAXMI REC BASE 3.5   GV,83062910,Brass Laxmi Rec Base 3.5   GV  PCS BRASS LAXMI REC BASE 3.5   GV,36
Brass Hanumanji 4.5  GV   PCS,BRASS HANUMANJI 4.5  GV,83062910,Brass Hanumanji 4.5  GV   PCS BRASS HANUMANJI 4.5  GV,36
Brass Kuber Tortoise 2  KMLH  PCS  DUMMY,BRASS KUBER TORTOISE 2  KMLH,741999,Brass Kuber Tortoise 2  KMLH  PCS  DUMMY BRASS KUBER TORTOISE 2  KMLH,13
Brass Ganesh Rec Base 3.5   GV  PCS,BRASS GANESH REC BASE 3.5   GV,83062910,Brass Ganesh Rec Base 3.5   GV  PCS BRASS GANESH REC BASE 3.5   GV,36
Brass Ganesh Rec Stand 4   GV  PCS,BRASS GANESH REC STAND 4   GV,83062910,Brass Ganesh Rec Stand 4   GV  PCS BRASS GANESH REC STAND 4   GV,36
Brass Lakshmi Rec Stand 4   GV  PCS,BRASS LAKSHMI REC STAND 4   GV,83062910,Brass Lakshmi Rec Stand 4   GV  PCS BRASS LAKSHMI REC STAND 4   GV,36
Brass Kuber Tortoise 3  KMLH  PCS  DUMMY,BRASS KUBER TORTOISE 3  KMLH,741999,Brass Kuber Tortoise 3  KMLH  PCS  DUMMY BRASS KUBER TORTOISE 3  KMLH,13
Copper Udarni 19 GEJ No. 2  KMLH  PCS  DUMMY,COPPER UDARNI 19 GEJ NO. 2  KMLH,741810,Copper Udarni 19 GEJ No. 2  KMLH  PCS  DUMMY COPPER UDARNI 19 GEJ NO. 2  KMLH,9
Brass Agardan Kalash 3  KMLH  PCS  DUMMY,BRASS AGARDAN KALASH 3  KMLH,741999,Brass Agardan Kalash 3  KMLH  PCS  DUMMY BRASS AGARDAN KALASH 3  KMLH,13
Brass Lavang Goledar No. 1  KMLH  PCS  DUMMY,BRASS LAVANG GOLEDAR NO. 1  KMLH,741999,Brass Lavang Goledar No. 1  KMLH  PCS  DUMMY BRASS LAVANG GOLEDAR NO. 1  KMLH,13
Brass Agardan Kalash 1  KMLH  PCS  DUMMY,BRASS AGARDAN KALASH 1  KMLH,741999,Brass Agardan Kalash 1  KMLH  PCS  DUMMY BRASS AGARDAN KALASH 1  KMLH,13
Brass Kuber Tortoise 0  KMLH  PCS  DUMMY,BRASS KUBER TORTOISE 0  KMLH,741999,Brass Kuber Tortoise 0  KMLH  PCS  DUMMY BRASS KUBER TORTOISE 0  KMLH,13
Brass Kamal Ganesh 4   GV  PCS,BRASS KAMAL GANESH 4   GV,83062910,Brass Kamal Ganesh 4   GV  PCS BRASS KAMAL GANESH 4   GV,36
Brass Kamal Laxmi 4   GV  PCS,BRASS KAMAL LAXMI 4   GV,83062910,Brass Kamal Laxmi 4   GV  PCS BRASS KAMAL LAXMI 4   GV,36
Brass Lotus Ganesha 3.5   GV  PCS,BRASS LOTUS GANESHA 3.5   GV,83062910,Brass Lotus Ganesha 3.5   GV  PCS BRASS LOTUS GANESHA 3.5   GV,36
Brass Lotus Laxmi 3.5   GV  PCS,BRASS LOTUS LAXMI 3.5   GV,83062910,Brass Lotus Laxmi 3.5   GV  PCS BRASS LOTUS LAXMI 3.5   GV,36
Brass Udarni 19 GEJ No. 1  KMLH  PCS  DUMMY,BRASS UDARNI 19 GEJ NO. 1  KMLH,741810,Brass Udarni 19 GEJ No. 1  KMLH  PCS  DUMMY BRASS UDARNI 19 GEJ NO. 1  KMLH,9
Brass Agardan Kalash 2 KMLH  PCS  DUMMY,BRASS AGARDAN KALASH 2 KMLH,741999,Brass Agardan Kalash 2 KMLH  PCS  DUMMY BRASS AGARDAN KALASH 2 KMLH,13
Brass Udarni 19 GEJ No. 2  KMLH  PCS  DUMMY,BRASS UDARNI 19 GEJ NO. 2  KMLH,741810,Brass Udarni 19 GEJ No. 2  KMLH  PCS  DUMMY BRASS UDARNI 19 GEJ NO. 2  KMLH,9
Brass Shiv Lingam 4   GV  PCS,BRASS SHIV LINGAM 4   GV,83062910,Brass Shiv Lingam 4   GV  PCS BRASS SHIV LINGAM 4   GV,36
Brass Ganesh Beeding Plate  KART  KG,BRASS GANESH BEEDING PLATE  KART,741810,Brass Ganesh Beeding Plate  KART  KG BRASS GANESH BEEDING PLATE  KART,9
Brass Full Para 4 to 11 1/2  KPS  KG,BRASS FULL PARA 4 TO 11 1/2  KPS,741999,Brass Full Para 4 to 11 1/2  KPS  KG BRASS FULL PARA 4 TO 11 1/2  KPS,13
Copper Pancha Patram 1   KART  PCS,COPPER PANCHA PATRAM 1    KART,74181010,Copper Pancha Patram 1   KART  PCS COPPER PANCHA PATRAM 1    KART,24
Kerala Fancy Vilakku 13 inch  STWH,KERALA FANCY VILAKKU 13 INCH  STWH,741999,Kerala Fancy Vilakku 13 inch  STWH KERALA FANCY VILAKKU 13 INCH  STWH,13
Brass Ganesh Plate  LVP  KG,BRASS GANESH PLATE  LVP,741810,Brass Ganesh Plate  LVP  KG BRASS GANESH PLATE  LVP,9
Brass Andal   MHJN  K-P,BRASS ANDAL   MHJN,83062910,Brass Andal   MHJN  K-P BRASS ANDAL   MHJN,36
Brass Stand Small   MHJN  K-P,BRASS STAND SMALL   MHJN,83062910,Brass Stand Small   MHJN  K-P BRASS STAND SMALL   MHJN,36
Brass Stand Big   MHJN  K-P,BRASS STAND BIG   MHJN,83062910,Brass Stand Big   MHJN  K-P BRASS STAND BIG   MHJN,36
Brass Krishna Peacock   MHJN  K-P,BRASS KRISHNA PEACOCK   MHJN,83062910,Brass Krishna Peacock   MHJN  K-P BRASS KRISHNA PEACOCK   MHJN,36
Brass KrishnaA   MHJN  K-P,BRASS KRISHNAA   MHJN,83062910,Brass KrishnaA   MHJN  K-P BRASS KRISHNAA   MHJN,36
Brass KrishnaB   MHJN  K-P,BRASS KRISHNAB   MHJN,83062910,Brass KrishnaB   MHJN  K-P BRASS KRISHNAB   MHJN,36
Brass KrishnaC   MHJN  K-P,BRASS KRISHNAC   MHJN,83062910,Brass KrishnaC   MHJN  K-P BRASS KRISHNAC   MHJN,36
Brass Frame Ganesh   MHJN  K-P,BRASS FRAME GANESH   MHJN,83062910,Brass Frame Ganesh   MHJN  K-P BRASS FRAME GANESH   MHJN,36
Brass Frame Laxmi   MHJN  K-P,BRASS FRAME LAXMI   MHJN,83062910,Brass Frame Laxmi   MHJN  K-P BRASS FRAME LAXMI   MHJN,36
Brass Ganesh   MHJN  K-P,BRASS GANESH   MHJN,83062910,Brass Ganesh   MHJN  K-P BRASS GANESH   MHJN,36
Brass Om Ganesh   MHJN  K-P,BRASS OM GANESH   MHJN,83062910,Brass Om Ganesh   MHJN  K-P BRASS OM GANESH   MHJN,36
Brass Standing Vishnu Snake   MHJN  K-P,BRASS STANDING VISHNU SNAKE   MHJN,83062910,Brass Standing Vishnu Snake   MHJN  K-P BRASS STANDING VISHNU SNAKE   MHJN,36
Brass Standing Laxmi   MHJN  K-P,BRASS STANDING LAXMI   MHJN,83062910,Brass Standing Laxmi   MHJN  K-P BRASS STANDING LAXMI   MHJN,36
Brass Umbrella Ganesh   MHJN  K-P,BRASS UMBRELLA GANESH   MHJN,83062910,Brass Umbrella Ganesh   MHJN  K-P BRASS UMBRELLA GANESH   MHJN,36
Brass Krishna 80   MHJN  K-P,BRASS KRISHNA 80   MHJN,83062910,Brass Krishna 80   MHJN  K-P BRASS KRISHNA 80   MHJN,36
Brass Radha Krishna Joint 200   MHJN  K-P,BRASS RADHA KRISHNA JOINT 200   MHJN,83062910,Brass Radha Krishna Joint 200   MHJN  K-P BRASS RADHA KRISHNA JOINT 200   MHJN,36
Brass Radha Krishna Joint 400   MHJN  K-P,BRASS RADHA KRISHNA JOINT 400   MHJN,83062910,Brass Radha Krishna Joint 400   MHJN  K-P BRASS RADHA KRISHNA JOINT 400   MHJN,36
Brass Ramdarbar 300   MHJN  K-P,BRASS RAMDARBAR 300   MHJN,83062910,Brass Ramdarbar 300   MHJN  K-P BRASS RAMDARBAR 300   MHJN,36
Brass Ramdarbar 150   MHJN  K-P,BRASS RAMDARBAR 150   MHJN,83062910,Brass Ramdarbar 150   MHJN  K-P BRASS RAMDARBAR 150   MHJN,36
Brass Sathya Deepak  MHJN  K-P,BRASS SATHYA DEEPAK  MHJN,83062910,Brass Sathya Deepak  MHJN  K-P BRASS SATHYA DEEPAK  MHJN,36
Brass Lotus Deepak  MHJN  K-P,BRASS LOTUS DEEPAK  MHJN,83062910,Brass Lotus Deepak  MHJN  K-P BRASS LOTUS DEEPAK  MHJN,36
Brass Ganesh 150  MHJN  K-P,BRASS GANESH 150  MHJN,83062910,Brass Ganesh 150  MHJN  K-P BRASS GANESH 150  MHJN,36
Brass Laxmi 150  MHJN  K-P,BRASS LAXMI 150  MHJN,83062910,Brass Laxmi 150  MHJN  K-P BRASS LAXMI 150  MHJN,36
Brass Lotus Ganesh 100  MHJN  K-P,BRASS LOTUS GANESH 100  MHJN,83062910,Brass Lotus Ganesh 100  MHJN  K-P BRASS LOTUS GANESH 100  MHJN,36
Brass Lotus Laxmi 100  MHJN  K-P,BRASS LOTUS LAXMI 100  MHJN,83062910,Brass Lotus Laxmi 100  MHJN  K-P BRASS LOTUS LAXMI 100  MHJN,36
Brass Peacock Ganesh 150  MHJN  K-P,BRASS PEACOCK GANESH 150  MHJN,83062910,Brass Peacock Ganesh 150  MHJN  K-P BRASS PEACOCK GANESH 150  MHJN,36
Brass Peacock Laxmi 135  MHJN  K-P,BRASS PEACOCK LAXMI 135  MHJN,83062910,Brass Peacock Laxmi 135  MHJN  K-P BRASS PEACOCK LAXMI 135  MHJN,36
PRABHA VILAKKU-18   MATH,PRABHA VILAKKU-18   MATH,74181010,PRABHA VILAKKU-18   MATH PRABHA VILAKKU-18   MATH,24
PRABHA VILAKKU-20   MATH,PRABHA VILAKKU-20   MATH,74181010,PRABHA VILAKKU-20   MATH PRABHA VILAKKU-20   MATH,24
PRABHA VILAKKU-9   MATH,PRABHA VILAKKU-9   MATH,74181010,PRABHA VILAKKU-9   MATH PRABHA VILAKKU-9   MATH,24
Brass Design Elephant   BNKI  K-P,BRASS DESIGN ELEPHANT   BNKI,83062910,Brass Design Elephant   BNKI  K-P BRASS DESIGN ELEPHANT   BNKI,36
Brass Dhot Elephants  BNKI  K-P,BRASS DHOT ELEPHANTS  BNKI,83062910,Brass Dhot Elephants  BNKI  K-P BRASS DHOT ELEPHANTS  BNKI,36
Brass Dhot Elephant   BNKI  K-P,BRASS DHOT ELEPHANT   BNKI,83062910,Brass Dhot Elephant   BNKI  K-P BRASS DHOT ELEPHANT   BNKI,36
Brass L+G Elephant   BNKI  K-P,BRASS L+G ELEPHANT   BNKI,83062910,Brass L+G Elephant   BNKI  K-P BRASS L+G ELEPHANT   BNKI,36
Brass Kamal Krishna   BNKI  K-P,BRASS KAMAL KRISHNA   BNKI,83062910,Brass Kamal Krishna   BNKI  K-P BRASS KAMAL KRISHNA   BNKI,36
Brass Cow Krishna  BNKI  K-P,BRASS COW KRISHNA  BNKI,83062910,Brass Cow Krishna  BNKI  K-P BRASS COW KRISHNA  BNKI,36
Brass Cow Krishna Black Antique  BNKI  K-P,BRASS COW KRISHNA BLACK ANTIQUE  BNKI,83062910,Brass Cow Krishna Black Antique  BNKI  K-P BRASS COW KRISHNA BLACK ANTIQUE  BNKI,36
Brass Cow Krishnaa  BNKI  K-P,BRASS COW KRISHNAA  BNKI,83062910,Brass Cow Krishnaa  BNKI  K-P BRASS COW KRISHNAA  BNKI,36
Brass Kamal Krishna  BNKI  K-P,BRASS KAMAL KRISHNA  BNKI,83062910,Brass Kamal Krishna  BNKI  K-P BRASS KAMAL KRISHNA  BNKI,36
Brass Shank Krishna   BNKI  K-P,BRASS SHANK KRISHNA   BNKI,83062910,Brass Shank Krishna   BNKI  K-P BRASS SHANK KRISHNA   BNKI,36
Brass Krishna Jag  BNKI  K-P,BRASS KRISHNA JAG  BNKI,83062910,Brass Krishna Jag  BNKI  K-P BRASS KRISHNA JAG  BNKI,36
Brass Natraj  BNKI  K-P,BRASS NATRAJ  BNKI,83062910,Brass Natraj  BNKI  K-P BRASS NATRAJ  BNKI,36
Brass Shiv Family  BNKI  K-P,BRASS SHIV FAMILY  BNKI,83062910,Brass Shiv Family  BNKI  K-P BRASS SHIV FAMILY  BNKI,36
Brass Natrajj  BNKI  K-P,BRASS NATRAJJ  BNKI,83062910,Brass Natrajj  BNKI  K-P BRASS NATRAJJ  BNKI,36
Brass Shiva Family   BNKI  K-P,BRASS SHIVA FAMILY   BNKI,83062910,Brass Shiva Family   BNKI  K-P BRASS SHIVA FAMILY   BNKI,36
Brass Choki Shiv Family   BNKI  K-P,BRASS CHOKI SHIV FAMILY   BNKI,83062910,Brass Choki Shiv Family   BNKI  K-P BRASS CHOKI SHIV FAMILY   BNKI,36
Brass Nattraj  BNKI  K-P,BRASS NATTRAJ  BNKI,83062910,Brass Nattraj  BNKI  K-P BRASS NATTRAJ  BNKI,36
Brass  Krishna    BNKI  K-P,BRASS  KRISHNA    BNKI,83062910,Brass  Krishna    BNKI  K-P BRASS  KRISHNA    BNKI,36
Brass Krishnna   BNKI  K-P,BRASS KRISHNNA   BNKI,83062910,Brass Krishnna   BNKI  K-P BRASS KRISHNNA   BNKI,36
Brass Krishna Round Base  BNKI  K-P,BRASS KRISHNA ROUND BASE  BNKI,83062910,Brass Krishna Round Base  BNKI  K-P BRASS KRISHNA ROUND BASE  BNKI,36
BRASS KRISHNA KAMAL BASE  BNKI  K-P,BRASS KRISHNA KAMAL BASE  BNKI,83062910,BRASS KRISHNA KAMAL BASE  BNKI  K-P BRASS KRISHNA KAMAL BASE  BNKI,36
Brass Radha Krishna  BNKI  K-P,BRASS RADHA KRISHNA  BNKI,83062910,Brass Radha Krishna  BNKI  K-P BRASS RADHA KRISHNA  BNKI,36
Brass Krishna Jhaad   BNKI  K-P,BRASS KRISHNA JHAAD   BNKI,83062910,Brass Krishna Jhaad   BNKI  K-P BRASS KRISHNA JHAAD   BNKI,36
Brass Joint Radha Krishna   BNKI  K-P,BRASS JOINT RADHA KRISHNA   BNKI,83062910,Brass Joint Radha Krishna   BNKI  K-P BRASS JOINT RADHA KRISHNA   BNKI,36
Brass Krishna Gol Base   BNKI  K-P,BRASS KRISHNA GOL BASE   BNKI,83062910,Brass Krishna Gol Base   BNKI  K-P BRASS KRISHNA GOL BASE   BNKI,36
Brass Matki Krishnaa  BNKI  K-P,BRASS MATKI KRISHNAA  BNKI,83062910,Brass Matki Krishnaa  BNKI  K-P BRASS MATKI KRISHNAA  BNKI,36
Brass Matki Krishna New   BNKI  K-P,BRASS MATKI KRISHNA NEW   BNKI,83062910,Brass Matki Krishna New   BNKI  K-P BRASS MATKI KRISHNA NEW   BNKI,36
BRASS KAMAL KRISHNAA  BNKI  K-P,BRASS KAMAL KRISHNAA  BNKI,83062910,BRASS KAMAL KRISHNAA  BNKI  K-P BRASS KAMAL KRISHNAA  BNKI,36
Brass AKP Dlx Plain Vilakku 7   JBE  PCS,BRASS AKP DLX PLAIN VILAKKU 7   JBE,741999,Brass AKP Dlx Plain Vilakku 7   JBE  PCS BRASS AKP DLX PLAIN VILAKKU 7   JBE,13
Brass AKP Dlx Plain Vilakku 9   JBE  PCS  DUMMY,BRASS AKP DLX PLAIN VILAKKU 9   JBE,741999,Brass AKP Dlx Plain Vilakku 9   JBE  PCS  DUMMY BRASS AKP DLX PLAIN VILAKKU 9   JBE,13
Brass AKP Dlx Plain Vilakku 8   JBE   PCS,BRASS AKP DLX PLAIN VILAKKU 8   JBE,741999,Brass AKP Dlx Plain Vilakku 8   JBE   PCS BRASS AKP DLX PLAIN VILAKKU 8   JBE,13
Brass 5 Step Vilakku Annam  SWA  KG,BRASS 5 STEP VILAKKU ANNAM  SWA,74181010,Brass 5 Step Vilakku Annam  SWA  KG BRASS 5 STEP VILAKKU ANNAM  SWA,24
Brass AKP Super Vilakku 10  SWA  PCS,BRASS AKP SUPER VILAKKU 10  SWA,74181010,Brass AKP Super Vilakku 10  SWA  PCS BRASS AKP SUPER VILAKKU 10  SWA,24
Brass AKP Super Vilakku 3  SWA  PCS,BRASS AKP SUPER VILAKKU 3  SWA,74181010,Brass AKP Super Vilakku 3  SWA  PCS BRASS AKP SUPER VILAKKU 3  SWA,24
Brass AKP Super Vilakku 4  SWA  PCS,BRASS AKP SUPER VILAKKU 4  SWA,74181010,Brass AKP Super Vilakku 4  SWA  PCS BRASS AKP SUPER VILAKKU 4  SWA,24
Brass AKP Super Vilakku 7  SWA  PCS,BRASS AKP SUPER VILAKKU 7  SWA,74181010,Brass AKP Super Vilakku 7  SWA  PCS BRASS AKP SUPER VILAKKU 7  SWA,24
Brass AKP Super Vilakku 8  SWA  PCS,BRASS AKP SUPER VILAKKU 8  SWA,74181010,Brass AKP Super Vilakku 8  SWA  PCS BRASS AKP SUPER VILAKKU 8  SWA,24
Brass AKP Super Vilakku 9  SWA  PCS,BRASS AKP SUPER VILAKKU 9  SWA,74181010,Brass AKP Super Vilakku 9  SWA  PCS BRASS AKP SUPER VILAKKU 9  SWA,24
Brass Ashoka Embalam 5  SWA  PCS,BRASS ASHOKA EMBALAM 5  SWA,74181010,Brass Ashoka Embalam 5  SWA  PCS BRASS ASHOKA EMBALAM 5  SWA,24
Brass AKP Spl Vilakku 10   SAKT  PCS,BRASS AKP SPL VILAKKU 10   SAKT,741999,Brass AKP Spl Vilakku 10   SAKT  PCS BRASS AKP SPL VILAKKU 10   SAKT,13
Brass AKP Spl Vilakku 11   SAKT  PCS,BRASS AKP SPL VILAKKU 11   SAKT,741999,Brass AKP Spl Vilakku 11   SAKT  PCS BRASS AKP SPL VILAKKU 11   SAKT,13
Brass AKP Spl Vilakku 16   SAKT  PCS,BRASS AKP SPL VILAKKU 16   SAKT,741999,Brass AKP Spl Vilakku 16   SAKT  PCS BRASS AKP SPL VILAKKU 16   SAKT,13
Brass Leg Lotta Spl 5   SAKT  K-P,BRASS LEG LOTTA SPL 5   SAKT,741810,Brass Leg Lotta Spl 5   SAKT  K-P BRASS LEG LOTTA SPL 5   SAKT,9
Brass Leg Lotta Spl 6   SAKT  K-P,BRASS LEG LOTTA SPL 6   SAKT,741810,Brass Leg Lotta Spl 6   SAKT  K-P BRASS LEG LOTTA SPL 6   SAKT,9
Brass Lotta Spl 5   SAKT  K-P,BRASS LOTTA SPL 5   SAKT,741810,Brass Lotta Spl 5   SAKT  K-P BRASS LOTTA SPL 5   SAKT,9
Brass Lotta Spl 6   SAKT  K-P,BRASS LOTTA SPL 6   SAKT,741810,Brass Lotta Spl 6   SAKT  K-P BRASS LOTTA SPL 6   SAKT,9
Brass Changanassery Vilakku   RCSB  KG,BRASS CHANGANASSERY VILAKKU   RCSB,741810,Brass Changanassery Vilakku   RCSB  KG BRASS CHANGANASSERY VILAKKU   RCSB,9
Bronze Uruli   SSM  KG,BRONZE URULI   SSM,741810,Bronze Uruli   SSM  KG BRONZE URULI   SSM,9
Bronze Banali   SSM   KG,BRONZE BANALI   SSM,741810,Bronze Banali   SSM   KG BRONZE BANALI   SSM,9
Brass Flower vase Jar 626 COL 7 RMH  K-P,BRASS FLOWER VASE JAR 626 COL 7 RMH,741999,Brass Flower vase Jar 626 COL 7 RMH  K-P BRASS FLOWER VASE JAR 626 COL 7 RMH,13
Brass Flower vase 633 COL Kamal 14  RMH  K-P,BRASS FLOWER VASE 633 COL KAMAL 14  RMH,741999,Brass Flower vase 633 COL Kamal 14  RMH  K-P BRASS FLOWER VASE 633 COL KAMAL 14  RMH,13
Brass Flower vase 633 COL  18  RMH  K-P,BRASS FLOWER VASE 633 COL  18  RMH,741999,Brass Flower vase 633 COL  18  RMH  K-P BRASS FLOWER VASE 633 COL  18  RMH,13
Hanuman Pooja Bell   RMH  KG,HANUMAN POOJA BELL   RMH,83062920,Hanuman Pooja Bell   RMH  KG HANUMAN POOJA BELL   RMH,37
Brass Krishnaaa   BNKI  K-P,BRASS KRISHNAAA   BNKI,83062910,Brass Krishnaaa   BNKI  K-P BRASS KRISHNAAA   BNKI,36
Brass Ganesh D Base  BNKI  K-P,BRASS GANESH D BASE  BNKI,83062910,Brass Ganesh D Base  BNKI  K-P BRASS GANESH D BASE  BNKI,36
Brass Laxmi D Base  BNKI  K-P,BRASS LAXMI D BASE  BNKI,83062910,Brass Laxmi D Base  BNKI  K-P BRASS LAXMI D BASE  BNKI,36
Brass Laxmi Gol Base  BNKI  K-P,BRASS LAXMI GOL BASE  BNKI,83062910,Brass Laxmi Gol Base  BNKI  K-P BRASS LAXMI GOL BASE  BNKI,36
Brass Ganesh Gol Base  BNKI  K-P,BRASS GANESH GOL BASE  BNKI,83062910,Brass Ganesh Gol Base  BNKI  K-P BRASS GANESH GOL BASE  BNKI,36
W/M Salai Plate   SGH  KG,W/M SALAI PLATE   SGH,83062910,W/M Salai Plate   SGH  KG W/M SALAI PLATE   SGH,36
W/M F Krishna Small 7.5  SGH  PCS,W/M F KRISHNA SMALL 7.5  SGH,83062910,W/M F Krishna Small 7.5  SGH  PCS W/M F KRISHNA SMALL 7.5  SGH,36
W/M Natraj Solid 7  SGH  PCS,W/M NATRAJ SOLID 7  SGH,83062910,W/M Natraj Solid 7  SGH  PCS W/M NATRAJ SOLID 7  SGH,36
W/M Natraj Solid 9.5  SGH  PCS,W/M NATRAJ SOLID 9.5  SGH,83062910,W/M Natraj Solid 9.5  SGH  PCS W/M NATRAJ SOLID 9.5  SGH,36
W/M Natraj Solid 11.5  SGH  PCS,W/M NATRAJ SOLID 11.5  SGH,83062910,W/M Natraj Solid 11.5  SGH  PCS W/M NATRAJ SOLID 11.5  SGH,36
B/M Krishna Solid 12   SGH  PCS,B/M KRISHNA SOLID 12   SGH,83062910,B/M Krishna Solid 12   SGH  PCS B/M KRISHNA SOLID 12   SGH,36
B/M Krishna Solid 12.5   SGH  PCS,B/M KRISHNA SOLID 12.5   SGH,83062910,B/M Krishna Solid 12.5   SGH  PCS B/M KRISHNA SOLID 12.5   SGH,36
B/M Krishna Solid 15   SGH  PCS,B/M KRISHNA SOLID 15   SGH,83062910,B/M Krishna Solid 15   SGH  PCS B/M KRISHNA SOLID 15   SGH,36
W/M Peetal Krishna 10  SGH  PCS,W/M PEETAL KRISHNA 10  SGH,83062910,W/M Peetal Krishna 10  SGH  PCS W/M PEETAL KRISHNA 10  SGH,36
W/M New Krishna 11.5  SGH  PCS,W/M NEW KRISHNA 11.5  SGH,83062910,W/M New Krishna 11.5  SGH  PCS W/M NEW KRISHNA 11.5  SGH,36
W/M F Krishna 12.5  SGH  PCS,W/M F KRISHNA 12.5  SGH,83062910,W/M F Krishna 12.5  SGH  PCS W/M F KRISHNA 12.5  SGH,36
W/M Gopi Krishna l5.5  SGH  PCS,W/M GOPI KRISHNA L5.5  SGH,83062910,W/M Gopi Krishna l5.5  SGH  PCS W/M GOPI KRISHNA L5.5  SGH,36
W/M Kerala Fancy 6  SGH  PCS,W/M KERALA FANCY 6  SGH,83062910,W/M Kerala Fancy 6  SGH  PCS W/M KERALA FANCY 6  SGH,36
W/M Kerala Fancy 7  SGH  PCS,W/M KERALA FANCY 7  SGH,83062910,W/M Kerala Fancy 7  SGH  PCS W/M KERALA FANCY 7  SGH,36
W/M Kerala Fancy 8  SGH  PCS,W/M KERALA FANCY 8  SGH,83062910,W/M Kerala Fancy 8  SGH  PCS W/M KERALA FANCY 8  SGH,36
W/M Kerala Fancy 9  SGH  PCS,W/M KERALA FANCY 9  SGH,83062910,W/M Kerala Fancy 9  SGH  PCS W/M KERALA FANCY 9  SGH,36
Brass Kodivilakku No. 2  POP  PCS,BRASS KODIVILAKKU NO. 2  POP,741999,Brass Kodivilakku No. 2  POP  PCS BRASS KODIVILAKKU NO. 2  POP,13
Brass Sheet Warp Embosed  POP  KG,BRASS SHEET WARP EMBOSED  POP,74181010,Brass Sheet Warp Embosed  POP  KG BRASS SHEET WARP EMBOSED  POP,24
SHEET VARP,SHEET VARP,74181010,SHEET VARP SHEET VARP,24
BRASS VIGRAHAM  BNKI -5238,BRASS VIGRAHAM  BNKI -5238,74181010,BRASS VIGRAHAM  BNKI -5238 BRASS VIGRAHAM  BNKI -5238,24
Brass Buddha Dot  BNKI  K-P,BRASS BUDDHA DOT  BNKI,83062910,Brass Buddha Dot  BNKI  K-P BRASS BUDDHA DOT  BNKI,36
LADDLE 2 MW SUB,LADDLE 2 MW,741999,LADDLE 2 MW SUB LADDLE 2 MW,13
LADDLE 4 MW SUB,LADDLE 2 MW,741999,LADDLE 4 MW SUB LADDLE 2 MW,13
Brass TCR spl cross Vilakku 9  KGB  PCS,BRASS TCR SPL CROSS VILAKKU 9  KGB,74181010,Brass TCR spl cross Vilakku 9  KGB  PCS BRASS TCR SPL CROSS VILAKKU 9  KGB,24
Brass Ring Uruli LW  BSPRN  KG,BRASS RING URULI LW  BSPRN,74181021,Brass Ring Uruli LW  BSPRN  KG BRASS RING URULI LW  BSPRN,25
TCR SPL VILAKKU 22  ZI  PCS,TCR SPL VILAKKU 22  ZI,741810,TCR SPL VILAKKU 22  ZI  PCS TCR SPL VILAKKU 22  ZI,9
PRABHA VILAKKU-15  MATH,PRABHA VILAKKU-15  MATH,74181010,PRABHA VILAKKU-15  MATH PRABHA VILAKKU-15  MATH,24
Brass Attukal Devi 4  SBLH  K-P,BRASS ATTUKAL DEVI 4  SBLH,83062910,Brass Attukal Devi 4  SBLH  K-P BRASS ATTUKAL DEVI 4  SBLH,36
Brass Chowki Ganesh 16  GV  K-P,BRASS CHOWKI GANESH 16  GV,83062910,Brass Chowki Ganesh 16  GV  K-P BRASS CHOWKI GANESH 16  GV,36
Brass Elephant Dancing Ganesh  BNKI  K-P,BRASS ELEPHANT DANCING GANESH  BNKI,83062910,Brass Elephant Dancing Ganesh  BNKI  K-P BRASS ELEPHANT DANCING GANESH  BNKI,36
Brass Ganeshh Gol Base  BNKI  K-P,BRASS GANESHH GOL BASE  BNKI,83062910,Brass Ganeshh Gol Base  BNKI  K-P BRASS GANESHH GOL BASE  BNKI,36
Brass Gol Base Ganesh  BNKI  K-P,BRASS GOL BASE GANESH  BNKI,83062910,Brass Gol Base Ganesh  BNKI  K-P BRASS GOL BASE GANESH  BNKI,36
Brass Drasti Ganesh  BNKI  K-P,BRASS DRASTI GANESH  BNKI,83062910,Brass Drasti Ganesh  BNKI  K-P BRASS DRASTI GANESH  BNKI,36
Brass Hanging Loin Ganesh  BNKI  K-P,BRASS HANGING LOIN GANESH  BNKI,83062910,Brass Hanging Loin Ganesh  BNKI  K-P BRASS HANGING LOIN GANESH  BNKI,36
Brass D.Base Laxmi  BNKI  K-P,BRASS D.BASE LAXMI  BNKI,83062910,Brass D.Base Laxmi  BNKI  K-P BRASS D.BASE LAXMI  BNKI,36
Brass Ganesh  BNKI  K-P,BRASS GANESH  BNKI,83062910,Brass Ganesh  BNKI  K-P BRASS GANESH  BNKI,36
Brass Laxmi  BNKI  K-P,BRASS LAXMI  BNKI,83062910,Brass Laxmi  BNKI  K-P BRASS LAXMI  BNKI,36
Brass Saraswati  BNKI  K-P,BRASS SARASWATI  BNKI,83062910,Brass Saraswati  BNKI  K-P BRASS SARASWATI  BNKI,36
Brass Ganesh 14  BNKI  K-P,BRASS GANESH 14  BNKI,83062910,Brass Ganesh 14  BNKI  K-P BRASS GANESH 14  BNKI,36
Brass Laxmi 1  BNKI  K-P,BRASS LAXMI 1  BNKI,83062910,Brass Laxmi 1  BNKI  K-P BRASS LAXMI 1  BNKI,36
Brass Saraswati 3  BNKI  K-P,BRASS SARASWATI 3  BNKI,83062910,Brass Saraswati 3  BNKI  K-P BRASS SARASWATI 3  BNKI,36
Brass Ganeshh  BNKI  K-P,BRASS GANESHH  BNKI,83062910,Brass Ganeshh  BNKI  K-P BRASS GANESHH  BNKI,36
Brass Cow Calf 2.5  GV  K-P,BRASS COW CALF 2.5  GV,83062910,Brass Cow Calf 2.5  GV  K-P BRASS COW CALF 2.5  GV,36
Brass Cow Calf 3.5  GV  K-P,BRASS COW CALF 3.5  GV,83062910,Brass Cow Calf 3.5  GV  K-P BRASS COW CALF 3.5  GV,36
Brass Dagru Ganesh 2  GV  K-P,BRASS DAGRU GANESH 2  GV,83062910,Brass Dagru Ganesh 2  GV  K-P BRASS DAGRU GANESH 2  GV,36
Brass Dagru Ganesh 3  GV  K-P,BRASS DAGRU GANESH 3  GV,83062910,Brass Dagru Ganesh 3  GV  K-P BRASS DAGRU GANESH 3  GV,36
Brass Dagru Ganesh 4  GV  K-P,BRASS DAGRU GANESH 4  GV,83062910,Brass Dagru Ganesh 4  GV  K-P BRASS DAGRU GANESH 4  GV,36
Brass Elephant with Deep 4  GV  K-P,BRASS ELEPHANT WITH DEEP 4  GV,83062910,Brass Elephant with Deep 4  GV  K-P BRASS ELEPHANT WITH DEEP 4  GV,36
Brass Ganesh 9  GV  K-P,BRASS GANESH 9  GV,83062910,Brass Ganesh 9  GV  K-P BRASS GANESH 9  GV,36
Brass Laxmi 9  GV  K-P,BRASS LAXMI 9  GV,83062910,Brass Laxmi 9  GV  K-P BRASS LAXMI 9  GV,36
Brass Elephant with Kalash 3  GV  K-P,BRASS ELEPHANT WITH KALASH 3  GV,83062910,Brass Elephant with Kalash 3  GV  K-P BRASS ELEPHANT WITH KALASH 3  GV,36
Brass Varaki Devi 3  GV  K-P,BRASS VARAKI DEVI 3  GV,83062910,Brass Varaki Devi 3  GV  K-P BRASS VARAKI DEVI 3  GV,36
Brass Elephant 3  GV  K-P,BRASS ELEPHANT 3  GV,83062910,Brass Elephant 3  GV  K-P BRASS ELEPHANT 3  GV,36
Brass Kachuya Deepak 1.5   GV   K-P,BRASS KACHUYA DEEPAK 1.5   GV,83062910,Brass Kachuya Deepak 1.5   GV   K-P BRASS KACHUYA DEEPAK 1.5   GV,36
Brass Kamal Ganesh 2   GV  K-P,BRASS KAMAL GANESH 2   GV,83062910,Brass Kamal Ganesh 2   GV  K-P BRASS KAMAL GANESH 2   GV,36
Brass Kamal Laxmi 2   GV  K-P,BRASS KAMAL LAXMI 2   GV,83062910,Brass Kamal Laxmi 2   GV  K-P BRASS KAMAL LAXMI 2   GV,36
Brass Cowki Ganesh 2   GV  K-P,BRASS COWKI GANESH 2   GV,83062910,Brass Cowki Ganesh 2   GV  K-P BRASS COWKI GANESH 2   GV,36
Brass Cowki Laxmi 2   GV  K-P,BRASS COWKI LAXMI 2   GV,83062910,Brass Cowki Laxmi 2   GV  K-P BRASS COWKI LAXMI 2   GV,36
Brass Cowki Ganesha 3   GV  K-P,BRASS COWKI GANESHA 3   GV,83062910,Brass Cowki Ganesha 3   GV  K-P BRASS COWKI GANESHA 3   GV,36
Brass Cowki Lakshmi 3   GV  K-P,BRASS COWKI LAKSHMI 3   GV,83062910,Brass Cowki Lakshmi 3   GV  K-P BRASS COWKI LAKSHMI 3   GV,36
Brass Ganesh Round Base 4   GV  K-P,BRASS GANESH ROUND BASE 4   GV,83062910,Brass Ganesh Round Base 4   GV  K-P BRASS GANESH ROUND BASE 4   GV,36
Brass Laxmi Round Base 4   GV  K-P,BRASS LAXMI ROUND BASE 4   GV,83062910,Brass Laxmi Round Base 4   GV  K-P BRASS LAXMI ROUND BASE 4   GV,36
Brass Kamal Ganesh 3   GV  K-P,BRASS KAMAL GANESH 3   GV,83062910,Brass Kamal Ganesh 3   GV  K-P BRASS KAMAL GANESH 3   GV,36
Brass Kamal Laxmi 3   GV  Dummy,BRASS KAMAL LAXMI 3   GV,83062910,Brass Kamal Laxmi 3   GV  Dummy BRASS KAMAL LAXMI 3   GV,36
Brass Kamal Ganesh 6   GV  K-P,BRASS KAMAL GANESH 6   GV,83062910,Brass Kamal Ganesh 6   GV  K-P BRASS KAMAL GANESH 6   GV,36
Brass Kamal Laxmi 6   GV  K-P,BRASS KAMAL LAXMI 6   GV,83062910,Brass Kamal Laxmi 6   GV  K-P BRASS KAMAL LAXMI 6   GV,36
Brass Kamal Saraswathi 6   GV  K-P,BRASS KAMAL SARASWATHI 6   GV,83062910,Brass Kamal Saraswathi 6   GV  K-P BRASS KAMAL SARASWATHI 6   GV,36
BRASS KODIWARK .A SPL 6 SUN PCS,BRASS KODIWARK .A SPL 6 SUN,74181010,BRASS KODIWARK .A SPL 6 SUN PCS BRASS KODIWARK .A SPL 6 SUN,24
BRASS KODIWARK .A SPL 7 SUN PCS,BRASS KODIWARK .A SPL 7 SUN,74181010,BRASS KODIWARK .A SPL 7 SUN PCS BRASS KODIWARK .A SPL 7 SUN,24
BRASS KODIWARK .A SPL 8 SUN PCS,BRASS KODIWARK .A SPL 8 SUN,74181010,BRASS KODIWARK .A SPL 8 SUN PCS BRASS KODIWARK .A SPL 8 SUN,24
BRASS KODIWARK .A SPL 9 SUN  PCS,BRASS KODIWARK .A SPL 9 SUN,74181010,BRASS KODIWARK .A SPL 9 SUN  PCS BRASS KODIWARK .A SPL 9 SUN,24
BRASS KDU NEW SPL 6.5  SUN  PCS,BRASS KDU NEW SPL 6.5  SUN,74181010,BRASS KDU NEW SPL 6.5  SUN  PCS BRASS KDU NEW SPL 6.5  SUN,24
BRASS BOWL(L.W) URULI 2 SUN PCS,BRASS BOWL(L.W)  URULI 2 SUN,74181010,BRASS BOWL(L.W) URULI 2 SUN PCS BRASS BOWL(L.W)  URULI 2 SUN,24
BRASS BOWL(L.W)  URULI 3 SUN PCS,BRASS BOWL(L.W)  URULI 3 SUN,74181010,BRASS BOWL(L.W)  URULI 3 SUN PCS BRASS BOWL(L.W)  URULI 3 SUN,24
BRASS BOWL(L.W) URULI  4 SUN  PCS,BRASS BOWL(L.W) URULI  4 SUN,74181010,BRASS BOWL(L.W) URULI  4 SUN  PCS BRASS BOWL(L.W) URULI  4 SUN,24
BRASS BOWL(L.W) URULI  5 SUN  PCS,BRASS BOWL(L.W) URULI  5 SUN,74181010,BRASS BOWL(L.W) URULI  5 SUN  PCS BRASS BOWL(L.W) URULI  5 SUN,24
BRASS BOWL(L.W) URULI  6 SUN PCS,BRASS BOWL(L.W) URULI  6 SUN,74181010,BRASS BOWL(L.W) URULI  6 SUN PCS BRASS BOWL(L.W) URULI  6 SUN,24
BRASS BOWL(L.W) URULI  8 SUN PCS,BRASS BOWL(L.W) URULI  8 SUN,74181010,BRASS BOWL(L.W) URULI  8 SUN PCS BRASS BOWL(L.W) URULI  8 SUN,24
BRASS KUMKUM.K SPL 0 SUN PCS,BRASS KUMKUM.K SPL 0 SUN,74181010,BRASS KUMKUM.K SPL 0 SUN PCS BRASS KUMKUM.K SPL 0 SUN,24
BRASS KUMKUM.P SPL 0  SUN PCS,BRASS KUMKUM.P SPL 0  SUN,74181010,BRASS KUMKUM.P SPL 0  SUN PCS BRASS KUMKUM.P SPL 0  SUN,24
BRASS AKP SMALL  SPL  2.2   SUN  PCS,BRASS AKP SMALL  SPL  2.2   SUN,74181010,BRASS AKP SMALL  SPL  2.2   SUN  PCS BRASS AKP SMALL  SPL  2.2   SUN,24
BRASS AKP SMALL  SPL  2.6   SUN PCS,BRASS AKP SMALL  SPL  2.6   SUN,74181010,BRASS AKP SMALL  SPL  2.6   SUN PCS BRASS AKP SMALL  SPL  2.6   SUN,24
BRASS AKP SMALL  SPL  3   SUN PCS,BRASS AKP SMALL  SPL  3   SUN,74181010,BRASS AKP SMALL  SPL  3   SUN PCS BRASS AKP SMALL  SPL  3   SUN,24
BRASS AKP SMALL  SPL  3.4   SUN   PCS,BRASS AKP SMALL  SPL  3.4   SUN,74181010,BRASS AKP SMALL  SPL  3.4   SUN   PCS BRASS AKP SMALL  SPL  3.4   SUN,24
BRASS AKP SMALL  SPL  4   SUN PCS,BRASS AKP SMALL  SPL  4   SUN,74181010,BRASS AKP SMALL  SPL  4   SUN PCS BRASS AKP SMALL  SPL  4   SUN,24
BRASS HALF PARA (L.W) 6 SUN PCS,BRASS HALF PARA (L.W) 6 SUN,74181010,BRASS HALF PARA (L.W) 6 SUN PCS BRASS HALF PARA (L.W) 6 SUN,24
BRASS KDSL SPL DEEP 2.5 SUN PCS,BRASS KDSL SPL DEEP 2.5 SUN,74181010,BRASS KDSL SPL DEEP 2.5 SUN PCS BRASS KDSL SPL DEEP 2.5 SUN,24
BRASS KDSL SPL DEEP 2.75 SUN PCS,BRASS KDSL SPL DEEP 2.75 SUN,74181010,BRASS KDSL SPL DEEP 2.75 SUN PCS BRASS KDSL SPL DEEP 2.75 SUN,24
BRASS KDSL SPL DEEP 3 SUN PCS,BRASS KDSL SPL DEEP 3 SUN,74181010,BRASS KDSL SPL DEEP 3 SUN PCS BRASS KDSL SPL DEEP 3 SUN,24
BRASS KDSL SPL DEEP 3.5 SUN PCS,BRASS KDSL SPL DEEP 3.5 SUN,74181010,BRASS KDSL SPL DEEP 3.5 SUN PCS BRASS KDSL SPL DEEP 3.5 SUN,24
BRASS KDSL SPL DEEP 4 SUN  PCS,BRASS KDSL SPL DEEP 4 SUN,74181010,BRASS KDSL SPL DEEP 4 SUN  PCS BRASS KDSL SPL DEEP 4 SUN,24
BRASS KDSL SPL DEEP 5 SUN PCS,BRASS KDSL SPL DEEP 5 SUN,74181010,BRASS KDSL SPL DEEP 5 SUN PCS BRASS KDSL SPL DEEP 5 SUN,24
BRASS KAVRA (L.W)  6 SUN PCS,BRASS KAVRA (L.W)  6 SUN,74181010,BRASS KAVRA (L.W)  6 SUN PCS BRASS KAVRA (L.W)  6 SUN,24
BRASS KAVRA (L.W)  8 SUN  PCS,BRASS KAVRA (L.W)  8 SUN,74181010,BRASS KAVRA (L.W)  8 SUN  PCS BRASS KAVRA (L.W)  8 SUN,24
BRASS KAVRA (L.W)  10 SUN  PCS,BRASS KAVRA (L.W)  10 SUN,74181010,BRASS KAVRA (L.W)  10 SUN  PCS BRASS KAVRA (L.W)  10 SUN,24
BRASS KAVRA (L.W)  14 SUN PCS,BRASS KAVRA (L.W)  14 SUN,74181010,BRASS KAVRA (L.W)  14 SUN PCS BRASS KAVRA (L.W)  14 SUN,24
BRASS PANDEEP (L.W) 1.6  SUN  PCS,BRASS PANDEEP (L.W) 1.6  SUN,74181010,BRASS PANDEEP (L.W) 1.6  SUN  PCS BRASS PANDEEP (L.W) 1.6  SUN,24
BRASS PANDEEP (L.W) 2  SUN PCS,BRASS PANDEEP (L.W) 2  SUN,74181010,BRASS PANDEEP (L.W) 2  SUN PCS BRASS PANDEEP (L.W) 2  SUN,24
BRASS PANDEEP (L.W) 2.2  SUN,BRASS PANDEEP (L.W) 2.2  SUN,74181010,BRASS PANDEEP (L.W) 2.2  SUN BRASS PANDEEP (L.W) 2.2  SUN,24
BRASS HANGING BELL SPL 1.5 SUN PCS,BRASS HANGING BELL SPL 1.5 SUN,74181010,BRASS HANGING BELL SPL 1.5 SUN PCS BRASS HANGING BELL SPL 1.5 SUN,24
BRASS HANGING BELL SPL 2 SUN PCS,BRASS HANGING BELL SPL 2 SUN,74181010,BRASS HANGING BELL SPL 2 SUN PCS BRASS HANGING BELL SPL 2 SUN,24
BRASS HANGING BELL SPL 2.5 SUN PCS,BRASS HANGING BELL SPL 2.5 SUN,74181010,BRASS HANGING BELL SPL 2.5 SUN PCS BRASS HANGING BELL SPL 2.5 SUN,24
BRASS HANGING BELL SPL 3 SUN PCS,BRASS HANGING BELL SPL 3 SUN,74181010,BRASS HANGING BELL SPL 3 SUN PCS BRASS HANGING BELL SPL 3 SUN,24
BRASS LATKAN(L.W) SPL 2.2 SUN  PCS,BRASS LATKAN(L.W) SPL 2.2 SUN,74181010,BRASS LATKAN(L.W) SPL 2.2 SUN  PCS BRASS LATKAN(L.W) SPL 2.2 SUN,24
BRASS LATKAN(L.W) SPL 2.4 SUN  PCS,BRASS LATKAN(L.W) SPL 2.4 SUN,74181010,BRASS LATKAN(L.W) SPL 2.4 SUN  PCS BRASS LATKAN(L.W) SPL 2.4 SUN,24
BRASS LATKAN(L.W) SPL 2.6 SUN PCS,BRASS LATKAN(L.W) SPL 2.6 SUN,74181010,BRASS LATKAN(L.W) SPL 2.6 SUN PCS BRASS LATKAN(L.W) SPL 2.6 SUN,24
BRASS LATKAN(L.W) SPL 3.1 SUN PCS,BRASS LATKAN(L.W) SPL 3.1 SUN,74181010,BRASS LATKAN(L.W) SPL 3.1 SUN PCS BRASS LATKAN(L.W) SPL 3.1 SUN,24
BRASS LATKAN(L.W) SPL 4 SUN  PCS,BRASS LATKAN(L.W) SPL 4 SUN,74181010,BRASS LATKAN(L.W) SPL 4 SUN  PCS BRASS LATKAN(L.W) SPL 4 SUN,24
BRASS HAND BELL GANESH JI SUN PCS,BRASS HAND BELL GANESH JI SUN,74181010,BRASS HAND BELL GANESH JI SUN PCS BRASS HAND BELL GANESH JI SUN,24
BRASS UDUPPI LAMP SPL 2 SUN PCS,BRASS UDUPPI LAMP SPL 2 SUN,74181010,BRASS UDUPPI LAMP SPL 2 SUN PCS BRASS UDUPPI LAMP SPL 2 SUN,24
BRASS UDUPPI LAMP SPL 3 SUN PCS,BRASS UDUPPI LAMP SPL 3 SUN,74181010,BRASS UDUPPI LAMP SPL 3 SUN PCS BRASS UDUPPI LAMP SPL 3 SUN,24
BRASS UDUPPI LAMP SPL 4 SUN PCS,BRASS UDUPPI LAMP SPL 4 SUN,74181010,BRASS UDUPPI LAMP SPL 4 SUN PCS BRASS UDUPPI LAMP SPL 4 SUN,24
BRASS UDUPPI LAMP SPL 5 SUN PCS,BRASS UDUPPI LAMP SPL 5 SUN,74181010,BRASS UDUPPI LAMP SPL 5 SUN PCS BRASS UDUPPI LAMP SPL 5 SUN,24
BRASS HAND BELL NEW SPL 3  SUN PCS,BRASS HAND BELL NEW SPL 3  SUN,74181010,BRASS HAND BELL NEW SPL 3  SUN PCS BRASS HAND BELL NEW SPL 3  SUN,24
BRASS HAND BELL NEW SPL 3.2  SUN PCS,BRASS HAND BELL NEW SPL 3.2  SUN,74181010,BRASS HAND BELL NEW SPL 3.2  SUN PCS BRASS HAND BELL NEW SPL 3.2  SUN,24
BRASS HAND BELL NEW SPL 3.5  SUN PCS,BRASS HAND BELL NEW SPL 3.5  SUN,74181010,BRASS HAND BELL NEW SPL 3.5  SUN PCS BRASS HAND BELL NEW SPL 3.5  SUN,24
BRASS KUMKUM SHEET NAGG SUN PCS,BRASS KUMKUM SHEET NAGG SUN,74181010,BRASS KUMKUM SHEET NAGG SUN PCS BRASS KUMKUM SHEET NAGG SUN,24
BRASS KUMKUM SHEET APPLE SUN PCS,BRASS KUMKUM SHEET APPLE SUN,74181010,BRASS KUMKUM SHEET APPLE SUN PCS BRASS KUMKUM SHEET APPLE SUN,24
BRASS KUMKUM SHEET EMBOSE SUN PCS,BRASS KUMKUM SHEET EMBOSE SUN,74181010,BRASS KUMKUM SHEET EMBOSE SUN PCS BRASS KUMKUM SHEET EMBOSE SUN,24
BRASS NANDADEEP SPL  3 SUN PCS,BRASS NANDADEEP SPL  3 SUN,74181010,BRASS NANDADEEP SPL  3 SUN PCS BRASS NANDADEEP SPL  3 SUN,24
BRASS NANDADEEP SPL  4 SUN PCS,BRASS NANDADEEP SPL  4 SUN,74181010,BRASS NANDADEEP SPL  4 SUN PCS BRASS NANDADEEP SPL  4 SUN,24
BRASS NANDADEEP SPL 5 SUN PCS,BRASS NANDADEEP SPL  5 SUN,74181010,BRASS NANDADEEP SPL 5 SUN PCS BRASS NANDADEEP SPL  5 SUN,24
BRASS NANDADEEP SPL  6 SUN PCS,BRASS NANDADEEP SPL  6 SUN,74181010,BRASS NANDADEEP SPL  6 SUN PCS BRASS NANDADEEP SPL  6 SUN,24
BRASS NANDADEEP SPL 7 SUN PCS,BRASS NANDADEEP SPL  7 SUN,74181010,BRASS NANDADEEP SPL 7 SUN PCS BRASS NANDADEEP SPL  7 SUN,24
BRASS NANDADEEP SPL 10 SUN PCS,BRASS NANDADEEP SPL  10 SUN,74181010,BRASS NANDADEEP SPL 10 SUN PCS BRASS NANDADEEP SPL  10 SUN,24
BRASS NANDADEEP SPL  14 SUN PCS,BRASS NANDADEEP SPL  14 SUN,74181010,BRASS NANDADEEP SPL  14 SUN PCS BRASS NANDADEEP SPL  14 SUN,24
Brass Super AKP 11to14  SAI  KG,BRASS SUPER AKP 11TO14  SAI,741999,Brass Super AKP 11to14  SAI  KG BRASS SUPER AKP 11TO14  SAI,13
Brass Uruli Stand Jali 12  KMLH  K-P,BRASS URULI STAND JALI 12  KMLH,741810,Brass Uruli Stand Jali 12  KMLH  K-P BRASS URULI STAND JALI 12  KMLH,9
Brass Uruli Stand Jali 17  KMLH  K-P,BRASS URULI STAND JALI 17  KMLH,741810,Brass Uruli Stand Jali 17  KMLH  K-P BRASS URULI STAND JALI 17  KMLH,9
Brass Udarni 19 GEJ No. 2  KMLH  PCS,BRASS UDARNI 19 GEJ NO. 2  KMLH,741810,Brass Udarni 19 GEJ No. 2  KMLH  PCS BRASS UDARNI 19 GEJ NO. 2  KMLH,9
Brass Agardan Kalash 2 KMLH  PCS,BRASS AGARDAN KALASH 2 KMLH,741999,Brass Agardan Kalash 2 KMLH  PCS BRASS AGARDAN KALASH 2 KMLH,13
Brass Kuber Deep Tortoise 0  KMLH  PCS,BRASS KUBER DEEP  TORTOISE 0  KMLH,741810,Brass Kuber Deep Tortoise 0  KMLH  PCS BRASS KUBER DEEP  TORTOISE 0  KMLH,9
Brass Lavang Goledar No. 1  KMLH  PCS,BRASS LAVANG GOLEDAR NO. 1  KMLH,741810,Brass Lavang Goledar No. 1  KMLH  PCS BRASS LAVANG GOLEDAR NO. 1  KMLH,9
Brass Agardan Kalash 1  KMLH  PCS,BRASS AGARDAN KALASH 1  KMLH,741999,Brass Agardan Kalash 1  KMLH  PCS BRASS AGARDAN KALASH 1  KMLH,13
Brass Udarni 19 GEJ No. 3  KMLH  PCS,BRASS UDARNI 19 GEJ NO. 3  KMLH,741810,Brass Udarni 19 GEJ No. 3  KMLH  PCS BRASS UDARNI 19 GEJ NO. 3  KMLH,9
Brass Kuber DeepTortoise 3  KMLH  PCS,BRASS KUBER  DEEP TORTOISE 3  KMLH,74199930,Brass Kuber DeepTortoise 3  KMLH  PCS BRASS KUBER  DEEP TORTOISE 3  KMLH,29
Copper Udarni 19 GEJ No. 2  KMLH  PCS,COPPER UDARNI 19 GEJ NO. 2  KMLH,741810,Copper Udarni 19 GEJ No. 2  KMLH  PCS COPPER UDARNI 19 GEJ NO. 2  KMLH,9
Brass Agardan Kalash 3  KMLH  PCS,BRASS AGARDAN KALASH 3  KMLH,741999,Brass Agardan Kalash 3  KMLH  PCS BRASS AGARDAN KALASH 3  KMLH,13
Brass Kuber DeepTortoise 2  KMLH  PCS,BRASS KUBER  DEEP TORTOISE 2  KMLH,74199930,Brass Kuber DeepTortoise 2  KMLH  PCS BRASS KUBER  DEEP TORTOISE 2  KMLH,29
Brass Durga Base  BNKI  K-P,BRASS DURGA BASE  BNKI,83062910,Brass Durga Base  BNKI  K-P BRASS DURGA BASE  BNKI,36
Brass Cow Krishnaa BNKI  K-P,BRASS COW KRISHNAA BNKI,83062910,Brass Cow Krishnaa BNKI  K-P BRASS COW KRISHNAA BNKI,36
BRASS RADHA KRISHNA SAME BASE  BNKI  K-P,BRASS RADHA KRISHNA SAME BASE  BNKI,83062910,BRASS RADHA KRISHNA SAME BASE  BNKI  K-P BRASS RADHA KRISHNA SAME BASE  BNKI,36
Brass Nandi BNKI  K-P,BRASS NANDI BNKI,83062910,Brass Nandi BNKI  K-P BRASS NANDI BNKI,36
Brass Nandhi BNKI  K-P,BRASS NANDHI BNKI,83062910,Brass Nandhi BNKI  K-P BRASS NANDHI BNKI,36
Brass Frame Choki BNKI  K-P,BRASS FRAME CHOKI BNKI,83062910,Brass Frame Choki BNKI  K-P BRASS FRAME CHOKI BNKI,36
Brass Singasan BNKI  K-P,BRASS SINGASAN BNKI,83062910,Brass Singasan BNKI  K-P BRASS SINGASAN BNKI,36
Brass Ganesh Jula BNKI  K-P,BRASS GANESH JULA BNKI,83062910,Brass Ganesh Jula BNKI  K-P BRASS GANESH JULA BNKI,36
Brass Buddha  BNKI  K-P,BRASS BUDDHA  BNKI,83062910,Brass Buddha  BNKI  K-P BRASS BUDDHA  BNKI,36
Brass Buddha 156  BNKI  K-P,BRASS BUDDHA 156  BNKI,83062910,Brass Buddha 156  BNKI  K-P BRASS BUDDHA 156  BNKI,36
Brass Buddha Dot   BNKI  K-P,BRASS BUDDHA DOT   BNKI,83062910,Brass Buddha Dot   BNKI  K-P BRASS BUDDHA DOT   BNKI,36
Brass Bull Cart  BNKI  K-P,BRASS BULL CART  BNKI,83062910,Brass Bull Cart  BNKI  K-P BRASS BULL CART  BNKI,36
Brass Krishna Cart  BNKI  K-P,BRASS KRISHNA CART  BNKI,83062910,Brass Krishna Cart  BNKI  K-P BRASS KRISHNA CART  BNKI,36
Brass Durga Base 106  BNKI  K-P,BRASS DURGA BASE 106  BNKI,83062910,Brass Durga Base 106  BNKI  K-P BRASS DURGA BASE 106  BNKI,36
Brass Durga 118  BNKI  K-P,BRASS DURGA 118  BNKI,83062910,Brass Durga 118  BNKI  K-P BRASS DURGA 118  BNKI,36
Brass Durga Base BNKI  K-P,BRASS DURGA BASE BNKI,83062910,Brass Durga Base BNKI  K-P BRASS DURGA BASE BNKI,36
Brass Durga  BNKI  K-P,BRASS DURGA  BNKI,83062910,Brass Durga  BNKI  K-P BRASS DURGA  BNKI,36
Brass Durga 155  BNKI  K-P,BRASS DURGA 155  BNKI,83062910,Brass Durga 155  BNKI  K-P BRASS DURGA 155  BNKI,36
Brass Sitting Garun  BNKI  K-P,BRASS SITTING GARUN  BNKI,83062910,Brass Sitting Garun  BNKI  K-P BRASS SITTING GARUN  BNKI,36
Brass Half Body Hanuman with Choki  BNKI  K-P,BRASS HALF BODY HANUMAN WITH CHOKI  BNKI,83062910,Brass Half Body Hanuman with Choki  BNKI  K-P BRASS HALF BODY HANUMAN WITH CHOKI  BNKI,36
Brass Kuber Laxmi Coin  BNKI  K-P,BRASS KUBER LAXMI COIN  BNKI,83062910,Brass Kuber Laxmi Coin  BNKI  K-P BRASS KUBER LAXMI COIN  BNKI,36
Brass Trible Lady Music  BNKI  K-P,BRASS TRIBLE LADY MUSIC  BNKI,83062910,Brass Trible Lady Music  BNKI  K-P BRASS TRIBLE LADY MUSIC  BNKI,36
Brass Standing Trivallur  BNKI  K-P,BRASS STANDING TRIVALLUR  BNKI,83062910,Brass Standing Trivallur  BNKI  K-P BRASS STANDING TRIVALLUR  BNKI,36
Brass Huk Ganesh Palna  BNKI  K-P,BRASS HUK GANESH PALNA  BNKI,83062910,Brass Huk Ganesh Palna  BNKI  K-P BRASS HUK GANESH PALNA  BNKI,36
Brass Palna Matki Krishna  BNKI  K-P,BRASS PALNA MATKI KRISHNA  BNKI,83062910,Brass Palna Matki Krishna  BNKI  K-P BRASS PALNA MATKI KRISHNA  BNKI,36
Brass Palna Krishna  BNKI  K-P,BRASS PALNA KRISHNA  BNKI,83062910,Brass Palna Krishna  BNKI  K-P BRASS PALNA KRISHNA  BNKI,36
Brass Ram Daarbar  BNKI  K-P,BRASS RAM DAARBAR  BNKI,83062910,Brass Ram Daarbar  BNKI  K-P BRASS RAM DAARBAR  BNKI,36
Brass Ram Darbar  BNKI  K-P,BRASS RAM DARBAR  BNKI,83062910,Brass Ram Darbar  BNKI  K-P BRASS RAM DARBAR  BNKI,36
Brass Shivv Family  BNKI  K-P,BRASS SHIVV FAMILY  BNKI,83062910,Brass Shivv Family  BNKI  K-P BRASS SHIVV FAMILY  BNKI,36
Brass Standing Vishnuu  BNKI   K-P,BRASS STANDING VISHNUU  BNKI,83062910,Brass Standing Vishnuu  BNKI   K-P BRASS STANDING VISHNUU  BNKI,36
Brass Standing Vishnu  BNKI  K-P,BRASS STANDING VISHNU  BNKI,83062910,Brass Standing Vishnu  BNKI  K-P BRASS STANDING VISHNU  BNKI,36
Brass Ganesh Palna  BNKI  K-P,BRASS GANESH PALNA  BNKI,83062910,Brass Ganesh Palna  BNKI  K-P BRASS GANESH PALNA  BNKI,36
Brass Frame Ram Darbar  BNKI  K-P,BRASS FRAME RAM DARBAR  BNKI,83062910,Brass Frame Ram Darbar  BNKI  K-P BRASS FRAME RAM DARBAR  BNKI,36
Brass Natraj 171  BNKI  K-P,BRASS NATRAJ 171  BNKI,83062910,Brass Natraj 171  BNKI  K-P BRASS NATRAJ 171  BNKI,36
Brass Ganesh Palna with Bell  BNKI  K-P,BRASS GANESH PALNA WITH BELL  BNKI,83062910,Brass Ganesh Palna with Bell  BNKI  K-P BRASS GANESH PALNA WITH BELL  BNKI,36
Brass Ganesh Palna Deepak  BNKI  K-P,BRASS GANESH PALNA DEEPAK  BNKI,83062910,Brass Ganesh Palna Deepak  BNKI  K-P BRASS GANESH PALNA DEEPAK  BNKI,36
Brass Ganesh Palnaa  BNKI  K-P,BRASS GANESH PALNA  BNKI,83062910,Brass Ganesh Palnaa  BNKI  K-P BRASS GANESH PALNA  BNKI,36
Brass T.Balaji  BNKI  K-P,BRASS T.BALAJI  BNKI,83062910,Brass T.Balaji  BNKI  K-P BRASS T.BALAJI  BNKI,36
Brass Krishnaa Cart  BNKI  K-P,BRASS KRISHNAA CART  BNKI,83062910,Brass Krishnaa Cart  BNKI  K-P BRASS KRISHNAA CART  BNKI,36
Brass Durga 157D    BNKI K-P,BRASS DURGA 157D    BNKI,83062910,Brass Durga 157D    BNKI K-P BRASS DURGA 157D    BNKI,36
WHITE SARAS SET JHOO PCS,WHITE SARAS SET JHOO,83061000,WHITE SARAS SET JHOO PCS WHITE SARAS SET JHOO,33
Wood Jewel Box 15*10*10  MENH  PCS,WOOD JEWEL BOX 15*10*10  MENH,44190010,Wood Jewel Box 15*10*10  MENH  PCS WOOD JEWEL BOX 15*10*10  MENH,20
Copper Bowl L S  BSH  KG,COPPER BOWL L S  BSH,741999,Copper Bowl L S  BSH  KG COPPER BOWL L S  BSH,13
Brass Chakli Agardan Plain  BSH  PCS,BRASS CHAKLI AGARDAN PLAIN  BSH,741999,Brass Chakli Agardan Plain  BSH  PCS BRASS CHAKLI AGARDAN PLAIN  BSH,13
Brass Chakli Agardan Kangura  BSH  PCS,BRASS CHAKLI AGARDAN KANGURA  BSH,741999,Brass Chakli Agardan Kangura  BSH  PCS BRASS CHAKLI AGARDAN KANGURA  BSH,13
Brass Gola Sindoor Dibbi 0  BSH  PCS,BRASS GOLA SINDOOR DIBBI 0  BSH,741999,Brass Gola Sindoor Dibbi 0  BSH  PCS BRASS GOLA SINDOOR DIBBI 0  BSH,13
Brass Gola Sindoor Dibbi 1  BSH  PCS,BRASS GOLA SINDOOR DIBBI 1  BSH,741999,Brass Gola Sindoor Dibbi 1  BSH  PCS BRASS GOLA SINDOOR DIBBI 1  BSH,13
Brass Gola Sindoor Dibbi 2  BSH  PCS,BRASS GOLA SINDOOR DIBBI 2  BSH,741999,Brass Gola Sindoor Dibbi 2  BSH  PCS BRASS GOLA SINDOOR DIBBI 2  BSH,13
SWA KASHI VILAKKU-21,SWA KASHI VILAKKU-21,74181010,SWA KASHI VILAKKU-21 SWA KASHI VILAKKU-21,24
LOBANDAAN FANCY -2 (S KURANDI) AMRM  PCS,LOBANDAAN FANCY -2 (S KURANDI) AMRM,74199930,LOBANDAAN FANCY -2 (S KURANDI) AMRM  PCS LOBANDAAN FANCY -2 (S KURANDI) AMRM,29
Brass M R Box Vilakku 1  MRC  K-P,BRASS M R BOX VILAKKU 1  MRC,741810,Brass M R Box Vilakku 1  MRC  K-P BRASS M R BOX VILAKKU 1  MRC,9
BRASS MANGALAM GOLD VILAKKU  MRC  K-P,BRASS MANGALAM GOLD VILAKKU  MRC,741810,BRASS MANGALAM GOLD VILAKKU  MRC  K-P BRASS MANGALAM GOLD VILAKKU  MRC,9
Brass M R Gold Vilakku 1  MRC  K-P,BRASS M R GOLD VILAKKU 1  MRC,741810,Brass M R Gold Vilakku 1  MRC  K-P BRASS M R GOLD VILAKKU 1  MRC,9
Brass M R Gold Vilakku 2  MRC  K-P,BRASS M R GOLD VILAKKU 2  MRC,741810,Brass M R Gold Vilakku 2  MRC  K-P BRASS M R GOLD VILAKKU 2  MRC,9
Brass M R Box Vilakku 2  MRC  K-P,BRASS M R BOX VILAKKU 2  MRC,741810,Brass M R Box Vilakku 2  MRC  K-P BRASS M R BOX VILAKKU 2  MRC,9
Brass M R Box Vilakku 3  MRC  K-P,BRASS M R BOX VILAKKU 3  MRC,741810,Brass M R Box Vilakku 3  MRC  K-P BRASS M R BOX VILAKKU 3  MRC,9
Brass M R Box Vilakku 4  MRC  K-P,BRASS M R BOX VILAKKU 4  MRC,741810,Brass M R Box Vilakku 4  MRC  K-P BRASS M R BOX VILAKKU 4  MRC,9
Brass M R Super Vilakku  MRC  K-P,BRASS M R SUPER VILAKKU  MRC,741810,Brass M R Super Vilakku  MRC  K-P BRASS M R SUPER VILAKKU  MRC,9
Brass RB SSpl Vilakku 8  POP  KG,BRASS RB SSPL VILAKKU 8  POP,74199930,Brass RB SSpl Vilakku 8  POP  KG BRASS RB SSPL VILAKKU 8  POP,29
White Natraj Big  27.5  AND  PCS,WHITE NATRAJ BIG  27.5  AND,83061000,White Natraj Big  27.5  AND  PCS WHITE NATRAJ BIG  27.5  AND,33
NATRAJ WHITE METAL    AND  PCS,NATRAJ WHITE METAL    AND,83061000,NATRAJ WHITE METAL    AND  PCS NATRAJ WHITE METAL    AND,33
RADHA KRISHNA BIG WHITE METAL  AND PCS,RADHA KRISHNA BIG WHITE METAL  AND,83061000,RADHA KRISHNA BIG WHITE METAL  AND PCS RADHA KRISHNA BIG WHITE METAL  AND,33
WHITE RADHA KRISHNA PEACOCK  13.75 AND   PCS,WHITE RADHA KRISHNA PEACOCK 13.75  AND,83061000,WHITE RADHA KRISHNA PEACOCK  13.75 AND   PCS WHITE RADHA KRISHNA PEACOCK 13.75  AND,33
White Radha Krishna 14  AND   PCS,WHITE RADHA KRISHNA 14  AND,83061000,White Radha Krishna 14  AND   PCS WHITE RADHA KRISHNA 14  AND,33
Laxmi White Metal  AND  PCS,LAXMI WHITE METAL  AND,83061000,Laxmi White Metal  AND  PCS LAXMI WHITE METAL  AND,33
Laxmi Oval Base White Metal  AND  PCS,LAXMI OVAL BASE WHITE METAL  AND,83061000,Laxmi Oval Base White Metal  AND  PCS LAXMI OVAL BASE WHITE METAL  AND,33
WHITE KRISHNA SMALL 7  AND  PCS,WHITE KRISHNA SMALL 7  AND  PCS,76169990,WHITE KRISHNA SMALL 7  AND  PCS WHITE KRISHNA SMALL 7  AND  PCS,30
Laxmi Chouki White Metal  AND  PCS,LAXMI CHOUKI WHITE METAL  AND,83061000,Laxmi Chouki White Metal  AND  PCS LAXMI CHOUKI WHITE METAL  AND,33
White Krishna 19  AND    PCS,WHITE KRISHNA 19  AND,83061000,White Krishna 19  AND    PCS WHITE KRISHNA 19  AND,33
WHITE KRISHNA 18  AND    PCS,WHITE KRISHNA 18  AND,76169990,WHITE KRISHNA 18  AND    PCS WHITE KRISHNA 18  AND,30
WHITE KRISHNA GOLE 14  AND   PCS,WHITE KRISHNA GOLE 14  AND,76169990,WHITE KRISHNA GOLE 14  AND   PCS WHITE KRISHNA GOLE 14  AND,30
WHITE KRISHNAA GOLE 11 AND   PCS,WHITE KRISHNAA GOLE  11 AND,76169990,WHITE KRISHNAA GOLE 11 AND   PCS WHITE KRISHNAA GOLE  11 AND,30
WHITE PEACOCK BIG  12  AND  PCS,WHITE PEACOCK BIG  12  AND,83061000,WHITE PEACOCK BIG  12  AND  PCS WHITE PEACOCK BIG  12  AND,33
WHITE PEACOCK MEDIUM 8  AND  PCS,WHITE PEACOCK MEDIUM 8  AND,83061000,WHITE PEACOCK MEDIUM 8  AND  PCS WHITE PEACOCK MEDIUM 8  AND,33
WHITE PEACOCK SMALL 7  AND  PCS,WHITE PEACOCK SMALL 7  AND  PCS,83061000,WHITE PEACOCK SMALL 7  AND  PCS WHITE PEACOCK SMALL 7  AND  PCS,33
WHITE PEACOCK V.SMALL  5.5 AND  PCS,WHITE PEACOCK V.SMALL  5.5 AND  PCS,83061000,WHITE PEACOCK V.SMALL  5.5 AND  PCS WHITE PEACOCK V.SMALL  5.5 AND  PCS,33
NATRAJJ WHITE METAL  AND  PCS,NATRAJJ WHITE METAL  AND,83061000,NATRAJJ WHITE METAL  AND  PCS NATRAJJ WHITE METAL  AND,33
Brass New Lady with Parrot  GV  K-P,BRASS NEW LADY WITH PARROT  GV,83062910,Brass New Lady with Parrot  GV  K-P BRASS NEW LADY WITH PARROT  GV,36
Brass New Lady with Mirror  GV  K-P,BRASS NEW LADY WITH MIRROR  GV,83062910,Brass New Lady with Mirror  GV  K-P BRASS NEW LADY WITH MIRROR  GV,36
Brass New Lady with Kudam  GV  K-P,BRASS NEW LADY WITH KUDAM  GV,83062910,Brass New Lady with Kudam  GV  K-P BRASS NEW LADY WITH KUDAM  GV,36
Brass Charak Varp Casting -4  SHLP   PCS,BRASS CHARAK VARP CASTING -4  SHLP,741810,Brass Charak Varp Casting -4  SHLP   PCS BRASS CHARAK VARP CASTING -4  SHLP,9
Brass Kindi New 1 to 5    SHLP                              KG,BRASS KINDI NEW 1 TO 5    SHLP,741810,Brass Kindi New 1 to 5    SHLP                              KG BRASS KINDI NEW 1 TO 5    SHLP,9
Brass Spoon Arthy 0  SHLP                PCS,BRASS SPOON ARTHY 0  SHLP,741810,Brass Spoon Arthy 0  SHLP                PCS BRASS SPOON ARTHY 0  SHLP,9
Brass Spoon Arthy 3  SHLP     PCS,BRASS SPOON ARTHY 3  SHLP,741810,Brass Spoon Arthy 3  SHLP     PCS BRASS SPOON ARTHY 3  SHLP,9
Brass Spoon Arthy 4  SHLP    PCS,BRASS SPOON ARTHY 4  SHLP,741810,Brass Spoon Arthy 4  SHLP    PCS BRASS SPOON ARTHY 4  SHLP,9
Brass Spoon Arthy 5   SHLP        PCS,BRASS SPOON ARTHY 5   SHLP,741810,Brass Spoon Arthy 5   SHLP        PCS BRASS SPOON ARTHY 5   SHLP,9
Brass Agardan Pyali - 4  SHLP    PCS,BRASS AGARDAN PYALI - 4  SHLP,741810,Brass Agardan Pyali - 4  SHLP    PCS BRASS AGARDAN PYALI - 4  SHLP,9
Brass Spoon Arthy 6  SHLP   PCS,BRASS SPOON ARTHY 6  SHLP,741810,Brass Spoon Arthy 6  SHLP   PCS BRASS SPOON ARTHY 6  SHLP,9
Brass Charak Varp Casting - 3 SHLP   PCS,BRASS CHARAK VARP  CASTING - 3 SHLP,741810,Brass Charak Varp Casting - 3 SHLP   PCS BRASS CHARAK VARP  CASTING - 3 SHLP,9
Brass Pancha Pathram 2.5  SHLP     PCS,BRASS PANCHA PATHRAM 2.5  SHLP,741810,Brass Pancha Pathram 2.5  SHLP     PCS BRASS PANCHA PATHRAM 2.5  SHLP,9
Brass Pancha Pathram 3   SHLP   PCS,BRASS PANCHA PATHRAM 3   SHLP,741810,Brass Pancha Pathram 3   SHLP   PCS BRASS PANCHA PATHRAM 3   SHLP,9
Brass Pancha Pathram 3.5  SHLP   PCS,BRASS PANCHA PATHRAM 3.5  SHLP,741810,Brass Pancha Pathram 3.5  SHLP   PCS BRASS PANCHA PATHRAM 3.5  SHLP,9
Brass Agardan Pyali - 1  SHLP   PCS,BRASS AGARDAN PYALI - 1  SHLP,741810,Brass Agardan Pyali - 1  SHLP   PCS BRASS AGARDAN PYALI - 1  SHLP,9
BRASS BEEDING CHINA PLATE 5  SHLP KG,BRASS BEEDING CHINA PLATE 5  SHLP,741810,BRASS BEEDING CHINA PLATE 5  SHLP KG BRASS BEEDING CHINA PLATE 5  SHLP,9
Brass Beeding China Plate  3 to 4.5   SHLP     KG,BRASS BEEDING CHINA PLATE  3 TO 4.5   SHLP,741810,Brass Beeding China Plate  3 to 4.5   SHLP     KG BRASS BEEDING CHINA PLATE  3 TO 4.5   SHLP,9
Brass Agardan Pyali - 3  SHLP    PCS,BRASS AGARDAN PYALI - 3  SHLP,741810,Brass Agardan Pyali - 3  SHLP    PCS BRASS AGARDAN PYALI - 3  SHLP,9
Brass Spoon Arthy 2  SHLP    PCS,BRASS SPOON ARTHY 2  SHLP,741810,Brass Spoon Arthy 2  SHLP    PCS BRASS SPOON ARTHY 2  SHLP,9
Brass Kuber Kamakshi 0  SHLP  PCS,BRASS KUBER KAMAKSHI 0  SHLP,741810,Brass Kuber Kamakshi 0  SHLP  PCS BRASS KUBER KAMAKSHI 0  SHLP,9
Brass Kuber Kamakshi 1   SHLP    PCS,BRASS KUBER KAMAKSHI   1  SHLP,741810,Brass Kuber Kamakshi 1   SHLP    PCS BRASS KUBER KAMAKSHI   1  SHLP,9
Brass Standing Krishnaa   BNKI     K-P,BRASS STANDING KRISHNAA   BNKI,83062910,Brass Standing Krishnaa   BNKI     K-P BRASS STANDING KRISHNAA   BNKI,36
Brass Standing Krishna   BNKI   K-P,BRASS STANDING KRISHNAA,83062910,Brass Standing Krishna   BNKI   K-P BRASS STANDING KRISHNAA,36
Brass Kamal Krishnaa  BNKI   K-P,BRASS KAMAL KRISHNAA  BNKI,83062910,Brass Kamal Krishnaa  BNKI   K-P BRASS KAMAL KRISHNAA  BNKI,36
Brass Cow Krishnaaa  BNKI   K-P,BRASS COW KRISHNAAA  BNKI,83062910,Brass Cow Krishnaaa  BNKI   K-P BRASS COW KRISHNAAA  BNKI,36
Brass Natarajj   BNKI   K-P,BRASS NATARAJJ   BNKI,83062910,Brass Natarajj   BNKI   K-P BRASS NATARAJJ   BNKI,36
Brass Nataraj   BNKI   K-P,BRASS NATARAJ   BNKI,83062910,Brass Nataraj   BNKI   K-P BRASS NATARAJ   BNKI,36
Brass Nataraj BNKI   K-P,BRASS NATARAJ BNKI,83062910,Brass Nataraj BNKI   K-P BRASS NATARAJ BNKI,36
Brasss Cow Krishnaa  BNKI   PCS,BRASSS COW KRISHNAA  BNKI,83062910,Brasss Cow Krishnaa  BNKI   PCS BRASSS COW KRISHNAA  BNKI,36
Brass Padmanabhaswamy 4  GV    K-P,BRASS PADMANABHASWAMY 4  GV,83062910,Brass Padmanabhaswamy 4  GV    K-P BRASS PADMANABHASWAMY 4  GV,36
Brass Durga  5.5   GV    K-P,BRASS DURGA  5.5   GV,83062910,Brass Durga  5.5   GV    K-P BRASS DURGA  5.5   GV,36
Brass Laxmi Ganesh Set 1 GV    K-P,BRASS LAXMI GANESH SET 1 GV,83062910,Brass Laxmi Ganesh Set 1 GV    K-P BRASS LAXMI GANESH SET 1 GV,36
Brass Deepak 1.75 GV    K-P,BRASS DEEPAK 1.75 GV,83062910,Brass Deepak 1.75 GV    K-P BRASS DEEPAK 1.75 GV,36
Brass Appu Ganesh D Base  BNKI  K-P,BRASS APPU GANESH D BASE  BNKI,83062910,Brass Appu Ganesh D Base  BNKI  K-P BRASS APPU GANESH D BASE  BNKI,36
Brass Buddha Base  BNKI  K-P,BRASS BUDDHA BASE  BNKI,83062910,Brass Buddha Base  BNKI  K-P BRASS BUDDHA BASE  BNKI,36
Brass Kamal Ganesh  BNKI  K-P,BRASS KAMAL GANESH  BNKI,83062910,Brass Kamal Ganesh  BNKI  K-P BRASS KAMAL GANESH  BNKI,36
Brass Pagdri Ganesh V Small  BNKI  K-P,BRASS PAGDRI GANESH V SMALL  BNKI,83062910,Brass Pagdri Ganesh V Small  BNKI  K-P BRASS PAGDRI GANESH V SMALL  BNKI,36
Brass Chowki Frame Ganesh  BNKI  K-P,BRASS CHOWKI FRAME GANESH  BNKI,83062910,Brass Chowki Frame Ganesh  BNKI  K-P BRASS CHOWKI FRAME GANESH  BNKI,36
Brass Ganessh  BNKI  K-P,BRASS GANESSH  BNKI,83062910,Brass Ganessh  BNKI  K-P BRASS GANESSH  BNKI,36
Brass Gannesh  BNKI  K-P,BRASS GANNESH  BNKI,83062910,Brass Gannesh  BNKI  K-P BRASS GANNESH  BNKI,36
Brass Chatri Ganesh  BNKI  K-P,BRASS CHATRI GANESH  BNKI,83062910,Brass Chatri Ganesh  BNKI  K-P BRASS CHATRI GANESH  BNKI,36
Brass Gaanesh  BNKI  K-P,BRASS GAANESH  BNKI,83062910,Brass Gaanesh  BNKI  K-P BRASS GAANESH  BNKI,36
Brass Framee Ganesh  BNKI  K-P,BRASS FRAMEE GANESH  BNKI,83062910,Brass Framee Ganesh  BNKI  K-P BRASS FRAMEE GANESH  BNKI,36
Brass Square Base Ganesh  BNKI  K-P,BRASS SQUARE BASE GANESH  BNKI,83062910,Brass Square Base Ganesh  BNKI  K-P BRASS SQUARE BASE GANESH  BNKI,36
Brass Ganeesh  BNKI  K-P,BRASS GANEESH  BNKI,83062910,Brass Ganeesh  BNKI  K-P BRASS GANEESH  BNKI,36
Brass Frame Choki Ganesh  BNKI  K-P,BRASS FRAME CHOKI GANESH  BNKI,83062910,Brass Frame Choki Ganesh  BNKI  K-P BRASS FRAME CHOKI GANESH  BNKI,36
Brass Paatthi Vilakku    KPS     KG,BRASS PAATTHI VILAKKU    KPS,741999,Brass Paatthi Vilakku    KPS     KG BRASS PAATTHI VILAKKU    KPS,13
Brass Buddhaa Base  BNKI  K-P,BRASS BUDDHAA BASE  BNKI,83062910,Brass Buddhaa Base  BNKI  K-P BRASS BUDDHAA BASE  BNKI,36
Brass Buddha Leg  BNKI  K-P,BRASS BUDDHA LEG  BNKI,83062910,Brass Buddha Leg  BNKI  K-P BRASS BUDDHA LEG  BNKI,36
Brass Buddha Leg   BNKI  K-P,BRASS BUDDHA LEG   BNKI,83062910,Brass Buddha Leg   BNKI  K-P BRASS BUDDHA LEG   BNKI,36
Brass Budha Base  BNKI  K-P,BRASS BUDHA BASE  BNKI,83062910,Brass Budha Base  BNKI  K-P BRASS BUDHA BASE  BNKI,36
Brass Hanging Plate Buddha  BNKI  K-P,BRASS HANGING PLATE BUDDHA  BNKI,83062910,Brass Hanging Plate Buddha  BNKI  K-P BRASS HANGING PLATE BUDDHA  BNKI,36
Brass Cow n Calf  BNKI  K-P,BRASS COW N CALF  BNKI,83062910,Brass Cow n Calf  BNKI  K-P BRASS COW N CALF  BNKI,36
Brass Datta  BNKI  K-P,BRASS DATTA  BNKI,83062910,Brass Datta  BNKI  K-P BRASS DATTA  BNKI,36
Brass Deep Lady  BNKI  K-P,BRASS DEEP LADY  BNKI,83062910,Brass Deep Lady  BNKI  K-P BRASS DEEP LADY  BNKI,36
Brass Deeplady  BNKI  K-P,BRASS DEEPLADY  BNKI,83062910,Brass Deeplady  BNKI  K-P BRASS DEEPLADY  BNKI,36
Brass Durrga  BNKI  K-P,BRASS DURRGA  BNKI,83062910,Brass Durrga  BNKI  K-P BRASS DURRGA  BNKI,36
Brass Chair Ganesh  BNKI  K-P,BRASS CHAIR GANESH  BNKI,83062910,Brass Chair Ganesh  BNKI  K-P BRASS CHAIR GANESH  BNKI,36
Brass Standing Garun  BNKI  K-P,BRASS STANDING GARUN  BNKI,83062910,Brass Standing Garun  BNKI  K-P BRASS STANDING GARUN  BNKI,36
Brass Laxmi Hi Girivar  BNKI  K-P,BRASS LAXMI HI GIRIVAR  BNKI,83062910,Brass Laxmi Hi Girivar  BNKI  K-P BRASS LAXMI HI GIRIVAR  BNKI,36
Brass AST Laxmi Deepak  BNKI  K-P,BRASS AST LAXMI DEEPAK  BNKI,83062910,Brass AST Laxmi Deepak  BNKI  K-P BRASS AST LAXMI DEEPAK  BNKI,36
Brass Shanik Chakra Balaji Deepak with Rnd Base  BNKI  K-P,BRASS SHANIK CHAKRA BALAJI DEEPAK WITH RNDBASEBNKI,83062910,Brass Shanik Chakra Balaji Deepak with Rnd Base  BNKI  K-P BRASS SHANIK CHAKRA BALAJI DEEPAK WITH RNDBASEBNKI,36
Brass Deer  Set BNKI  K-P,BRASS DEER SET  BNKI,83062910,Brass Deer  Set BNKI  K-P BRASS DEER SET  BNKI,36
Brass Lion  BNKI  K-P,BRASS LION  BNKI,83062910,Brass Lion  BNKI  K-P BRASS LION  BNKI,36
Brass Auto  BNKI  K-P,BRASS AUTO  BNKI,83062910,Brass Auto  BNKI  K-P BRASS AUTO  BNKI,36
Brass Jewel Box  BNKI  K-P,BRASS JEWEL BOX  BNKI,83062910,Brass Jewel Box  BNKI  K-P BRASS JEWEL BOX  BNKI,36
Brass Jisas Family  BNKI  K-P,BRASS JISAS FAMILY  BNKI,83062910,Brass Jisas Family  BNKI  K-P BRASS JISAS FAMILY  BNKI,36
Brass Anna Bracket  BNKI  K-P,BRASS ANNA BRACKET  BNKI,83062910,Brass Anna Bracket  BNKI  K-P BRASS ANNA BRACKET  BNKI,36
Brass Thiruvalluvar  BNKI  K-P,BRASS THIRUVALLUVAR  BNKI,83062910,Brass Thiruvalluvar  BNKI  K-P BRASS THIRUVALLUVAR  BNKI,36
Brass Frame Choki  BNKI  K-P,BRASS FRAME CHOKI  BNKI,83062910,Brass Frame Choki  BNKI  K-P BRASS FRAME CHOKI  BNKI,36
Brass Jeep  BNKI  K-P,BRASS JEEP  BNKI,83062910,Brass Jeep  BNKI  K-P BRASS JEEP  BNKI,36
Brass Frame Nandi Shiv W/O Base  BNKI  K-P,BRASS FRAME NANDI SHIV W/O BASE  BNKI,83062910,Brass Frame Nandi Shiv W/O Base  BNKI  K-P BRASS FRAME NANDI SHIV W/O BASE  BNKI,36
Brass Standing Shiv Parvati  BNKI  K-P,BRASS STANDING SHIV PARVATI  BNKI,83062910,Brass Standing Shiv Parvati  BNKI  K-P BRASS STANDING SHIV PARVATI  BNKI,36
Brass Nandi Shiv Parvati  BNKI  K-P,BRASS NANDI SHIV PARVATI  BNKI,83062910,Brass Nandi Shiv Parvati  BNKI  K-P BRASS NANDI SHIV PARVATI  BNKI,36
Brass Adiyogi with Base  BNKI  K-P,BRASS ADIYOGI WITH BASE  BNKI,83062910,Brass Adiyogi with Base  BNKI  K-P BRASS ADIYOGI WITH BASE  BNKI,36
Brass Adiyogi W/O Base  BNKI  K-P,BRASS ADIYOGI W/O BASE  BNKI,83062910,Brass Adiyogi W/O Base  BNKI  K-P BRASS ADIYOGI W/O BASE  BNKI,36
Brass Adiyogii with Base  BNKI  K-P,BRASS ADIYOGII WITH BASE  BNKI,83062910,Brass Adiyogii with Base  BNKI  K-P BRASS ADIYOGII WITH BASE  BNKI,36
Brass Frame Pradosh with Base  BNKI  K-P,BRASS FRAME PRADOSH WITH BASE  BNKI,83062910,Brass Frame Pradosh with Base  BNKI  K-P BRASS FRAME PRADOSH WITH BASE  BNKI,36
Brass Aadi Yogi  BNKI  K-P,BRASS AADI YOGI  BNKI,83062910,Brass Aadi Yogi  BNKI  K-P BRASS AADI YOGI  BNKI,36
Brass Padmanam Swami  BNKI  K-P,BRASS PADMANAM SWAMI  BNKI,83062910,Brass Padmanam Swami  BNKI  K-P BRASS PADMANAM SWAMI  BNKI,36
Brass Standing Vishnu ji  BNKI  K-P,BRASS STANDING VISHNU JI  BNKI,83062910,Brass Standing Vishnu ji  BNKI  K-P BRASS STANDING VISHNU JI  BNKI,36
Brass T. Balaji  BNKI  K-P,BRASS T. BALAJI  BNKI,83062910,Brass T. Balaji  BNKI  K-P BRASS T. BALAJI  BNKI,36
Brass T Balaji with Latkan  BNKI  K-P,BRASS T BALAJI WITH LATKAN  BNKI,83062910,Brass T Balaji with Latkan  BNKI  K-P BRASS T BALAJI WITH LATKAN  BNKI,36
Brass Frame Balaji Latkan  BNKI  K-P,BRASS FRAME BALAJI LATKAN  BNKI,83062910,Brass Frame Balaji Latkan  BNKI  K-P BRASS FRAME BALAJI LATKAN  BNKI,36
Brass Shank Chakra Deepak  BNKI  K-P,BRASS SHANK CHAKRA DEEPAK  BNKI,83062910,Brass Shank Chakra Deepak  BNKI  K-P BRASS SHANK CHAKRA DEEPAK  BNKI,36
Brass Jhaar Annam Kalash Deep   SWA  KG,BRASS JHAAR ANNAM KALASH DEEP   SWA,741810,Brass Jhaar Annam Kalash Deep   SWA  KG BRASS JHAAR ANNAM KALASH DEEP   SWA,9
Brass Laxmi Deep Plain 2  UNIQ  PCS,BRASS LAXMI DEEP PLAIN 2  UNIQ,74181010,Brass Laxmi Deep Plain 2  UNIQ  PCS BRASS LAXMI DEEP PLAIN 2  UNIQ,24
Brass Chamcha Arthi New 1  DHIN,BRASS CHAMCHA ARTHI NEW 1  DHIN,741999,Brass Chamcha Arthi New 1  DHIN BRASS CHAMCHA ARTHI NEW 1  DHIN,13
Brass Flower vase Jar 602 COL 24 RMH  K-P,BRASS FLOWER VASE JAR 602 COL 24 RMH,741999,Brass Flower vase Jar 602 COL 24 RMH  K-P BRASS FLOWER VASE JAR 602 COL 24 RMH,13
Brass Flower vase Jar 626 COL 9 RMH  K-P,BRASS FLOWER VASE JAR 626 COL 9 RMH,741999,Brass Flower vase Jar 626 COL 9 RMH  K-P BRASS FLOWER VASE JAR 626 COL 9 RMH,13
Brass Flower vase Jar 626 COL 11 RMH  K-P,BRASS FLOWER VASE JAR 626 COL 11 RMH,741999,Brass Flower vase Jar 626 COL 11 RMH  K-P BRASS FLOWER VASE JAR 626 COL 11 RMH,13
Brass Flower vase Jar 699 COL 8 RMH  K-P,BRASS FLOWER VASE JAR 699 COL 8 RMH,741999,Brass Flower vase Jar 699 COL 8 RMH  K-P BRASS FLOWER VASE JAR 699 COL 8 RMH,13
Brass Paatthi Vilakku   ASB   KG,BRASS PAATTHI VILAKKU   ASB,741999,Brass Paatthi Vilakku   ASB   KG BRASS PAATTHI VILAKKU   ASB,13
Brass Kindi with Lotta 5 ASB   K-P,BRASS KINDI WITH LOTTA 5 ASB,741999,Brass Kindi with Lotta 5 ASB   K-P BRASS KINDI WITH LOTTA 5 ASB,13
Brass Kindi W/O Lotta 6   ASB   K-P,BRASS KINDI W/O LOTTA 6   ASB,741999,Brass Kindi W/O Lotta 6   ASB   K-P BRASS KINDI W/O LOTTA 6   ASB,13
Brass Asta Laxmi  Vilakku  6  MRC   K-P,BRASS ASTA LAXMI  VILAKKU  6  MRC,74181010,Brass Asta Laxmi  Vilakku  6  MRC   K-P BRASS ASTA LAXMI  VILAKKU  6  MRC,24
Brass Asta Laxmi  Vilakku  7  MRC  K-P,BRASS ASTA LAXMI  VILAKKU  7  MRC,74181010,Brass Asta Laxmi  Vilakku  7  MRC  K-P BRASS ASTA LAXMI  VILAKKU  7  MRC,24
Brass Asta Laxmi  Vilakku  8  MRC   K-P,BRASS ASTA LAXMI  VILAKKU  8  MRC,74181010,Brass Asta Laxmi  Vilakku  8  MRC   K-P BRASS ASTA LAXMI  VILAKKU  8  MRC,24
Brass AKP Dlx Plain Vilakku 9   JBE  K-P,BRASS AKP DLX PLAIN VILAKKU 9   JBE,741999,Brass AKP Dlx Plain Vilakku 9   JBE  K-P BRASS AKP DLX PLAIN VILAKKU 9   JBE,13
Brass AKP Dlx Plain Vilakku 10   JBE  K-P,BRASS AKP DLX PLAIN VILAKKU 10   JBE,741999,Brass AKP Dlx Plain Vilakku 10   JBE  K-P BRASS AKP DLX PLAIN VILAKKU 10   JBE,13
Brass Sev Sancha 900 PUJM PCS,BRASS SEV SANCHA 900 PUJM,741810,Brass Sev Sancha 900 PUJM PCS BRASS SEV SANCHA 900 PUJM,9
Brass Sev Sancha Diamond 800 PUJM  PCS,BRASS SEV SANCHA DIAMOND 800 PUJM,741810,Brass Sev Sancha Diamond 800 PUJM  PCS BRASS SEV SANCHA DIAMOND 800 PUJM,9
Brass Sev Sancha Diamond 900 PUJM   PCS,BRASS SEV SANCHA DIAMOND 900 PUJM,741810,Brass Sev Sancha Diamond 900 PUJM   PCS BRASS SEV SANCHA DIAMOND 900 PUJM,9
Wood Jewel Box F/C 6*4  MENH  PCS,WOOD JEWEL BOX F/C 6*4  MENH,44190010,Wood Jewel Box F/C 6*4  MENH  PCS WOOD JEWEL BOX F/C 6*4  MENH,20
Wood Jewel Box F/C 8*5  MENH  PCS,WOOD JEWEL BOX F/C 8*5  MENH,44190010,Wood Jewel Box F/C 8*5  MENH  PCS WOOD JEWEL BOX F/C 8*5  MENH,20
Brass Panch Muki Diya No. 1  KGB  PCS,BRASS PANCH MUKI DIYA NO. 1  KGB,741999,Brass Panch Muki Diya No. 1  KGB  PCS BRASS PANCH MUKI DIYA NO. 1  KGB,13
Brass Panch Muki Diya No. 2  KGB  PCS,BRASS PANCH MUKI DIYA NO. 2  KGB,741999,Brass Panch Muki Diya No. 2  KGB  PCS BRASS PANCH MUKI DIYA NO. 2  KGB,13
Brass Panch Muki Diya No. 3  KGB  PCS,BRASS PANCH MUKI DIYA NO. 3  KGB,741999,Brass Panch Muki Diya No. 3  KGB  PCS BRASS PANCH MUKI DIYA NO. 3  KGB,13
Brass Panch Muki Diya No. 4  KGB  PCS,BRASS PANCH MUKI DIYA NO. 4  KGB,741999,Brass Panch Muki Diya No. 4  KGB  PCS BRASS PANCH MUKI DIYA NO. 4  KGB,13
Brass Snake Arthi  KPS  KG,BRASS SNAKE ARTHI  KPS,741999,Brass Snake Arthi  KPS  KG BRASS SNAKE ARTHI  KPS,13
BRASS AKP DLX VILAKKU-12 JB  K-P,BRASS AKP DLX VILAKKU-12 JB,741999,BRASS AKP DLX VILAKKU-12 JB  K-P BRASS AKP DLX VILAKKU-12 JB,13
BRASS AKP DLX VILAKKU-8 JB  K-P,BRASS AKP DLX VILAKKU-8 JB,741999,BRASS AKP DLX VILAKKU-8 JB  K-P BRASS AKP DLX VILAKKU-8 JB,13
BRASS AKP DLX VILAKKU-9 JB  K-P,BRASS AKP DLX VILAKKU-9 JB,741999,BRASS AKP DLX VILAKKU-9 JB  K-P BRASS AKP DLX VILAKKU-9 JB,13
BRASS ANNA LAMP WITH 5 DEEPAK BNKI,BRASS ANNA LAMP WITH 5 DEEPAK BNKI,83062910,BRASS ANNA LAMP WITH 5 DEEPAK BNKI BRASS ANNA LAMP WITH 5 DEEPAK BNKI,36
BRASS BIRD DOOP DAANI BHNI     K-P,BRASS BIRD DOOP DAANI BHNI,83062910,BRASS BIRD DOOP DAANI BHNI     K-P BRASS BIRD DOOP DAANI BHNI,36
BRASS ANNA PARROT DEEPAK BHKI   K-P,BRASS ANNA PARROT DEEPAK BHKI,83062910,BRASS ANNA PARROT DEEPAK BHKI   K-P BRASS ANNA PARROT DEEPAK BHKI,36
BRASS ANNA LATKAN 9 DEEPAK BHKI   K-P,BRASS ANNA LATKAN 9 DEEPAK BHKI,83062910,BRASS ANNA LATKAN 9 DEEPAK BHKI   K-P BRASS ANNA LATKAN 9 DEEPAK BHKI,36
Brass Paatthi Vilakku  New Mittal  KG,BRASS PAATTHI VILAKKU  NEW MITTAL,741999,Brass Paatthi Vilakku  New Mittal  KG BRASS PAATTHI VILAKKU  NEW MITTAL,13
Brass Pyali Deep 1  BSH   PCS,BRASS PYALI DEEP 1  BSH,741999,Brass Pyali Deep 1  BSH   PCS BRASS PYALI DEEP 1  BSH,13
Brass Pyali Deep 2  BSH  PCS,BRASS PYALI DEEP 2  BSH,741999,Brass Pyali Deep 2  BSH  PCS BRASS PYALI DEEP 2  BSH,13
Brass Pyali Deep 3  BSH   PCS,BRASS PYALI DEEP 3  BSH,741999,Brass Pyali Deep 3  BSH   PCS BRASS PYALI DEEP 3  BSH,13
Brass Pyali Deep 4  BSH   PCS,BRASS PYALI DEEP 4  BSH,741999,Brass Pyali Deep 4  BSH   PCS BRASS PYALI DEEP 4  BSH,13
Brass Padam Pyali 1  BSH  PCS,BRASS PADAM PYALI 1  BSH,741999,Brass Padam Pyali 1  BSH  PCS BRASS PADAM PYALI 1  BSH,13
Brass Salai Pin Plate 6 BSH        K-P,BRASS SALAI PIN PLATE 6 BSH,741999,Brass Salai Pin Plate 6 BSH        K-P BRASS SALAI PIN PLATE 6 BSH,13
Brass Salai Pin Plate 7  BSH    K-P,BRASS SALAI PIN PLATE 7  BSH,741999,Brass Salai Pin Plate 7  BSH    K-P BRASS SALAI PIN PLATE 7  BSH,13
Brass Salai Pin Plate 8  BSH   K-P,BRASS SALAI PIN PLATE 8  BSH,741999,Brass Salai Pin Plate 8  BSH   K-P BRASS SALAI PIN PLATE 8  BSH,13
Brass Trishool 12 BSH   K-P,BRASS TRISHOOL 12 BSH,741999,Brass Trishool 12 BSH   K-P BRASS TRISHOOL 12 BSH,13
Brass Trishool 15 BSH   K-P,BRASS TRISHOOL 15 BSH,741999,Brass Trishool 15 BSH   K-P BRASS TRISHOOL 15 BSH,13
Brass Trishool 18 BSH   K-P,BRASS TRISHOOL 18 BSH,741999,Brass Trishool 18 BSH   K-P BRASS TRISHOOL 18 BSH,13
Brass Trishool 24   BSH   K-P,BRASS TRISHOOL 24   BSH,741999,Brass Trishool 24   BSH   K-P BRASS TRISHOOL 24   BSH,13
Brass Trishool 30   BSH   K-P,BRASS TRISHOOL 30   BSH,741999,Brass Trishool 30   BSH   K-P BRASS TRISHOOL 30   BSH,13
Brass Trishool 36   BSH   K-P,BRASS TRISHOOL 36   BSH,741999,Brass Trishool 36   BSH   K-P BRASS TRISHOOL 36   BSH,13
Brass Bowl Small 1  BSH     K-P,BRASS BOWL SMALL 1  BSH,741999,Brass Bowl Small 1  BSH     K-P BRASS BOWL SMALL 1  BSH,13
Brass Bowl Small 2  BSH  K-P,BRASS BOWL SMALL 2   BSH,741999,Brass Bowl Small 2  BSH  K-P BRASS BOWL SMALL 2   BSH,13
Brass Bowl Small 3   BSH   K-P,BRASS BOWL SMALL 3    BSH,741999,Brass Bowl Small 3   BSH   K-P BRASS BOWL SMALL 3    BSH,13
Brass Pyali Deep 0  BSH   PCS,BRASS PYALI DEEP 0  BSH,741999,Brass Pyali Deep 0  BSH   PCS BRASS PYALI DEEP 0  BSH,13
Brass Pyali Deep 5   BSH   PCS,BRASS PYALI DEEP 5  BSH,741999,Brass Pyali Deep 5   BSH   PCS BRASS PYALI DEEP 5  BSH,13
Brass Pooja Basket  VNS   KG,BRASS POOJA BASKET  VNS,74181022,Brass Pooja Basket  VNS   KG BRASS POOJA BASKET  VNS,26
BRASS AKP VILAKKU 9 SAKT  K-P,BRASS AKP VILAKKU 9 SAKT,741999,BRASS AKP VILAKKU 9 SAKT  K-P BRASS AKP VILAKKU 9 SAKT,13
BRASS AKP VILAKKU 5  SAKT   K-P,BRASS AKP VILAKKU 5 SAKT,741999,BRASS AKP VILAKKU 5  SAKT   K-P BRASS AKP VILAKKU 5 SAKT,13
Brass Kodi Vilakku 1  POP   PCS,BRASS KODI VILAKKU 1  POP,741999,Brass Kodi Vilakku 1  POP   PCS BRASS KODI VILAKKU 1  POP,13
Brass Kodi Vilakku 3  POP  PCS,BRASS KODI VILAKKU 3  POP,741999,Brass Kodi Vilakku 3  POP  PCS BRASS KODI VILAKKU 3  POP,13
Brass Kodi Vilakku 4  POP  PCS,BRASS KODI VILAKKU 4  POP,741999,Brass Kodi Vilakku 4  POP  PCS BRASS KODI VILAKKU 4  POP,13
Brass Fancy Latkan 22 Phool DHIN   K-P,BRASS FANCY LATKAN 22 PHOOL DHIN,741999,Brass Fancy Latkan 22 Phool DHIN   K-P BRASS FANCY LATKAN 22 PHOOL DHIN,13
Brass Chamcha Arthi  LW 1  DHIN  K-P,BRASS CHAMCHA ARTHI  LW 1  DHIN,741999,Brass Chamcha Arthi  LW 1  DHIN  K-P BRASS CHAMCHA ARTHI  LW 1  DHIN,13
Brass Chamcha Arthi  LW 2  DHIN   K-P,BRASS CHAMCHA ARTHI  LW 2  DHIN,741999,Brass Chamcha Arthi  LW 2  DHIN   K-P BRASS CHAMCHA ARTHI  LW 2  DHIN,13
Brass Chamcha Arthi  LW 3  DHIN  K-P,BRASS CHAMCHA ARTHI  LW 3  DHIN,741999,Brass Chamcha Arthi  LW 3  DHIN  K-P BRASS CHAMCHA ARTHI  LW 3  DHIN,13
Brass  Thavi  ARF   PCS,BRASS  THAVI  ARF,741810,Brass  Thavi  ARF   PCS BRASS  THAVI  ARF,9
Brass Chattukam  ARF  PCS,BRASS CHATTUKAM  ARF,741810,Brass Chattukam  ARF  PCS BRASS CHATTUKAM  ARF,9
Brass Bowl  ARF  PCS,BRASS BOWL  ARF  ARF,741810,Brass Bowl  ARF  PCS BRASS BOWL  ARF  ARF,9
Wood Jewel Box Brs/Spl 10*6  MENH  PCS,WOOD JEWEL BOX BRS/SPL 10*6  MENH,441900,Wood Jewel Box Brs/Spl 10*6  MENH  PCS WOOD JEWEL BOX BRS/SPL 10*6  MENH,1
Wood Jewel Box Brs/Spl 8*5  MENH  PCS,WOOD JEWEL BOX BRS/SPL 8*5  MENH,441900,Wood Jewel Box Brs/Spl 8*5  MENH  PCS WOOD JEWEL BOX BRS/SPL 8*5  MENH,1
Wood Chowki B/L 12*12  MENH  PCS,WOOD CHOWKI B/L 12*12  MENH,441900,Wood Chowki B/L 12*12  MENH  PCS WOOD CHOWKI B/L 12*12  MENH,1
Wood Chowki B/L 15*15  MENH  PCS,WOOD CHOWKI B/L 15*15  MENH,441900,Wood Chowki B/L 15*15  MENH  PCS WOOD CHOWKI B/L 15*15  MENH,1
Brass Step Paatthi Vilakku  KPS  KG,BRASS STEP PAATTHI VILAKKU  KPS,741999,Brass Step Paatthi Vilakku  KPS  KG BRASS STEP PAATTHI VILAKKU  KPS,13
Brass Bowl Handi N   KPS  KG,BRASS BOWL HANDI N   KPS,741999,Brass Bowl Handi N   KPS  KG BRASS BOWL HANDI N   KPS,13
Brass AKP Lamp  KPS  KG,BRASS AKP LAMP  KPS,741999,Brass AKP Lamp  KPS  KG BRASS AKP LAMP  KPS,13
Brass AKP Lamp New  KPS  KG,BRASS AKP LAMP NEW  KPS,741999,Brass AKP Lamp New  KPS  KG BRASS AKP LAMP NEW  KPS,13
Brass Half Para 4 to 5  KPS  KG,BRASS HALF PARA 4 TO 5  KPS,741999,Brass Half Para 4 to 5  KPS  KG BRASS HALF PARA 4 TO 5  KPS,13
Brass Halwa Kattoori  ADV  K-P,BRASS HALWA KATTOORI  ADV,741810,Brass Halwa Kattoori  ADV  K-P BRASS HALWA KATTOORI  ADV,9
Brass Urunda OD Montha 8  Chiran   K-P,BRASS URUNDA OD MONTHA 8  CHIRAN,741810,Brass Urunda OD Montha 8  Chiran   K-P BRASS URUNDA OD MONTHA 8  CHIRAN,9
Brass Montha 8  Chiran  K-P,BRASS MONTHA 8  CHIRAN,741810,Brass Montha 8  Chiran  K-P BRASS MONTHA 8  CHIRAN,9
Copper Montha 11 Chiran      K-P,COPPER MONTHA 11 CHIRAN,741810,Copper Montha 11 Chiran      K-P COPPER MONTHA 11 CHIRAN,9
Copper Montha 10 Chiran   K-P,COPPER MONTHA 10 CHIRAN,741810,Copper Montha 10 Chiran   K-P COPPER MONTHA 10 CHIRAN,9
Copper Montha 8 Chiran  K-P,COPPER MONTHA 8 CHIRAN,741810,Copper Montha 8 Chiran  K-P COPPER MONTHA 8 CHIRAN,9
Copper Montha 9  Chiran  K-P,COPPER MONTHA 9 CHIRAN,741810,Copper Montha 9  Chiran  K-P COPPER MONTHA 9 CHIRAN,9
Copper Montha 12  Chiran    K-P,COPPER MONTHA 12  CHIRAN,741810,Copper Montha 12  Chiran    K-P COPPER MONTHA 12  CHIRAN,9
Brass Bowl  Large 1  BSH    K-P,BRASS BOWL  LARGE 1   BSH,741999,Brass Bowl  Large 1  BSH    K-P BRASS BOWL  LARGE 1   BSH,13
Brass Bowl  Large 2  BSH  k-p,BRASS BOWL  LARGE 2   BSH,741999,Brass Bowl  Large 2  BSH  k-p BRASS BOWL  LARGE 2   BSH,13
Brass Bowl  Large 3  BSH  K-P,BRASS BOWL  LARGE 3   BSH,741999,Brass Bowl  Large 3  BSH  K-P BRASS BOWL  LARGE 3   BSH,13
Brass Spl Dancing Ghunghroo Patta 3 line  SLXT  PCS,BRASS SPL DANCING GHUNGHROO PATTA 3 LINE  SLXT,92030010,Brass Spl Dancing Ghunghroo Patta 3 line  SLXT  PCS BRASS SPL DANCING GHUNGHROO PATTA 3 LINE  SLXT,39
Brass Spl Dancing Ghunghroo Patta 2 line  SLXT PCS,BRASS SPL DANCING GHUNGHROO PATTA 2 LINE  SLXT,92030010,Brass Spl Dancing Ghunghroo Patta 2 line  SLXT PCS BRASS SPL DANCING GHUNGHROO PATTA 2 LINE  SLXT,39
Brass Spl Dancing Ghunghroo Patta 4 line  SLXT  PCS,BRASS SPL DANCING GHUNGHROO PATTA 4 LLINE  SLXT,92030010,Brass Spl Dancing Ghunghroo Patta 4 line  SLXT  PCS BRASS SPL DANCING GHUNGHROO PATTA 4 LLINE  SLXT,39
Brass Spl Dancing Ghunghroo Patta 5 line  SLXT  PCS,BRASS SPL DANCING GHUNGHROO PATTA 5 LLINE  SLXT,92030010,Brass Spl Dancing Ghunghroo Patta 5 line  SLXT  PCS BRASS SPL DANCING GHUNGHROO PATTA 5 LLINE  SLXT,39
Brass Spl Pancha Mahal 1 SAI  K-P,BRASS SPL PANCHA MAHAL 1 SAI,741999,Brass Spl Pancha Mahal 1 SAI  K-P BRASS SPL PANCHA MAHAL 1 SAI,13
Brass Spl Pancha Mahal 2  SAI  K-P,BRASS SPL PANCHA MAHAL 2  SAI,741999,Brass Spl Pancha Mahal 2  SAI  K-P BRASS SPL PANCHA MAHAL 2  SAI,13
Brass Spl Pancha Mahal 3  SAI  K-P,BRASS SPL PANCHA MAHAL 3  SAI,741999,Brass Spl Pancha Mahal 3  SAI  K-P BRASS SPL PANCHA MAHAL 3  SAI,13
Brass Deevla  Arthi 3  SAI       K-P,BRASS DEEVLA  ARTHI 3  SAI,741999,Brass Deevla  Arthi 3  SAI       K-P BRASS DEEVLA  ARTHI 3  SAI,13
Brass Kamal Bowl Diya 0 KGB  PCS,BRASS KAMAL BOWL DIYA 0 KGB,741999,Brass Kamal Bowl Diya 0 KGB  PCS BRASS KAMAL BOWL DIYA 0 KGB,13
Brass Kamal Bowl Diya 1 KGB   PCS,BRASS KAMAL BOWL DIYA 1 KGB,741999,Brass Kamal Bowl Diya 1 KGB   PCS BRASS KAMAL BOWL DIYA 1 KGB,13
Brass 5 Stand Diya  KGB  PCS,BRASS 5 STAND DIYA  KGB,741999,Brass 5 Stand Diya  KGB  PCS BRASS 5 STAND DIYA  KGB,13
Brass 3 Stand Diya  KGB  PCS,BRASS 3 STAND DIYA  KGB,741999,Brass 3 Stand Diya  KGB  PCS BRASS 3 STAND DIYA  KGB,13
Brass 5 Step Diya  KGB  PCS,BRASS 5 STEP DIYA  KGB,741999,Brass 5 Step Diya  KGB  PCS BRASS 5 STEP DIYA  KGB,13
Brass  Om  Diya  KGB  PCS,BRASS  OM  DIYA  KGB,741999,Brass  Om  Diya  KGB  PCS BRASS  OM  DIYA  KGB,13
Brass 3 Step Diya  KGB   PCS,BRASS 3 STEP DIYA  KGB,741999,Brass 3 Step Diya  KGB   PCS BRASS 3 STEP DIYA  KGB,13
Brass Swasthik Diya  KGB  PCS,BRASS SWASTHIK  DIYA  KGB,741999,Brass Swasthik Diya  KGB  PCS BRASS SWASTHIK  DIYA  KGB,13
Brass Agarden Peacock  RMH  PCS,BRASS AGARDEN PEACOCK  RMH,741999,Brass Agarden Peacock  RMH  PCS BRASS AGARDEN PEACOCK  RMH,13
Brass 2 Leaf Table Big Base  MHJN  K-P,BRASS 2 LEAF TABLE BIG BASE  MHJN,83062910,Brass 2 Leaf Table Big Base  MHJN  K-P BRASS 2 LEAF TABLE BIG BASE  MHJN,36
Brass Flower Stand  MHJN  K-P,BRASS FLOWER STAND  MHJN,830629,Brass Flower Stand  MHJN  K-P BRASS FLOWER STAND  MHJN,17
Brass 1 Leaf Table Round  MHJN  K-P,BRASS 1 LEAF TABLE ROUND  MHJN,830629,Brass 1 Leaf Table Round  MHJN  K-P BRASS 1 LEAF TABLE ROUND  MHJN,17
Brass Leaf Table  MHJN  K-P,BRASS LEAF TABLE  MHJN,830629,Brass Leaf Table  MHJN  K-P BRASS LEAF TABLE  MHJN,17
Brass Annapakshi Lamp Ant  MHJN  K-P,BRASS ANNAPAKSHI LAMP ANT  MHJN,830629,Brass Annapakshi Lamp Ant  MHJN  K-P BRASS ANNAPAKSHI LAMP ANT  MHJN,17
Brass Frame Ram Panchayat  MHJN  K-P,BRASS FRAME RAM PANCHAYAT  MHJN,830629,Brass Frame Ram Panchayat  MHJN  K-P BRASS FRAME RAM PANCHAYAT  MHJN,17
Brass T Balaji  MHJN  K-P,BRASS T BALAJI  MHJN,830629,Brass T Balaji  MHJN  K-P BRASS T BALAJI  MHJN,17
Brass Kalash Big  MHJN  K-P,BRASS KALASH BIG  MHJN,830629,Brass Kalash Big  MHJN  K-P BRASS KALASH BIG  MHJN,17
Brass Tree  MHJN  K-P,BRASS TREE  MHJN,830629,Brass Tree  MHJN  K-P BRASS TREE  MHJN,17
Brass Krishna Face Hanging  MHJN  K-P,BRASS KRISHNA FACE HANGING  MHJN,830629,Brass Krishna Face Hanging  MHJN  K-P BRASS KRISHNA FACE HANGING  MHJN,17
Brass Nandhi  MHJN  K-P,BRASS NANDHI  MHJN,830629,Brass Nandhi  MHJN  K-P BRASS NANDHI  MHJN,17
Brass Ramdarbar Set  MHJN  k-P,BRASS RAMDARBAR SET  MHJN,830629,Brass Ramdarbar Set  MHJN  k-P BRASS RAMDARBAR SET  MHJN,17
Brass Radha Krishna Tree Joint  MHJN  K-P,BRASS RADHA KRISHNA TREE JOINT  MHJN,830629,Brass Radha Krishna Tree Joint  MHJN  K-P BRASS RADHA KRISHNA TREE JOINT  MHJN,17
Brass Sanku (Baladai) Plain KART   PCS,BRASS SANKU (BALADAI) PLAIN KART,741810,Brass Sanku (Baladai) Plain KART   PCS BRASS SANKU (BALADAI) PLAIN KART,9
Brass Sanku (Baladai) Led   KART   PCS,BRASS SANKU (BALADAI) LED   KART,741810,Brass Sanku (Baladai) Led   KART   PCS BRASS SANKU (BALADAI) LED   KART,9
Brass Duck Dopdaani   BNKI     K-P,BRASS DUCK DOPDAANI   BNKI,830629,Brass Duck Dopdaani   BNKI     K-P BRASS DUCK DOPDAANI   BNKI,17
Deevla  SPL 1  SAI   PCS,DEEVLA  SPL 1  SAI,741810,Deevla  SPL 1  SAI   PCS DEEVLA  SPL 1  SAI,9
Deevla  SPL 2  SAI   PCS,DEEVLA  SPL 2  SAI,741810,Deevla  SPL 2  SAI   PCS DEEVLA  SPL 2  SAI,9
Deevla  SPL 3  SAI   PCS,DEEVLA  SPL 3  SAI,741810,Deevla  SPL 3  SAI   PCS DEEVLA  SPL 3  SAI,9
Deevla  SPL 4  SAI    PCS,DEEVLA  SPL 4  SAI,741810,Deevla  SPL 4  SAI    PCS DEEVLA  SPL 4  SAI,9
Brass Appakara  POP  KG,BRASS APPAKARA  POP,741999,Brass Appakara  POP  KG BRASS APPAKARA  POP,13
Brass Frame Krishna BNKI    K-P,BRASS FRAME KRISHNA BNKI,830629,Brass Frame Krishna BNKI    K-P BRASS FRAME KRISHNA BNKI,17
Brass Ag Lotus Bowl-2  KMLH  PCS,BRASS AG LOTUS BOWL-2  KMLH,741999,Brass Ag Lotus Bowl-2  KMLH  PCS BRASS AG LOTUS BOWL-2  KMLH,13
Brass Ag Kamal Deep-3  KMLH  PCS,BRASS AG KAMAL DEEP-3  KMLH,741999,Brass Ag Kamal Deep-3  KMLH  PCS BRASS AG KAMAL DEEP-3  KMLH,13
Brass Salai Pinplate-3  BSH  K-P,BRASS SALAI PINPLATE-3  BSH,741999,Brass Salai Pinplate-3  BSH  K-P BRASS SALAI PINPLATE-3  BSH,13
Brass Step Ladder Deep-5  BSH  PCS,BRASS STEP LADDER DEEP-5  BSH,741999,Brass Step Ladder Deep-5  BSH  PCS BRASS STEP LADDER DEEP-5  BSH,13
Brass Step Ladder Deep-3  BSH  PCS,BRASS STEP LADDER DEEP-3   BSH,741999,Brass Step Ladder Deep-3  BSH  PCS BRASS STEP LADDER DEEP-3   BSH,13
Brass Karpoor Aarti 12  AMRM  PCS,BRASS KARPOOR AARTI 12  AMRM,741999,Brass Karpoor Aarti 12  AMRM  PCS BRASS KARPOOR AARTI 12  AMRM,13
Kamandalam 2  RSH  PCS,KAMANDALAM 2  RSH,741999,Kamandalam 2  RSH  PCS KAMANDALAM 2  RSH,13
Brass Laxmi Deep Plain 1  UNIQ  PCS,BRASS LAXMI DEEP PLAIN 1  UNIQ,741999,Brass Laxmi Deep Plain 1  UNIQ  PCS BRASS LAXMI DEEP PLAIN 1  UNIQ,13
Brass Laxmi Deep Plain 3  UNIQ  PCS,BRASS LAXMI DEEP PLAIN 3  UNIQ,741999,Brass Laxmi Deep Plain 3  UNIQ  PCS BRASS LAXMI DEEP PLAIN 3  UNIQ,13
Brass Laxmi Deep Plain 4  UNIQ   PCS,BRASS LAXMI DEEP PLAIN 4  UNIQ,741999,Brass Laxmi Deep Plain 4  UNIQ   PCS BRASS LAXMI DEEP PLAIN 4  UNIQ,13
TCR SPL Vilakku 24  ZI  PCS,TCR SPL VILAKKU 24  ZI,741810,TCR SPL Vilakku 24  ZI  PCS TCR SPL VILAKKU 24  ZI,9
Brass Hand Mirror 1107 Big  IHC  PCS,BRASS HAND MIRROR 1107 BIG  IHC,741999,Brass Hand Mirror 1107 Big  IHC  PCS BRASS HAND MIRROR 1107 BIG  IHC,13
Brass Candle Stand 834 Big  IHC  PCS,BRASS CANDLE STAND 834 BIG  IHC,741999,Brass Candle Stand 834 Big  IHC  PCS BRASS CANDLE STAND 834 BIG  IHC,13
Brass Candle Stand 869 2  IHC,BRASS CANDLE STAND 869 2  IHC,741999,Brass Candle Stand 869 2  IHC BRASS CANDLE STAND 869 2  IHC,13
Brass Asta Laxmi Gold W/Annam 8  SAI  PCS,BRASS ASTA LAXMI GOLD W/ANNAM 8  SAI,741999,Brass Asta Laxmi Gold W/Annam 8  SAI  PCS BRASS ASTA LAXMI GOLD W/ANNAM 8  SAI,13
Brass Asta Laxmi Gold W/O Annam 8  SAI  PCS,BRASS ASTA LAXMI GOLD W/O ANNAM 8  SAI,741999,Brass Asta Laxmi Gold W/O Annam 8  SAI  PCS BRASS ASTA LAXMI GOLD W/O ANNAM 8  SAI,13
Brass Karumbu Kamakshi Gold 8  SAI  PCS,BRASS KARUMBU KAMAKSHI GOLD 8  SAI,741999,Brass Karumbu Kamakshi Gold 8  SAI  PCS BRASS KARUMBU KAMAKSHI GOLD 8  SAI,13
Brass Tumbler Nagali Dora  SS,BRASS TUMBLER NAGALI DORA  SS,741999,Brass Tumbler Nagali Dora  SS BRASS TUMBLER NAGALI DORA  SS,13
Brass Tumbler Dore Wala  SS  PCS,BRASS TUMBLER DORE WALA  SS,741999,Brass Tumbler Dore Wala  SS  PCS BRASS TUMBLER DORE WALA  SS,13
Brass Tumbler Plain  SS  PCS,BRASS TUMBLER PLAIN  SS,741999,Brass Tumbler Plain  SS  PCS BRASS TUMBLER PLAIN  SS,13
Brass God Statues MF Spl  SBLH  KG,BRASS GOD STATUES MF SPL  SBLH,830629,Brass God Statues MF Spl  SBLH  KG BRASS GOD STATUES MF SPL  SBLH,17
Brass Annapoorani 110  SBLH,BRASS ANNAPOORANI 110  SBLH,830629,Brass Annapoorani 110  SBLH BRASS ANNAPOORANI 110  SBLH,17
Brass Annapoorani 150  SBLH  K-P,BRASS ANNAPOORANI 150  SBLH,830629,Brass Annapoorani 150  SBLH  K-P BRASS ANNAPOORANI 150  SBLH,17
Brass Bala Ram 350  SBLH  K-P,BRASS BALA RAM 350  SBLH,830629,Brass Bala Ram 350  SBLH  K-P BRASS BALA RAM 350  SBLH,17
Brass AKP Spl Vilakku 18  SAKT  PCS,BRASS AKP SPL VILAKKU 18  SAKT,741999,Brass AKP Spl Vilakku 18  SAKT  PCS BRASS AKP SPL VILAKKU 18  SAKT,13
Brass Uduppi Deep Spl 5  SAKT  PCS,BRASS UDUPPI DEEP SPL 5  SAKT,741999,Brass Uduppi Deep Spl 5  SAKT  PCS BRASS UDUPPI DEEP SPL 5  SAKT,13
Brass Sheet Uruli   BSH  KG,BRASS SHEET URULI   BSH,741999,Brass Sheet Uruli   BSH  KG BRASS SHEET URULI   BSH,13
Brass Salai Pin Plate 5  BSH  K-P,BRASS SALAI PIN PLATE 5  BSH,741999,Brass Salai Pin Plate 5  BSH  K-P BRASS SALAI PIN PLATE 5  BSH,13
Brass Salai Pin Plate 4  BSH  K-P,BRASS SALAI PIN PLATE 4  BSH,741999,Brass Salai Pin Plate 4  BSH  K-P BRASS SALAI PIN PLATE 4  BSH,13
Brass Salai Pin Plate 2  BSH  K-P,BRASS SALAI PIN PLATE 2  BSH,741999,Brass Salai Pin Plate 2  BSH  K-P BRASS SALAI PIN PLATE 2  BSH,13
Brass Salai Pin Plate 1  BSH  K-P,BRASS SALAI PIN PLATE 1  BSH,741999,Brass Salai Pin Plate 1  BSH  K-P BRASS SALAI PIN PLATE 1  BSH,13
Brass Kamal Lobandaan  BSH  PCS,BRASS KAMAL LOBANDAAN  BSH,741999,Brass Kamal Lobandaan  BSH  PCS BRASS KAMAL LOBANDAAN  BSH,13
Brass Latkan Kunda LW  DHIN  KG,BRASS LATKAN KUNDA LW  DHIN,741999,Brass Latkan Kunda LW  DHIN  KG BRASS LATKAN KUNDA LW  DHIN,13
Brass Dhoop Kaal 5 DHIN  K-P,BRASS DHOOP KAAL 5 DHIN,741999,Brass Dhoop Kaal 5 DHIN  K-P BRASS DHOOP KAAL 5 DHIN,13
Brass Dhoop Kaal 6 DHIN   K-P,BRASS DHOOP KAAL 6 DHIN,741999,Brass Dhoop Kaal 6 DHIN   K-P BRASS DHOOP KAAL 6 DHIN,13
Frame Mix God Medium  MHDH  PCS,FRAME MIX GOD MEDIUM  MHDH,970300,Frame Mix God Medium  MHDH  PCS FRAME MIX GOD MEDIUM  MHDH,18
Frame Mix God Baby  MHDH  PCS,FRAME MIX GOD BABY  MHDH,970300,Frame Mix God Baby  MHDH  PCS FRAME MIX GOD BABY  MHDH,18
BRASS AKP DLX VILAKKU LINE -7 JB  K-P,BRASS AKP DLX VILAKKU LINE -7,741999,BRASS AKP DLX VILAKKU LINE -7 JB  K-P BRASS AKP DLX VILAKKU LINE -7,13
Brass Jesus Cross Stand LW 6  DHIN  PCS,BRASS JESUS CROSS STAND LW 6  DHIN,741999,Brass Jesus Cross Stand LW 6  DHIN  PCS BRASS JESUS CROSS STAND LW 6  DHIN,13
Brass Jesus Cross Stand LW 8  DHIN  PCS,BRASS JESUS CROSS STAND LW 8  DHIN,741999,Brass Jesus Cross Stand LW 8  DHIN  PCS BRASS JESUS CROSS STAND LW 8  DHIN,13
Brass Jesus Cross Stand LW 10  DHIN  PCS,BRASS JESUS CROSS STAND LW 10  DHIN,741999,Brass Jesus Cross Stand LW 10  DHIN  PCS BRASS JESUS CROSS STAND LW 10  DHIN,13
Brass Jesus Cross Stand LW 12  DHIN  PCS,BRASS JESUS CROSS STAND LW 12  DHIN,741999,Brass Jesus Cross Stand LW 12  DHIN  PCS BRASS JESUS CROSS STAND LW 12  DHIN,13
Brass Jesus Cross Stand LW 14  DHIN   PCS,BRASS JESUS CROSS STAND LW 14  DHIN,741999,Brass Jesus Cross Stand LW 14  DHIN   PCS BRASS JESUS CROSS STAND LW 14  DHIN,13
Brass Lobandan 1  AMRM  PCS,BRASS LOBANDAN 1  AMRM,74199930,Brass Lobandan 1  AMRM  PCS BRASS LOBANDAN 1  AMRM,29
Brass Lobandan 3  AMRM  PCS,BRASS LOBANDAN 3  AMRM,74199930,Brass Lobandan 3  AMRM  PCS BRASS LOBANDAN 3  AMRM,29
Brass Satari Lotta 0  SS  PCS,BRASS SATARI LOTTA 0  SS,741999,Brass Satari Lotta 0  SS  PCS BRASS SATARI LOTTA 0  SS,13
Brass Latkan   AZD  KG,BRASS LATKAN   AZD,741810,Brass Latkan   AZD  KG BRASS LATKAN   AZD,9
Brass Super Kindi 1 SAI  K-P,BRASS SUPER KINDI 1 SAI,741810,Brass Super Kindi 1 SAI  K-P BRASS SUPER KINDI 1 SAI,9
Brass Super Kindi 2 SAI  K-P,BRASS SUPER KINDI 2 SAI,741810,Brass Super Kindi 2 SAI  K-P BRASS SUPER KINDI 2 SAI,9
Brass Super Kindi 3 SAI  K-P,BRASS SUPER KINDI 3 SAI,741810,Brass Super Kindi 3 SAI  K-P BRASS SUPER KINDI 3 SAI,9
Brass beeding Plate Ring 8 RAJTN    K-P,BRASS BEEDING PLATE RING 8 RAJTN,741810,Brass beeding Plate Ring 8 RAJTN    K-P BRASS BEEDING PLATE RING 8 RAJTN,9
Brass Bell Spl,BRASS BELL SPL,741810,Brass Bell Spl BRASS BELL SPL,9
Brass Frame Saraswati  BNKI  K-P,BRASS FRAME SARASWATI  BNKI,83062910,Brass Frame Saraswati  BNKI  K-P BRASS FRAME SARASWATI  BNKI,36
Brass Parath No. 14  VEL  K-P,BRASS PARATH NO. 14  VEL,741810,Brass Parath No. 14  VEL  K-P BRASS PARATH NO. 14  VEL,9
Brass Parath No. 15  VEL  K-P,BRASS PARATH NO. 15  VEL,741810,Brass Parath No. 15  VEL  K-P BRASS PARATH NO. 15  VEL,9
Brass Parath No. 16  VEL  K-P,BRASS PARATH NO. 16  VEL,741810,Brass Parath No. 16  VEL  K-P BRASS PARATH NO. 16  VEL,9
Brass Parath No. 17  VEL  K-P,BRASS PARATH NO. 17  VEL,741810,Brass Parath No. 17  VEL  K-P BRASS PARATH NO. 17  VEL,9
Brass Parath No. 18  VEL  K-P,BRASS PARATH NO. 18  VEL,741810,Brass Parath No. 18  VEL  K-P BRASS PARATH NO. 18  VEL,9
Brass Natraj Antique 24  RMH  K-P,BRASS NATRAJ ANTIQUE 24  RMH,830629,Brass Natraj Antique 24  RMH  K-P BRASS NATRAJ ANTIQUE 24  RMH,17
Brass Mukali Peacock 6  RMH  PCS,BRASS MUKALI PEACOCK 6  RMH,741999,Brass Mukali Peacock 6  RMH  PCS BRASS MUKALI PEACOCK 6  RMH,13
Brass Mukali Peacock 8  RMH  PCS,BRASS MUKALI PEACOCK 8  RMH,741999,Brass Mukali Peacock 8  RMH  PCS BRASS MUKALI PEACOCK 8  RMH,13
Brass Half Para Spl  SWA  KG,BRASS HALF PARA SPL  SWA,74181010,Brass Half Para Spl  SWA  KG BRASS HALF PARA SPL  SWA,24
Brass Kerala Fancy Kalash 6  SWA PCS,BRASS KERALA FANCY KALASH 6  SWA PCS,741810,Brass Kerala Fancy Kalash 6  SWA PCS BRASS KERALA FANCY KALASH 6  SWA PCS,9
Brass Kerala Fancy Kalash 2  SWA PCS,BRASS KERALA FANCY KALASH 2  SWA PCS,741810,Brass Kerala Fancy Kalash 2  SWA PCS BRASS KERALA FANCY KALASH 2  SWA PCS,9
Brass Kerala Fancy Kalash 0  SWA PCS,BRASS KERALA FANCY KALASH 0  SWA PCS,741810,Brass Kerala Fancy Kalash 0  SWA PCS BRASS KERALA FANCY KALASH 0  SWA PCS,9
Brass Panch Mukhi Annam Divya-3 KGB PCS,BRASS PANCH MUKHI ANNAM DIVYA-3 KGB PCS,741999,Brass Panch Mukhi Annam Divya-3 KGB PCS BRASS PANCH MUKHI ANNAM DIVYA-3 KGB PCS,13
Brass Panch Mukhi Annam Divya-4 KGB PCS,BRASS PANCH MUKHI ANNAM DIVYA-4 KGB PCS,741999,Brass Panch Mukhi Annam Divya-4 KGB PCS BRASS PANCH MUKHI ANNAM DIVYA-4 KGB PCS,13
Brass Nandhi 2.5  GV  K-P,BRASS NANDHI 2.5  GV,83062910,Brass Nandhi 2.5  GV  K-P BRASS NANDHI 2.5  GV,36
Brass Panchamukhi Hanuman 4.5  GV  K-P,BRASS PANCHAMUKHI HANUMAN 4.5  GV,83062910,Brass Panchamukhi Hanuman 4.5  GV  K-P BRASS PANCHAMUKHI HANUMAN 4.5  GV,36
Brass Cow and Calf 3  GV  K-P,BRASS COW AND CALF 3  GV,83062910,Brass Cow and Calf 3  GV  K-P BRASS COW AND CALF 3  GV,36
Brass Radha Krishna 6  GV  K-P,BRASS RADHA KRISHNA 6  GV,83062910,Brass Radha Krishna 6  GV  K-P BRASS RADHA KRISHNA 6  GV,36
Brass Round B Radha Krishna 6  GV  K-P,BRASS ROUND B RADHA KRISHNA 6  GV,83062910,Brass Round B Radha Krishna 6  GV  K-P BRASS ROUND B RADHA KRISHNA 6  GV,36
Brass Shivling  BNKI  K-P,BRASS SHIVLING  BNKI,83062910,Brass Shivling  BNKI  K-P BRASS SHIVLING  BNKI,36
Brass D Base Ganesh  BNKI  K-P,BRASS D BASE GANESH  BNKI,83062910,Brass D Base Ganesh  BNKI  K-P BRASS D BASE GANESH  BNKI,36
Brass Garun with Balaji Laxmi  BNKI  K-P,BRASS GARUN WITH BALAJI LAXMI  BNKI,83062910,Brass Garun with Balaji Laxmi  BNKI  K-P BRASS GARUN WITH BALAJI LAXMI  BNKI,36
Brass Shiva  BNKI  PCS,BRASS SHIVA  BNKI,83062910,Brass Shiva  BNKI  PCS BRASS SHIVA  BNKI,36
Brass Frame Hanuman with Sita Ram  BNKI  PCS,BRASS FRAME HANUMAN WITH SITA RAM  BNKI,83062910,Brass Frame Hanuman with Sita Ram  BNKI  PCS BRASS FRAME HANUMAN WITH SITA RAM  BNKI,36
Brass Shiva Parvati  BNKI  K-P,BRASS SHIVA PARVATI  BNKI,83062910,Brass Shiva Parvati  BNKI  K-P BRASS SHIVA PARVATI  BNKI,36
Brass Standing Garunn  BNKI  K-P,BRASS STANDING GARUN  BNKI,83062910,Brass Standing Garunn  BNKI  K-P BRASS STANDING GARUN  BNKI,36
Brass Frame Shiva Parvati  BNKI  K-P,BRASS FRAME SHIVA PARVATI  BNKI,83062910,Brass Frame Shiva Parvati  BNKI  K-P BRASS FRAME SHIVA PARVATI  BNKI,36
Brass Standing Krishna  BNKI  K-P,BRASS STANDING KRISHNA  BNKI,83062910,Brass Standing Krishna  BNKI  K-P BRASS STANDING KRISHNA  BNKI,36
Brass Narsingh Laxmi Nag  BNKI  K-P,BRASS NARSINGH LAXMI NAG  BNKI,83062910,Brass Narsingh Laxmi Nag  BNKI  K-P BRASS NARSINGH LAXMI NAG  BNKI,36
Brass Ram Temple with Ram  BNKI  K-P,BRASS RAM TEMPLE WITH RAM  BNKI,83062910,Brass Ram Temple with Ram  BNKI  K-P BRASS RAM TEMPLE WITH RAM  BNKI,36
Brass Shiiv Family  BNKI  K-P,BRASS SHIV FAMILY  BNKI,83062910,Brass Shiiv Family  BNKI  K-P BRASS SHIV FAMILY  BNKI,36
Brass Shiviv Family  BNKI  K-P,BRASS SHIIVV FAMILY  BNKI,83062910,Brass Shiviv Family  BNKI  K-P BRASS SHIIVV FAMILY  BNKI,36
Brass Kali Shank  BNKI  K-P,BRASS KALI SHANK  BNKI,83062910,Brass Kali Shank  BNKI  K-P BRASS KALI SHANK  BNKI,36
Brass Vishnu Shank  BNKI  K-P,BRASS VISHNU SHANK  BNKI,83062910,Brass Vishnu Shank  BNKI  K-P BRASS VISHNU SHANK  BNKI,36
Brass Annapurna  BNKI  K-P,BRASS ANNAPURNA  BNKI,83062910,Brass Annapurna  BNKI  K-P BRASS ANNAPURNA  BNKI,36
Brass Annapurnaa  BNKI  K-P,BRASS ANNAPURNAA  BNKI,83062910,Brass Annapurnaa  BNKI  K-P BRASS ANNAPURNAA  BNKI,36
Brass Frame Ram Darbarr  BNKI  K-P,BRASS FRAME RAM DARBARR  BNKI,83062910,Brass Frame Ram Darbarr  BNKI  K-P BRASS FRAME RAM DARBARR  BNKI,36
Brass Frame Rame W/O Dasavtar  BNKI  K-P,BRASS FRAME RAME W/O DASAVTAR  BNKI,83062910,Brass Frame Rame W/O Dasavtar  BNKI  K-P BRASS FRAME RAME W/O DASAVTAR  BNKI,36
Brass Temple Bell 5 to 10  RMH  KG,BRASS TEMPLE BELL 5 TO 10  RMH,741999,Brass Temple Bell 5 to 10  RMH  KG BRASS TEMPLE BELL 5 TO 10  RMH,13
Brass AG. Sampath Gamala PB-022   RMH  PCS,BRASS AG. SAMPATH GAMALA PB-022   RMH,741999,Brass AG. Sampath Gamala PB-022   RMH  PCS BRASS AG. SAMPATH GAMALA PB-022   RMH,13
Brass KK Box Minor Single   RMH   PCS,BRASS KK BOX MINOR SINGLE   RMH,741999,Brass KK Box Minor Single   RMH   PCS BRASS KK BOX MINOR SINGLE   RMH,13
Brass KK Box Minor Double   RMH    PCS,BRASS KK BOX MINOR DOUBLE   RMH,741999,Brass KK Box Minor Double   RMH    PCS BRASS KK BOX MINOR DOUBLE   RMH,13
Brass KK Box Minor Salaidar  RMH   PCS,BRASS KK BOX MINOR SALAIDAR  RMH,741999,Brass KK Box Minor Salaidar  RMH   PCS BRASS KK BOX MINOR SALAIDAR  RMH,13
Brass Super AKP 8 to 10  SAI   KG,BRASS SUPER AKP 8 TO 10  SAI,741999,Brass Super AKP 8 to 10  SAI   KG BRASS SUPER AKP 8 TO 10  SAI,13
Brass Bowl 6.5  SAD  K-P,BRASS BOWL 6.5  SAD,741810,Brass Bowl 6.5  SAD  K-P BRASS BOWL 6.5  SAD,9
Brass  Bowl 5.5   SAD  K-P,BRASS  BOWL 5.5   SAD,741810,Brass  Bowl 5.5   SAD  K-P BRASS  BOWL 5.5   SAD,9
Brass Snake  RSH  KG,BRASS SNAKE  RSH,741999,Brass Snake  RSH  KG BRASS SNAKE  RSH,13
Brass Asoka Emblem 4  SWA  PCS,BRASS ASOKA EMBLEM 4   SWA,741810,Brass Asoka Emblem 4  SWA  PCS BRASS ASOKA EMBLEM 4   SWA,9
Brass Asoka Emblem 3  SWA  PCS,BRASS ASOKA EMBLEM 3  SWA,741810,Brass Asoka Emblem 3  SWA  PCS BRASS ASOKA EMBLEM 3  SWA,9
Brass Natraj 14  RMH  K-P,BRASS NATRAJ 14  RMH,830621,Brass Natraj 14  RMH  K-P BRASS NATRAJ 14  RMH,16
Brass Natraj 12  RMH  K-P,BRASS NATRAJ 12  RMH,830621,Brass Natraj 12  RMH  K-P BRASS NATRAJ 12  RMH,16
Brass Ship Bells 112-6  RMH  K-P,BRASS SHIP BELLS 112-6  RMH,830621,Brass Ship Bells 112-6  RMH  K-P BRASS SHIP BELLS 112-6  RMH,16
Brass Ship Bell 112 4 MW  RMH  K-P,BRASS SHIP BELL 112 4 MW  RMH,830621,Brass Ship Bell 112 4 MW  RMH  K-P BRASS SHIP BELL 112 4 MW  RMH,16
Brass Ship Bell 112 5 MW  RMH  K-P,BRASS SHIP BELL 112 5 MW  RMH,830621,Brass Ship Bell 112 5 MW  RMH  K-P BRASS SHIP BELL 112 5 MW  RMH,16
Brass Ship Bell 112 6 MW  RMH  K-P,BRASS SHIP BELL 112 6 MW  RMH,830621,Brass Ship Bell 112 6 MW  RMH  K-P BRASS SHIP BELL 112 6 MW  RMH,16
BRASS AG SAMPATH GAMLA PB-022  RMH  PCS,BRASS AG SAMPATH GAMLA PB-022  RMH,741999,BRASS AG SAMPATH GAMLA PB-022  RMH  PCS BRASS AG SAMPATH GAMLA PB-022  RMH,13
Brass Beeding China Plate 2 3/4  SHLP  K-P,BRASS BEEDING CHINA PLATE 2 3/4  SHLP,741810,Brass Beeding China Plate 2 3/4  SHLP  K-P BRASS BEEDING CHINA PLATE 2 3/4  SHLP,9
Brass Beeding China Plate 3 1/4  SHLP  K-P,BRASS BEEDING CHINA PLATE 3 1/4  SHLP,741810,Brass Beeding China Plate 3 1/4  SHLP  K-P BRASS BEEDING CHINA PLATE 3 1/4  SHLP,9
Brass Spoon Arthy 1  SHLP  PCS,BRASS SPOON ARTHY 1  SHLP,741810,Brass Spoon Arthy 1  SHLP  PCS BRASS SPOON ARTHY 1  SHLP,9
Brass OM Hanging 10  SHLP  PCS,BRASS OM HANGING 10  SHLP,741810,Brass OM Hanging 10  SHLP  PCS BRASS OM HANGING 10  SHLP,9
Brass Pin Tray Curve Plate 1  SHLP  PCS,BRASS PIN TRAY CURVE PLATE 1  SHLP,741810,Brass Pin Tray Curve Plate 1  SHLP  PCS BRASS PIN TRAY CURVE PLATE 1  SHLP,9
Brass Pin Tray Curve Plate 2  SHLP  PCS,BRASS PIN TRAY CURVE PLATE 2  SHLP,741810,Brass Pin Tray Curve Plate 2  SHLP  PCS BRASS PIN TRAY CURVE PLATE 2  SHLP,9
Brass Pin Tray Curve Plate 3  SHLP  PCS,BRASS PIN TRAY CURVE PLATE 3  SHLP,741810,Brass Pin Tray Curve Plate 3  SHLP  PCS BRASS PIN TRAY CURVE PLATE 3  SHLP,9
Brass Pin Tray Curve Plate 4  SHLP  PCS,BRASS PIN TRAY CURVE PLATE 4  SHLP,741810,Brass Pin Tray Curve Plate 4  SHLP  PCS BRASS PIN TRAY CURVE PLATE 4  SHLP,9
Brass Pin Tray Curve Plate 5  SHLP  PCS,BRASS PIN TRAY CURVE PLATE 5  SHLP,741810,Brass Pin Tray Curve Plate 5  SHLP  PCS BRASS PIN TRAY CURVE PLATE 5  SHLP,9
Brass Agardan Pyali 2  SHLP  PCS,BRASS AGARDAN PYALI 2  SHLP,741810,Brass Agardan Pyali 2  SHLP  PCS BRASS AGARDAN PYALI 2  SHLP,9
Brass Uruli 2 1/2  SHLP  PCS,BRASS URULI 2 1/2  SHLP  PCS,741810,Brass Uruli 2 1/2  SHLP  PCS BRASS URULI 2 1/2  SHLP  PCS,9
Brass Uruli 3 1/2  SHLP  PCS,BRASS URULI 3 1/2  SHLP  PCS,741810,Brass Uruli 3 1/2  SHLP  PCS BRASS URULI 3 1/2  SHLP  PCS,9
Dhoom Kuthu Vilakku Box  OMM  PCS,DHOOM KUTHU VILAKKU BOX  OMM,741810,Dhoom Kuthu Vilakku Box  OMM  PCS DHOOM KUTHU VILAKKU BOX  OMM,9
Brass Shank Chakra Namma  BNKI  SET,BRASS SHANK CHAKRA NAMMA  BNKI,83062910,Brass Shank Chakra Namma  BNKI  SET BRASS SHANK CHAKRA NAMMA  BNKI,36
Brass Small Leg Deepak  BNKI  K-P,BRASS SMALL LEG DEEPAK  BNKI,83062910,Brass Small Leg Deepak  BNKI  K-P BRASS SMALL LEG DEEPAK  BNKI,36
Brass Krishna   BNKI  K-P,BRASS KRISHNA   BNKI,83062910,Brass Krishna   BNKI  K-P BRASS KRISHNA   BNKI,36
Brass Dog 2  RMH  PCS,BRASS DOG 2  RMH,741999,Brass Dog 2  RMH  PCS BRASS DOG 2  RMH,13
Brass Tree Krishnaa  BNKI  K-P,BRASS TREE KRISHNA  BNKI,83062910,Brass Tree Krishnaa  BNKI  K-P BRASS TREE KRISHNA  BNKI,36
Brass Balaji Temple  BNKI  K-P,BRASS BALAJI TEMPLE  BNKI,83062910,Brass Balaji Temple  BNKI  K-P BRASS BALAJI TEMPLE  BNKI,36
Brass Gol Base Ganeshh  BNKI  K-P,BRASS GOL BASE GANESHH  BNKI,83062910,Brass Gol Base Ganeshh  BNKI  K-P BRASS GOL BASE GANESHH  BNKI,36
Brass Cow Krishhna  BNKI  K-P,BRASS COW KRISHHNA  BNKI,83062910,Brass Cow Krishhna  BNKI  K-P BRASS COW KRISHHNA  BNKI,36
Brass Mahabharath New Design Lamp  SUPFB  KG,BRASS MAHABHARATH NEW DESIGN LAMP  SUPFB,741810,Brass Mahabharath New Design Lamp  SUPFB  KG BRASS MAHABHARATH NEW DESIGN LAMP  SUPFB,9
Brass Arjun Samay Lamp  SUPFB  KG,BRASS ARJUN SAMAY LAMP  SUPFB,741810,Brass Arjun Samay Lamp  SUPFB  KG BRASS ARJUN SAMAY LAMP  SUPFB,9
Brass Gada 9  KART  PCS,BRASS GADA 9  KART,741810,Brass Gada 9  KART  PCS BRASS GADA 9  KART,9
Brass Sivalingam 1  RMH  PCS,BRASS SIVALINGAM 1  RMH,741999,Brass Sivalingam 1  RMH  PCS BRASS SIVALINGAM 1  RMH,13
Brass Sivalingam 2  RMH  PCS,BRASS SIVALINGAM 2  RMH,741999,Brass Sivalingam 2  RMH  PCS BRASS SIVALINGAM 2  RMH,13
Brass Sivalingam 3  RMH  PCS,BRASS SIVALINGAM 3  RMH,741999,Brass Sivalingam 3  RMH  PCS BRASS SIVALINGAM 3  RMH,13
Brass Kachua with Plate 00  KMLH  PCS,BRASS KACHUA WITH PLATE 00  KMLH,741999,Brass Kachua with Plate 00  KMLH  PCS BRASS KACHUA WITH PLATE 00  KMLH,13
Elephant Solid VIRN  LKH  PCS,ELEPHANT SOLID VIRN  LKH,830621,Elephant Solid VIRN  LKH  PCS ELEPHANT SOLID VIRN  LKH,16
Brass Ganesh Frame  BNKI  K-P,BRASS GANESH FRAME  BNKI,830629,Brass Ganesh Frame  BNKI  K-P BRASS GANESH FRAME  BNKI,17
Brass Embosed Sheet Varp  SWA  KG,BRASS EMBOSED SHEET VARP  SWA,741810,Brass Embosed Sheet Varp  SWA  KG BRASS EMBOSED SHEET VARP  SWA,9
Brass Ganga Arti No. 1  KMLH  PCS,BRASS GANGA ARTI NO. 1  KMLH,741999,Brass Ganga Arti No. 1  KMLH  PCS BRASS GANGA ARTI NO. 1  KMLH,13
Brass Ganga Arti No. 2  KMLH  PCS,BRASS GANGA ARTI NO. 2  KMLH,741999,Brass Ganga Arti No. 2  KMLH  PCS BRASS GANGA ARTI NO. 2  KMLH,13
Brass Ganga Arti No. 3  KMLH   PCS,BRASS GANGA ARTI NO. 3  KMLH,741999,Brass Ganga Arti No. 3  KMLH   PCS BRASS GANGA ARTI NO. 3  KMLH,13
Lalten Udpi with Glass No. 1  KMLH  PCS,LALTEN UDPI WITH GLASS NO. 1  KMLH,741999,Lalten Udpi with Glass No. 1  KMLH  PCS LALTEN UDPI WITH GLASS NO. 1  KMLH,13
Lalten Udpi with Glass No. 2  KMLH  PCS,LALTEN UDPI WITH GLASS NO. 2  KMLH,741999,Lalten Udpi with Glass No. 2  KMLH  PCS LALTEN UDPI WITH GLASS NO. 2  KMLH,13
Brass Tasla No. 1  KMLH  K-P,BRASS TASLA NO. 1  KMLH,741999,Brass Tasla No. 1  KMLH  K-P BRASS TASLA NO. 1  KMLH,13
Copper Som Sutra No. 10  KMLH  K-P,COPPER SOM SUTRA NO. 10  KMLH,741999,Copper Som Sutra No. 10  KMLH  K-P COPPER SOM SUTRA NO. 10  KMLH,13
Copper Som Sutra No. 12  KMLH  K-P,COPPER SOM SUTRA NO. 12  KMLH,741999,Copper Som Sutra No. 12  KMLH  K-P COPPER SOM SUTRA NO. 12  KMLH,13
Brass Kerala Fancy Step 10.5inch  KMLH  PCS,BRASS KERALA FANCY STEP 10.5INCH  KMLH,741999,Brass Kerala Fancy Step 10.5inch  KMLH  PCS BRASS KERALA FANCY STEP 10.5INCH  KMLH,13
Wooden Para 11*11 Yellow Colour  MENH  PCS,WOODEN PARA 11*11 YELLOW COLOUR  MENH,441900,Wooden Para 11*11 Yellow Colour  MENH  PCS WOODEN PARA 11*11 YELLOW COLOUR  MENH,1
Brass Paneer Shembhu 12  NMIT  PCS,BRASS PANEER SHEMBHU 12  NMIT,741810,Brass Paneer Shembhu 12  NMIT  PCS BRASS PANEER SHEMBHU 12  NMIT,9
Brass Paneer Shembhu 10  NMIT  PCS,BRASS PANEER SHEMBHU 10  NMIT,741810,Brass Paneer Shembhu 10  NMIT  PCS BRASS PANEER SHEMBHU 10  NMIT,9
Wood Jewel Box 6*4  DIVI,WOOD JEWEL BOX 6*4  DIVI,44190010,Wood Jewel Box 6*4  DIVI WOOD JEWEL BOX 6*4  DIVI,20
Wood Jewel Box 7*5  DIVI,WOOD JEWEL BOX 7*5  DIVI,44190010,Wood Jewel Box 7*5  DIVI WOOD JEWEL BOX 7*5  DIVI,20
Wood Jewel Box 8*5  DIVI,WOOD JEWEL BOX 8*5  DIVI,44190010,Wood Jewel Box 8*5  DIVI WOOD JEWEL BOX 8*5  DIVI,20
GANESH GOLE MEDIUM WHITE  AND  PCS,GANESH GOLE MEDIUM WHITE  AND,83061000,GANESH GOLE MEDIUM WHITE  AND  PCS GANESH GOLE MEDIUM WHITE  AND,33
GANESH SINGHASAN WHITE  AND  PCS,GANESH SINGHASAN WHITE  AND,83061000,GANESH SINGHASAN WHITE  AND  PCS GANESH SINGHASAN WHITE  AND,33
WHITE ASHTA GANESH 17 AND  PCS,WHITE ASHTA GANESH 17 AND,83061000,WHITE ASHTA GANESH 17 AND  PCS WHITE ASHTA GANESH 17 AND,33
WHITE GANESH GOLE 19 AND  PCS,WHITE GANESH GOLE 19 AND,83061000,WHITE GANESH GOLE 19 AND  PCS WHITE GANESH GOLE 19 AND,33
GANESH GOLE NO.5 WHITE  AND  PCS,GANESH GOLE NO.5 WHITE  AND,83061000,GANESH GOLE NO.5 WHITE  AND  PCS GANESH GOLE NO.5 WHITE  AND,33
GANESH MAHARAJA WHITE  AND  PCS,GANESH MAHARAJA WHITE  AND,83061000,GANESH MAHARAJA WHITE  AND  PCS GANESH MAHARAJA WHITE  AND,33
WHITE GANESHH GOLE 19 AND  PCS,WHITE GANESHH GOLE 19 AND,83061000,WHITE GANESHH GOLE 19 AND  PCS WHITE GANESHH GOLE 19 AND,33
GANESH NEW WHITE  AND  PCS,GANESH NEW WHITE  AND,83061000,GANESH NEW WHITE  AND  PCS GANESH NEW WHITE  AND,33
GANESH KAMAL MEDIUM WHITE  AND  PCS,GANESH KAMAL MEDIUM WHITE  AND,83061000,GANESH KAMAL MEDIUM WHITE  AND  PCS GANESH KAMAL MEDIUM WHITE  AND,33
GANESH MAHARAJ WHITE  AND  PCS,GANESH MAHARAJ WHITE  AND,83061000,GANESH MAHARAJ WHITE  AND  PCS GANESH MAHARAJ WHITE  AND,33
GANESH 6 CORNER WHITE  AND  PCS,GANESH 6 CORNER WHITE  AND,83061000,GANESH 6 CORNER WHITE  AND  PCS GANESH 6 CORNER WHITE  AND,33
GANESH GOLE SMALL WHITE  AND  PCS,GANESH GOLE SMALL WHITE  AND,83061000,GANESH GOLE SMALL WHITE  AND  PCS GANESH GOLE SMALL WHITE  AND,33
GANESH CHOWKI WHITE  AND  PCS,GANESH CHOWKI WHITE  AND,83061000,GANESH CHOWKI WHITE  AND  PCS GANESH CHOWKI WHITE  AND,33
KRISHNA GOLE WHITE  AND  PCS,KRISHNA GOLE WHITE  AND,83061000,KRISHNA GOLE WHITE  AND  PCS KRISHNA GOLE WHITE  AND,33
GANESH KAMAL BIG WHITE  AND  PCS,GANESH KAMAL BIG WHITE  AND,83061000,GANESH KAMAL BIG WHITE  AND  PCS GANESH KAMAL BIG WHITE  AND,33
GANESH SINGHASAN SMALL WHITE  AND,GANESH SINGHASAN SMALL WHITE  AND,83061000,GANESH SINGHASAN SMALL WHITE  AND GANESH SINGHASAN SMALL WHITE  AND,33
GANESH OVAL SPL WHITE  AND  PCS,GANESH OVAL SPL WHITE  AND,83061000,GANESH OVAL SPL WHITE  AND  PCS GANESH OVAL SPL WHITE  AND,33
Jeno Horse White  AND  PCS,JENO HORSE WHITE  AND,83061000,Jeno Horse White  AND  PCS JENO HORSE WHITE  AND,33
NATRAJ WHITE  AND  PCS,NATRAJ WHITE  AND,83061000,NATRAJ WHITE  AND  PCS NATRAJ WHITE  AND,33
GANESHH CHOWKI WHITE  AND  PCS,GANESH CHOWKI WHITE  AND,83061000,GANESHH CHOWKI WHITE  AND  PCS GANESH CHOWKI WHITE  AND,33
SARASWATI GOLE WHITE  AND  PCS,SARASWATI GOLE WHITE  AND,83061000,SARASWATI GOLE WHITE  AND  PCS SARASWATI GOLE WHITE  AND,33
SARASWATI CHOWKI WHITE  AND,SARASWATI CHOWKI WHITE  AND,83061000,SARASWATI CHOWKI WHITE  AND SARASWATI CHOWKI WHITE  AND,33
SARASWATI SMALL WHITE  AND,SARASWATI SMALL WHITE  AND,83061000,SARASWATI SMALL WHITE  AND SARASWATI SMALL WHITE  AND,33
SARASWATI GANESH SMALL WHITE  AND  PCS,SARASWATI GANESH SMALL WHITE  AND,83061000,SARASWATI GANESH SMALL WHITE  AND  PCS SARASWATI GANESH SMALL WHITE  AND,33
LADOO GOPAL WHITE  AND  PCS,LADOO GOPAL WHITE  AND,83061000,LADOO GOPAL WHITE  AND  PCS LADOO GOPAL WHITE  AND,33
NATRAJJ WHITE  AND  PCS,NATRAJ WHITE  AND,83061000,NATRAJJ WHITE  AND  PCS NATRAJ WHITE  AND,33
KRISHNA ROYAL SMALL WHITE  AND  PCS,KRISHNA ROYAL SMALL WHITE  AND,83061000,KRISHNA ROYAL SMALL WHITE  AND  PCS KRISHNA ROYAL SMALL WHITE  AND,33
GANESH WHITE  AND  PCS,GANESH WHITE  AND,83061000,GANESH WHITE  AND  PCS GANESH WHITE  AND,33
Laxmi White  AND  PCS,LAXMI WHITE  AND,83061000,Laxmi White  AND  PCS LAXMI WHITE  AND,33
GANESH MEDIUM WHITE  AND  PCS,GANESH MEDIUM WHITE  AND,83061000,GANESH MEDIUM WHITE  AND  PCS GANESH MEDIUM WHITE  AND,33
Laxmi Medium White  AND  PCS,LAXMI MEDIUM WHITE  AND,83061000,Laxmi Medium White  AND  PCS LAXMI MEDIUM WHITE  AND,33
RADHA KRISHNA PEACOCK WHITE  AND  PCS,RADHA KRISHNA PEACOCK WHITE  AND,83061000,RADHA KRISHNA PEACOCK WHITE  AND  PCS RADHA KRISHNA PEACOCK WHITE  AND,33
NATRAAJ WHITE  AND  PCS,NATRAAJ WHITE  AND,83061000,NATRAAJ WHITE  AND  PCS NATRAAJ WHITE  AND,33
RADHA KRISHNA ROYAL WHITE  AND  PCS,RADHA KRISHNA ROYAL WHITE  AND,83061000,RADHA KRISHNA ROYAL WHITE  AND  PCS RADHA KRISHNA ROYAL WHITE  AND,33
RADHA KRISHNA PLAIN WHITE  AND  PCS,RADHA KRISHNA PLAIN WHITE  AND,83061000,RADHA KRISHNA PLAIN WHITE  AND  PCS RADHA KRISHNA PLAIN WHITE  AND,33
RADHA KRISH PLAIN WHITE  AND  PCS,RADHA KRISH PLAIN WHITE  AND,83061000,RADHA KRISH PLAIN WHITE  AND  PCS RADHA KRISH PLAIN WHITE  AND,33
Radha Krishh Plain White  AND  PCS,RADHA KRISHH PLAIN WHITE  AND,83061000,Radha Krishh Plain White  AND  PCS RADHA KRISHH PLAIN WHITE  AND,33
KRISHNA SMALL WHITE  AND  PCS,KRISHNA SMALL WHITE  AND,83061000,KRISHNA SMALL WHITE  AND  PCS KRISHNA SMALL WHITE  AND,33
KRISHNA BABY WHITE  AND  PCS,KRISHNA BABY WHITE  AND,83061000,KRISHNA BABY WHITE  AND  PCS KRISHNA BABY WHITE  AND,33
JUNGLE HORSE BIG WHITE  AND  PCS,JUNGLE HORSE BIG WHITE  AND,83061000,JUNGLE HORSE BIG WHITE  AND  PCS JUNGLE HORSE BIG WHITE  AND,33
Horse Small White  AND  PCS,HORSE SMALL WHITE  AND,83061000,Horse Small White  AND  PCS HORSE SMALL WHITE  AND,33
JUNGLE HORSE SMALL WHITE  AND  PCS,JUNGLE HORSE SMALL WHITE  AND,83061000,JUNGLE HORSE SMALL WHITE  AND  PCS JUNGLE HORSE SMALL WHITE  AND,33
KASHI KRISHNA WHITE  AND  PCS,KASHI KRISHNA WHITE  AND,83061000,KASHI KRISHNA WHITE  AND  PCS KASHI KRISHNA WHITE  AND,33
Brass AKP Dlx Plain Vilakku 7   JBE   K-P,BRASS AKP DLX PLAIN VILAKKU 7   JBE,741810,Brass AKP Dlx Plain Vilakku 7   JBE   K-P BRASS AKP DLX PLAIN VILAKKU 7   JBE,9
Brass AKP Dlx Plain Vilakku 8   JBE   K-P,BRASS AKP DLX PLAIN VILAKKU 8   JBE,741810,Brass AKP Dlx Plain Vilakku 8   JBE   K-P BRASS AKP DLX PLAIN VILAKKU 8   JBE,9
Brass Fancy Latkan 5 Phool DHIN,BRASS FANCY LATKAN 5 PHOOL DHIN,741999,Brass Fancy Latkan 5 Phool DHIN BRASS FANCY LATKAN 5 PHOOL DHIN,13
Brass Fancy Latkan 8 Phool DHIN,BRASS FANCY LATKAN 8 PHOOL DHIN,741999,Brass Fancy Latkan 8 Phool DHIN BRASS FANCY LATKAN 8 PHOOL DHIN,13
Brass Fancy Latkan 14 Phool DHIN,BRASS FANCY LATKAN 14 PHOOL DHIN,741999,Brass Fancy Latkan 14 Phool DHIN BRASS FANCY LATKAN 14 PHOOL DHIN,13
3 tier Cake Stand  NHC  PCS,3 TIER CAKE STAND  NHC,83061000,3 tier Cake Stand  NHC  PCS 3 TIER CAKE STAND  NHC,33
1 tier Cake Stand  NHC  PCS,1 TIER CAKE STAND  NHC,83061000,1 tier Cake Stand  NHC  PCS 1 TIER CAKE STAND  NHC,33
Star Cake Stand  NHC  PCS,STAR CAKE STAND  NHC,83061000,Star Cake Stand  NHC  PCS STAR CAKE STAND  NHC,33
Heart 2 Tier Cake Stand  NHC  PCS,HEART 2 TIER CAKE STAND  NHC,83061000,Heart 2 Tier Cake Stand  NHC  PCS HEART 2 TIER CAKE STAND  NHC,33
Round 2 Tier Cake Stand  NHC  PCS,ROUND 2 TIER CAKE STAND  NHC,83061000,Round 2 Tier Cake Stand  NHC  PCS ROUND 2 TIER CAKE STAND  NHC,33
Brass Bowl 9  RAJTN  K-P,BRASS BOWL 9  RAJTN.,741810,Brass Bowl 9  RAJTN  K-P BRASS BOWL 9  RAJTN.,9
BRASS DABARA 3  RAJTN  K-P,BRASS DABARA 3  RAJTN,741810,BRASS DABARA 3  RAJTN  K-P BRASS DABARA 3  RAJTN,9
Brass Pot Pana  ASB  KG,BRASS POT PANA  ASB,741999,Brass Pot Pana  ASB  KG BRASS POT PANA  ASB,13
Brass Ettapally Spl Vilaku No. 6  DHIN  K-P,BRASS ETTAPALLY SPL VILAKU NO. 6  DHIN,741999,Brass Ettapally Spl Vilaku No. 6  DHIN  K-P BRASS ETTAPALLY SPL VILAKU NO. 6  DHIN,13
Brass Ettapally Spl Vilaku No. 7  DHIN  K-P,BRASS ETTAPALLY SPL VILAKU NO. 7  DHIN,741999,Brass Ettapally Spl Vilaku No. 7  DHIN  K-P BRASS ETTAPALLY SPL VILAKU NO. 7  DHIN,13
Brass Uduppi Stand Dana No. 1  DHIN  K-P,BRASS UDUPPI STAND DANA NO. 1  DHIN,741999,Brass Uduppi Stand Dana No. 1  DHIN  K-P BRASS UDUPPI STAND DANA NO. 1  DHIN,13
Brass TCR Vilakku  SR  KG,BRASS TCR VILAKKU  SR,741810,Brass TCR Vilakku  SR  KG BRASS TCR VILAKKU  SR,9
Brass Paatthi Vilakku Bhot  SR  KG,BRASS PAATTHI VILAKKU BHOT  SR,741810,Brass Paatthi Vilakku Bhot  SR  KG BRASS PAATTHI VILAKKU BHOT  SR,9
Brass Bowl Big  SHLP,BRASS BOWL BIG  SHLP,741810,Brass Bowl Big  SHLP BRASS BOWL BIG  SHLP,9
Brass Dabara Set Small  SHLP   PCS,BRASS DABARA SET SMALL  SHLP,741810,Brass Dabara Set Small  SHLP   PCS BRASS DABARA SET SMALL  SHLP,9
Brass Dabara Set Big  SHLP   PCS,BRASS DABARA SET BIG  SHLP,741810,Brass Dabara Set Big  SHLP   PCS BRASS DABARA SET BIG  SHLP,9
ASTA LAKSHMI VILAKU MINI KART        K-P,ASTA LAKSHMI VILAKU MINI KART .,74181010,ASTA LAKSHMI VILAKU MINI KART        K-P ASTA LAKSHMI VILAKU MINI KART .,24
ASTA LAKSHMI VILAKU SMALL KART         K-P,ASTA LAKSHMI VILAKU SMALL KART .,74181010,ASTA LAKSHMI VILAKU SMALL KART         K-P ASTA LAKSHMI VILAKU SMALL KART .,24
ASTA LAKSHMI VILAKU MEDIUM KART        K-P,ASTA LAKSHMI VILAKU MEDIUM KART .,74181010,ASTA LAKSHMI VILAKU MEDIUM KART        K-P ASTA LAKSHMI VILAKU MEDIUM KART .,24
Wood Book Stand Star/Jali 13*7  MENH    pcs,WOOD BOOK STAND STAR/JALI  13*7  MENH,44190010,Wood Book Stand Star/Jali 13*7  MENH    pcs WOOD BOOK STAND STAR/JALI  13*7  MENH,20
BRASS M R BOX VILAKKU 6  MRC   K-P,BRASS M R BOX VILAKKU 6  MRC,741810,BRASS M R BOX VILAKKU 6  MRC   K-P BRASS M R BOX VILAKKU 6  MRC,9
Brass M R Ast Laxmi 3 Vilakku MRC    K-P,BRASS M R AST LAXMI 3 VILAKKU MRC,741810,Brass M R Ast Laxmi 3 Vilakku MRC    K-P BRASS M R AST LAXMI 3 VILAKKU MRC,9
Brass M R Box Vilakku 7  MRC K-P,BRASS M R BOX VILAKKU 7  MRC,741810,Brass M R Box Vilakku 7  MRC K-P BRASS M R BOX VILAKKU 7  MRC,9
BRASS GAURI AMMA SET RMH PCS,BRASS GAURI AMMA SET   RMH,741999,BRASS GAURI AMMA SET RMH PCS BRASS GAURI AMMA SET   RMH,13
BRASS WIND CHIMES MEDIUM PYALA RMH PCS,BRASS WIND CHIMES MEDIUM PYALA  RMH,83062120,BRASS WIND CHIMES MEDIUM PYALA RMH PCS BRASS WIND CHIMES MEDIUM PYALA  RMH,34
BRASS WIND CHIMES 126-2 PYALA  RMH  PCS,BRASS WIND CHIMES 126-2 PYALA   RMH,83062120,BRASS WIND CHIMES 126-2 PYALA  RMH  PCS BRASS WIND CHIMES 126-2 PYALA   RMH,34
BRASS WIND CHIMES 129-3 PYALA  RMH PCS,BRASS WIND CHIMES 129-3 PYALA RMH,83062120,BRASS WIND CHIMES 129-3 PYALA  RMH PCS BRASS WIND CHIMES 129-3 PYALA RMH,34
BRASS FLOWER VASE EMBORSED MW/10   RMH   PCS,BRASS FLOWER VASE EMBORSED MW/10   RMH,83061000,BRASS FLOWER VASE EMBORSED MW/10   RMH   PCS BRASS FLOWER VASE EMBORSED MW/10   RMH,33
BRASS FLOWER VASE EMBORSED MW/8   RMH  PCS,BRASS FLOWER VASE EMBORSED MW/8   RMH,83061000,BRASS FLOWER VASE EMBORSED MW/8   RMH  PCS BRASS FLOWER VASE EMBORSED MW/8   RMH,33
Brass New Fine Krishna with Kamal Base  GV  K-P,BRASS NEW FINE KRISHNA WITH KAMAL BASE  GV,83062910,Brass New Fine Krishna with Kamal Base  GV  K-P BRASS NEW FINE KRISHNA WITH KAMAL BASE  GV,36
Brass Cow Krishna 8  GV  K-P,BRASS COW KRISHNA 8  GV,83062910,Brass Cow Krishna 8  GV  K-P BRASS COW KRISHNA 8  GV,36
Brass Krishna Murali Dhar 7.5  GV  K-P,BRASS KRISHNA MURALI DHAR 7.5  GV,83062910,Brass Krishna Murali Dhar 7.5  GV  K-P BRASS KRISHNA MURALI DHAR 7.5  GV,36
Brass Ganesh  GV  K-P,BRASS GANESH  GV,83062910,Brass Ganesh  GV  K-P BRASS GANESH  GV,36
Brass Laxmi  GV  K-P,BRASS LAXMI  GV,83062910,Brass Laxmi  GV  K-P BRASS LAXMI  GV,36
Brass New Fine Ganesh 6.5  GV  K-P,BRASS NEW FINE GANESH 6.5  GV,83062910,Brass New Fine Ganesh 6.5  GV  K-P BRASS NEW FINE GANESH 6.5  GV,36
Brass Cowki Ganesh 6.5  GV  K-P,BRASS COWKI GANESH 6.5  GV,83062910,Brass Cowki Ganesh 6.5  GV  K-P BRASS COWKI GANESH 6.5  GV,36
Brass Cowki Laxmi 6.5  GV  K-P,BRASS COWKI LAXMI 6.5  GV,83062910,Brass Cowki Laxmi 6.5  GV  K-P BRASS COWKI LAXMI 6.5  GV,36
Brass New Krishna  GV  K-P,BRASS NEW KRISHNA  GV,83062910,Brass New Krishna  GV  K-P BRASS NEW KRISHNA  GV,36
Brass New Krishnaa  GV  K-P,BRASS NEW KRISHNAA  GV,83062910,Brass New Krishnaa  GV  K-P BRASS NEW KRISHNAA  GV,36
Brass Gol Base Krishna 9  GV  K-P,BRASS GOL BASE KRISHNA 9  GV,83062910,Brass Gol Base Krishna 9  GV  K-P BRASS GOL BASE KRISHNA 9  GV,36
Brass New Radha Krishna  GV  K-P,BRASS NEW RADHA KRISHNA  GV,83062910,Brass New Radha Krishna  GV  K-P BRASS NEW RADHA KRISHNA  GV,36
Brass Ganesh 7  GV  K-P,BRASS GANESH 7  GV,83062910,Brass Ganesh 7  GV  K-P BRASS GANESH 7  GV,36
Brass Laxmi 4.5  GV  K-P,BRASS LAXMI 4.5  GV,83062910,Brass Laxmi 4.5  GV  K-P BRASS LAXMI 4.5  GV,36
Brass Ganesh 4.5  GV  K-P,BRASS GANESH 4.5  GV,83062910,Brass Ganesh 4.5  GV  K-P BRASS GANESH 4.5  GV,36
Brass Kartikeyan 15  GV  K-P,BRASS KARTIKEYAN 15  GV,83062910,Brass Kartikeyan 15  GV  K-P BRASS KARTIKEYAN 15  GV,36
Brass Frame Ganesh 4.5  GV  K-P,BRASS FRAME GANESH 4.5  GV,83062910,Brass Frame Ganesh 4.5  GV  K-P BRASS FRAME GANESH 4.5  GV,36
Brass Frame Laxmi 4.5  GV,BRASS FRAME LAXMI 4.5  GV,83062910,Brass Frame Laxmi 4.5  GV BRASS FRAME LAXMI 4.5  GV,36
Brass Frame Saraswati 4.5  GV,BRASS FRAME SARASWATI 4.5  GV,83062910,Brass Frame Saraswati 4.5  GV BRASS FRAME SARASWATI 4.5  GV,36
Brass Frame Laxmi 3.5  GV  PCS,BRASS FRAME LAXMI 3.5  GV,83062910,Brass Frame Laxmi 3.5  GV  PCS BRASS FRAME LAXMI 3.5  GV,36
Brass Frame Ganesh 3.5  GV  PCS,BRASS FRAME GANESH 3.5  GV,83062910,Brass Frame Ganesh 3.5  GV  PCS BRASS FRAME GANESH 3.5  GV,36
Brass Laxmi 4  GV  PCS,BRASS LAXMI 4  GV,83062910,Brass Laxmi 4  GV  PCS BRASS LAXMI 4  GV,36
Brass Ganesh 4  GV  PCS,BRASS GANESH 4  GV,83062910,Brass Ganesh 4  GV  PCS BRASS GANESH 4  GV,36
Brass Ganesh 2  GV  K-P,BRASS GANESH 2  GV,83062910,Brass Ganesh 2  GV  K-P BRASS GANESH 2  GV,36
Brass Laxmi 2  GV  K-P,BRASS LAXMI 2  GV,83062910,Brass Laxmi 2  GV  K-P BRASS LAXMI 2  GV,36
Brass Hanuman Ji 6  GV  K-P,BRASS HANUMAN JI 6  GV,83062910,Brass Hanuman Ji 6  GV  K-P BRASS HANUMAN JI 6  GV,36
Brass Kuber 3.5  GV  K-P,BRASS KUBER 3.5  GV,83062910,Brass Kuber 3.5  GV  K-P BRASS KUBER 3.5  GV,36
Brass Matki Krishna 2.5  GV  K-P,BRASS MATKI KRISHNA 2.5  GV,83062910,Brass Matki Krishna 2.5  GV  K-P BRASS MATKI KRISHNA 2.5  GV,36
Brass Matki Krishna 4  GV  K-P,BRASS MATKI KRISHNA 4  GV,83062910,Brass Matki Krishna 4  GV  K-P BRASS MATKI KRISHNA 4  GV,36
Brass Matki Krishna 4.5  GV  K-P,BRASS MATKI KRISHNA 4.5  GV,83062910,Brass Matki Krishna 4.5  GV  K-P BRASS MATKI KRISHNA 4.5  GV,36
Brass Panchamukhi Ganesh 5.5  GV  K-P,BRASS PANCHAMUKHI GANESH 5.5  GV,83062910,Brass Panchamukhi Ganesh 5.5  GV  K-P BRASS PANCHAMUKHI GANESH 5.5  GV,36
Brass Shiv Sambhu 3.75  GV  K-P,BRASS SHIV SAMBHU 3.75  GV,83062910,Brass Shiv Sambhu 3.75  GV  K-P BRASS SHIV SAMBHU 3.75  GV,36
Brass New Laxmi  GV  K-P,BRASS NEW LAXMI  GV,83062910,Brass New Laxmi  GV  K-P BRASS NEW LAXMI  GV,36
Brass New Ganesh  GV  K-P,BRASS NEW GANESH  GV,83062910,Brass New Ganesh  GV  K-P BRASS NEW GANESH  GV,36
Brass Shiv Shambhu  GV  K-P,BRASS SHIV SHAMBHU  GV,83062910,Brass Shiv Shambhu  GV  K-P BRASS SHIV SHAMBHU  GV,36
Brass Varaki Devi 4  GV  K-P,BRASS VARAKI DEVI 4  GV,83062910,Brass Varaki Devi 4  GV  K-P BRASS VARAKI DEVI 4  GV,36
Brass Varaki Devi 1.75  GV  K-P,BRASS VARAKI DEVI 1.75  GV,83062910,Brass Varaki Devi 1.75  GV  K-P BRASS VARAKI DEVI 1.75  GV,36
Brass Laxmi 5  GV  K-P,BRASS LAXMI 5  GV,83062910,Brass Laxmi 5  GV  K-P BRASS LAXMI 5  GV,36
Brass Ganesh 5  GV  K-P,BRASS GANESH 5  GV,83062910,Brass Ganesh 5  GV  K-P BRASS GANESH 5  GV,36
Brass Saraswati 5  GV  K-P,BRASS SARASWATI 5  GV,83062910,Brass Saraswati 5  GV  K-P BRASS SARASWATI 5  GV,36
Brass Sevanali 460 Ring KTHYWD PCS,BRASS SEVANALI 460 RING KTHYWD,74181010,Brass Sevanali 460 Ring KTHYWD PCS BRASS SEVANALI 460 RING KTHYWD,24
Brass Sevanali 700Ring KTHYWD  PCS,BRASS SEVANALI 700RING KTHYWD,741810,Brass Sevanali 700Ring KTHYWD  PCS BRASS SEVANALI 700RING KTHYWD,9
Brass Saraswati Oval Vase  BNKI  K-P,BRASS SARASWATI OVAL VASE  BNKI,83062910,Brass Saraswati Oval Vase  BNKI  K-P BRASS SARASWATI OVAL VASE  BNKI,36
Brass Lakshmi  BNKI  K-P,BRASS LAKSHMI  BNKI,83062910,Brass Lakshmi  BNKI  K-P BRASS LAKSHMI  BNKI,36
Brass Gaannesh  BNKI  K-P,BRASS GAANNESH  BNKI,83062910,Brass Gaannesh  BNKI  K-P BRASS GAANNESH  BNKI,36
Brass Saraswathi  BNKI  K-P,BRASS SARASWATHI  BNKI,83062910,Brass Saraswathi  BNKI  K-P BRASS SARASWATHI  BNKI,36
Brass Pentagun Base Ganesh  BNKI  K-P,BRASS PENTAGUN BASE GANESH  BNKI,83062910,Brass Pentagun Base Ganesh  BNKI  K-P BRASS PENTAGUN BASE GANESH  BNKI,36
Brass Kamal Base Ganesh  BNKI  K-P,BRASS KAMAL BASE GANESH  BNKI,83062910,Brass Kamal Base Ganesh  BNKI  K-P BRASS KAMAL BASE GANESH  BNKI,36
Brass Laughing Buddha  BNKI  K-P,BRASS LAUGHING BUDDHA  BNKI,83062910,Brass Laughing Buddha  BNKI  K-P BRASS LAUGHING BUDDHA  BNKI,36
Brass Laughing Budha  BNKI  K-P,BRASS LAUGHING BUDHA  BNKI,83062910,Brass Laughing Budha  BNKI  K-P BRASS LAUGHING BUDHA  BNKI,36
Brass Krishnaaa  BNKI   K-P,BRASS KRISHNAAA  BNKI,83062910,Brass Krishnaaa  BNKI   K-P BRASS KRISHNAAA  BNKI,36
Brass Pan Cow Calf  BNKI  K-P,BRASS PAN COW CALF  BNKI,83062910,Brass Pan Cow Calf  BNKI  K-P BRASS PAN COW CALF  BNKI,36
Brass Cow Calf God  BNKI  K-P,BRASS COW CALF GOD  BNKI,83062910,Brass Cow Calf God  BNKI  K-P BRASS COW CALF GOD  BNKI,36
Brass Ganesh 11.5  GV  K-P,BRASS GANESH 11.5  GV,83062910,Brass Ganesh 11.5  GV  K-P BRASS GANESH 11.5  GV,36
Brass Gannesh 9  GV  K-P,BRASS GANESH 9  GV,83062910,Brass Gannesh 9  GV  K-P BRASS GANESH 9  GV,36
Brass Hanuman Plate Small 4.7  GV  K-P,BRASS HANUMAN PLATE SMALL 4.7  GV,83062910,Brass Hanuman Plate Small 4.7  GV  K-P BRASS HANUMAN PLATE SMALL 4.7  GV,36
Brass Gol Deepak 7  GV  K-P,BRASS GOL DEEPAK 7  GV,83062910,Brass Gol Deepak 7  GV  K-P BRASS GOL DEEPAK 7  GV,36
Brass New Parrot Dipak  GV  K-P,BRASS NEW PARROT DIPAK  GV,83062910,Brass New Parrot Dipak  GV  K-P BRASS NEW PARROT DIPAK  GV,36
Brass Laxmi Head Big  GV  K-P,BRASS LAXMI HEAD BIG  GV,83062910,Brass Laxmi Head Big  GV  K-P BRASS LAXMI HEAD BIG  GV,36
Brass Jalli Deepak Small 6  GV  K-P,BRASS JALLI DEEPAK SMALL 6  GV,83062910,Brass Jalli Deepak Small 6  GV  K-P BRASS JALLI DEEPAK SMALL 6  GV,36
Brass Bala Ji 7  GV  K-P  DUMMY,BRASS BALA JI 7  GV,83062910,Brass Bala Ji 7  GV  K-P  DUMMY BRASS BALA JI 7  GV,36
Brass Laxmi Ganesh Sarswati Joit 3  GV  K-P,BRASS LAXMI GANESH SARSWATI JOIT 3  GV,83062910,Brass Laxmi Ganesh Sarswati Joit 3  GV  K-P BRASS LAXMI GANESH SARSWATI JOIT 3  GV,36
Brass New Teen Tang Dipak 3  GV  K-P,BRASS NEW TEEN TANG DIPAK 3  GV,83062910,Brass New Teen Tang Dipak 3  GV  K-P BRASS NEW TEEN TANG DIPAK 3  GV,36
Brass Bala Murugan 7  GV  PCS,BRASS BALA MURUGAN 7  GV,83062910,Brass Bala Murugan 7  GV  PCS BRASS BALA MURUGAN 7  GV,36
White Natraj Big  MHDH  PCS,WHITE NATRAJ BIG  MHDH,830621,White Natraj Big  MHDH  PCS WHITE NATRAJ BIG  MHDH,16
White Natraj Solid GEWR  MHDH  PCS,WHITE NATRAJ SOLID GEWR  MHDH,830621,White Natraj Solid GEWR  MHDH  PCS WHITE NATRAJ SOLID GEWR  MHDH,16
White Natraj Solid IGNR  MHDH  PCS,WHITE NATRAJ SOLID IGNR  MHDH,830621,White Natraj Solid IGNR  MHDH  PCS WHITE NATRAJ SOLID IGNR  MHDH,16
White Natraj Solid IRSN  MHDH  PCS,WHITE NATRAJ SOLID IRSN  MHDH,830621,White Natraj Solid IRSN  MHDH  PCS WHITE NATRAJ SOLID IRSN  MHDH,16
White Natraj Solid VERN  MHDH  PCS,WHITE NATRAJ SOLID VERN  MHDH,830621,White Natraj Solid VERN  MHDH  PCS WHITE NATRAJ SOLID VERN  MHDH,16
White Natraj Solid AWN  MHDH  PCS,WHITE NATRAJ SOLID AWN  MHDH,830621,White Natraj Solid AWN  MHDH  PCS WHITE NATRAJ SOLID AWN  MHDH,16
Copper Havan Kunda 5 to 14  SBLH  KG,COPPER HAVAN KUNDA 5 TO 14  SBLH,741810,Copper Havan Kunda 5 to 14  SBLH  KG COPPER HAVAN KUNDA 5 TO 14  SBLH,9
Copper Pancha Pathram  SBLH  KG,COPPER PANCHA PATHRAM  SBLH,741810,Copper Pancha Pathram  SBLH  KG COPPER PANCHA PATHRAM  SBLH,9
Copper Spoon Small  4  SBLH  K-P,COPPER SPOON SMALL  4   SBLH,741810,Copper Spoon Small  4  SBLH  K-P COPPER SPOON SMALL  4   SBLH,9
Copper Spoon Big  6  SBLH  K-P,COPPER SPOON BIG  6  SBLH,741810,Copper Spoon Big  6  SBLH  K-P COPPER SPOON BIG  6  SBLH,9
Brass Kerala Fancy Spl Vilakku  DHIN  KG,BRASS KERALA FANCY SPL VILAKKU  DHIN,741999,Brass Kerala Fancy Spl Vilakku  DHIN  KG BRASS KERALA FANCY SPL VILAKKU  DHIN,13
Brass Ettapally Spl Vilakku 8  DHIN  K-P,BRASS ETTAPALLY SPL VILAKKU 8  DHIN,741999,Brass Ettapally Spl Vilakku 8  DHIN  K-P BRASS ETTAPALLY SPL VILAKKU 8  DHIN,13
Brass Ag Plate Burfi No. 1  KMLH  PCS,BRASS AG PLATE BURFI NO. 1  KMLH,741999,Brass Ag Plate Burfi No. 1  KMLH  PCS BRASS AG PLATE BURFI NO. 1  KMLH,13
Brass Ag Plate Burfi No. 2  KMLH  PCS,BRASS AG PLATE BURFI NO. 2  KMLH,741999,Brass Ag Plate Burfi No. 2  KMLH  PCS BRASS AG PLATE BURFI NO. 2  KMLH,13
Brass Ag Plate Burfi No. 3  KMLH   PCS,BRASS AG PLATE BURFI NO. 3  KMLH,741999,Brass Ag Plate Burfi No. 3  KMLH   PCS BRASS AG PLATE BURFI NO. 3  KMLH,13
Brass Deep Bharath   LVP  KG,BRASS DEEP BHARATH   LVP,741810,Brass Deep Bharath   LVP  KG BRASS DEEP BHARATH   LVP,9
Brass Beeding Plate Ring  LVP  KG,BRASS BEEDING PLATE RING  LVP,741810,Brass Beeding Plate Ring  LVP  KG BRASS BEEDING PLATE RING  LVP,9
BRASS MONTHA 7 LVP   K-P,BRASS MONTHA 7 LVP,741810,BRASS MONTHA 7 LVP   K-P BRASS MONTHA 7 LVP,9
BRASS MONTHA 8 LVP K-P,BRASS MONTHA 8 LVP,741810,BRASS MONTHA 8 LVP K-P BRASS MONTHA 8 LVP,9
BRASS MONTHA 9 LVP   K-P,BRASS MONTHA 9 LVP,741810,BRASS MONTHA 9 LVP   K-P BRASS MONTHA 9 LVP,9
BRASS MONTHA 10  LVP    K-P,BRASS MONTHA 10  LVP,741810,BRASS MONTHA 10  LVP    K-P BRASS MONTHA 10  LVP,9
Brass Pit Ghanti Bell  SPM  KG,BRASS PIT GHANTI BELL  SPM,741810,Brass Pit Ghanti Bell  SPM  KG BRASS PIT GHANTI BELL  SPM,9
Arti Machine New Design M  SPM  PCS,ARTI MACHINE NEW DESIGN M  SPM,741810,Arti Machine New Design M  SPM  PCS ARTI MACHINE NEW DESIGN M  SPM,9
Brass Cooker Idly 12  SPM  PCS,BRASS COOKER IDLY 12  SPM,741810,Brass Cooker Idly 12  SPM  PCS BRASS COOKER IDLY 12  SPM,9
Brass Cooker Idly 16  SPM   PCS,BRASS COOKER IDLY 16  SPM,741810,Brass Cooker Idly 16  SPM   PCS BRASS COOKER IDLY 16  SPM,9
BRASS Kindi 000  AMRM   K-P,BRASS KINDI 000 AMRM,741999,BRASS Kindi 000  AMRM   K-P BRASS KINDI 000 AMRM,13
BRASS Kindi 00 AMRM  K-P,BRASS KINDI 00 AMRM,741999,BRASS Kindi 00 AMRM  K-P BRASS KINDI 00 AMRM,13
BRASS Kindi 0 AMRM   K-P,BRASS KINDI 0 AMRM,741999,BRASS Kindi 0 AMRM   K-P BRASS KINDI 0 AMRM,13
BRASS Kindi 1 AMRM  K-P,BRASS KINDI 1 AMRM,741999,BRASS Kindi 1 AMRM  K-P BRASS KINDI 1 AMRM,13
BRASS Small Para  3.5  AMRM  K-P,BRASS SMALL PARA   3.5  AMRM,741999,BRASS Small Para  3.5  AMRM  K-P BRASS SMALL PARA   3.5  AMRM,13
BRASS Karpoora arthi 10 AMRM  K-P,BRASS KARPOORA ARTHI 10 AMRM,741999,BRASS Karpoora arthi 10 AMRM  K-P BRASS KARPOORA ARTHI 10 AMRM,13
BRASS Spoon Arthi  4  AMRM  K-P,BRASS SPOON ARTHI 4  AMRM,741999,BRASS Spoon Arthi  4  AMRM  K-P BRASS SPOON ARTHI 4  AMRM,13
BRASS Spoon Arthi 3  AMRM  k-p,BRASS SPOON ARTHI  3  AMRM,741999,BRASS Spoon Arthi 3  AMRM  k-p BRASS SPOON ARTHI  3  AMRM,13
BRASS Sanku Stand 1  AMRM k-p,BRASS SANKU STAND 1  AMRM,741999,BRASS Sanku Stand 1  AMRM k-p BRASS SANKU STAND 1  AMRM,13
BRASS Sanku Stand 2  AMRM   k-p,BRASS SANKU STAND 2  AMRM,741999,BRASS Sanku Stand 2  AMRM   k-p BRASS SANKU STAND 2  AMRM,13
BRASS Sanku Stand 3  AMRM  k-p,BRASS SANKU STAND 3  AMRM,741999,BRASS Sanku Stand 3  AMRM  k-p BRASS SANKU STAND 3  AMRM,13
Brass Saraswati with Swan       BNKI  k-p,BRASS SARASWATI WITH SWAN       BNKI,83062910,Brass Saraswati with Swan       BNKI  k-p BRASS SARASWATI WITH SWAN       BNKI,36
Brass Karpoor Aarti 8  AMRM  K-P,BRASS KARPOOR AARTI 8  AMRM,741999,Brass Karpoor Aarti 8  AMRM  K-P BRASS KARPOOR AARTI 8  AMRM,13
Brass K Fancy S Spl LW No. 7  POP  PCS,BRASS K FANCY S SPL LW NO. 7  POP,741810,Brass K Fancy S Spl LW No. 7  POP  PCS BRASS K FANCY S SPL LW NO. 7  POP,9
Brass K Fancy S Spl LW No. 8  POP  PCS,BRASS K FANCY S SPL LW NO. 8  POP,741810,Brass K Fancy S Spl LW No. 8  POP  PCS BRASS K FANCY S SPL LW NO. 8  POP,9
Brass K Fancy S Spl LW No. 9  POP  PCS,BRASS K FANCY S SPL LW NO. 9  POP,741810,Brass K Fancy S Spl LW No. 9  POP  PCS BRASS K FANCY S SPL LW NO. 9  POP,9
Brass K Fancy S Spl LW No. 11  POP  PCS,BRASS K FANCY S SPL LW NO. 11  POP,741810,Brass K Fancy S Spl LW No. 11  POP  PCS BRASS K FANCY S SPL LW NO. 11  POP,9
Brass Sada Uruli LW  ZI  KG,BRASS SADA URULI LW  ZI,741999,Brass Sada Uruli LW  ZI  KG BRASS SADA URULI LW  ZI,13
Brass New Uruli LW  ZI   KG,BRASS NEW URULI LW  ZI,741999,Brass New Uruli LW  ZI   KG BRASS NEW URULI LW  ZI,13
BRASS BEEDING PLATE  FRD   KG,BRASS BEEDING PLATE  FRD,74181021,BRASS BEEDING PLATE  FRD   KG BRASS BEEDING PLATE  FRD,25
Brass Agal Deep 2  SAI   PCS,BRASS AGAL DEEP 2  SAI,74181010,Brass Agal Deep 2  SAI   PCS BRASS AGAL DEEP 2  SAI,24
BRASS Agal Deep 3  ZI   PCS,BRASS AGAL DEEP 3  ZI,741999,BRASS Agal Deep 3  ZI   PCS BRASS AGAL DEEP 3  ZI,13
Brass Flower Vase Polish 6to8   ZI,BRASS FLOWER VASE POLISH 6TO8   ZI,741999,Brass Flower Vase Polish 6to8   ZI BRASS FLOWER VASE POLISH 6TO8   ZI,13
Wood Mouse Massager  DIVI,WOOD MOUSE MASSAGER  DIVI,441900,Wood Mouse Massager  DIVI WOOD MOUSE MASSAGER  DIVI,1
Wood Round Pasta Massager  DIVI  PCS,WOOD ROUND PASTA MASSAGER  DIVI,441900,Wood Round Pasta Massager  DIVI  PCS WOOD ROUND PASTA MASSAGER  DIVI,1
BRASS KERALA TCR VILAKKU NO 6    ZST FIOE PCS,BRASS KERALA TCR VILAKKU NO 6   ZST   FIOE,74198030,BRASS KERALA TCR VILAKKU NO 6    ZST FIOE PCS BRASS KERALA TCR VILAKKU NO 6   ZST   FIOE,28
BRASS KERALA TCR VILAKKU NO 7   ZST FIOE PCS,BRASS KERALA TCR VILAKKU NO 7   ZST   FIOE,74198030,BRASS KERALA TCR VILAKKU NO 7   ZST FIOE PCS BRASS KERALA TCR VILAKKU NO 7   ZST   FIOE,28
BRASS KERALA TCR VILAKKU NO 8   ZST FIOE PCS,BRASS KERALA TCR VILAKKU NO 8   ZST FIOE,74198030,BRASS KERALA TCR VILAKKU NO 8   ZST FIOE PCS BRASS KERALA TCR VILAKKU NO 8   ZST FIOE,28
BRASS KERALA TCR VILAKKU NO 9   ZST FIOE PCS,BRASS KERALA TCR VILAKKU NO 9   ZST FIOE,74198030,BRASS KERALA TCR VILAKKU NO 9   ZST FIOE PCS BRASS KERALA TCR VILAKKU NO 9   ZST FIOE,28
BRASS KERALA TCR VILAKKU NO 10   ZST PCS,BRASS KERALA TCR VILAKKU NO 10   ZST,74198030,BRASS KERALA TCR VILAKKU NO 10   ZST PCS BRASS KERALA TCR VILAKKU NO 10   ZST,28
BRASS KERALA TCR VILAKKU NO 11   ZST FIOE PCS,BRASS KERALA TCR VILAKKU NO 11   ZST FIOE,74198030,BRASS KERALA TCR VILAKKU NO 11   ZST FIOE PCS BRASS KERALA TCR VILAKKU NO 11   ZST FIOE,28
BRASS KERALA TCR VILAKKU NO 12   ZST PCS,BRASS KERALA TCR VILAKKU NO 12   ZST,74198030,BRASS KERALA TCR VILAKKU NO 12   ZST PCS BRASS KERALA TCR VILAKKU NO 12   ZST,28
BRASS KERALA TCR VILAKKU NO 14   ZST FOIE PCS,BRASS KERALA TCR VILAKKU NO 14   ZST FIOE,74198030,BRASS KERALA TCR VILAKKU NO 14   ZST FOIE PCS BRASS KERALA TCR VILAKKU NO 14   ZST FIOE,28
BRASS KERALA TCR VILAKKU  16   ZST,BRASS KERALA TCR VILAKKU  16   ZST,74198030,BRASS KERALA TCR VILAKKU  16   ZST BRASS KERALA TCR VILAKKU  16   ZST,28
Brass Kerala TCR Vilakku No 18   ZST,BRASS KERALA TCR VILAKKU NO 18   ZST,741999,Brass Kerala TCR Vilakku No 18   ZST BRASS KERALA TCR VILAKKU NO 18   ZST,13
Brass Kerala TCR Vilakku  20   ZST,BRASS KERALA TCR VILAKKU  20   ZST,741999,Brass Kerala TCR Vilakku  20   ZST BRASS KERALA TCR VILAKKU  20   ZST,13
Brass Kerala KTR Vilakku No 6   ZST PCS,BRASS KERALA KTR VILAKKU NO 6   ZST,741999,Brass Kerala KTR Vilakku No 6   ZST PCS BRASS KERALA KTR VILAKKU NO 6   ZST,13
Brass Kerala KTR Vilakku No 8   ZST PCS,BRASS KERALA KTR VILAKKU NO 8   ZST,741999,Brass Kerala KTR Vilakku No 8   ZST PCS BRASS KERALA KTR VILAKKU NO 8   ZST,13
Brass Kerala KTR Vilakku No 10   ZST PCS,BRASS KERALA KTR VILAKKU NO 10   ZST,741999,Brass Kerala KTR Vilakku No 10   ZST PCS BRASS KERALA KTR VILAKKU NO 10   ZST,13
Brass Kerala KTR Vilakku No 12   ZST PCS,BRASS KERALA KTR VILAKKU NO 12   ZST,741999,Brass Kerala KTR Vilakku No 12   ZST PCS BRASS KERALA KTR VILAKKU NO 12   ZST,13
Brass Kavara Kerala Jhar 4  ABHM,BRASS KAVARA KERALA JHAR 4  ABHM,741999,Brass Kavara Kerala Jhar 4  ABHM BRASS KAVARA KERALA JHAR 4  ABHM,13
Brass Kavara Kerala Jhar 6  ABHM,BRASS KAVARA KERALA JHAR 6  ABHM,741999,Brass Kavara Kerala Jhar 6  ABHM BRASS KAVARA KERALA JHAR 6  ABHM,13
Brass Kavara Kerala Jhar 8  ABHM  PCS,BRASS KAVARA KERALA JHAR 8  ABHM,741999,Brass Kavara Kerala Jhar 8  ABHM  PCS BRASS KAVARA KERALA JHAR 8  ABHM,13
Brass Kavara Kerala Jhar 10  ABHM  PCS,BRASS KAVARA KERALA JHAR 10  ABHM,741999,Brass Kavara Kerala Jhar 10  ABHM  PCS BRASS KAVARA KERALA JHAR 10  ABHM,13
Brass Kindi No. 1  ABHM  K-P,BRASS KINDI NO. 1  ABHM,741999,Brass Kindi No. 1  ABHM  K-P BRASS KINDI NO. 1  ABHM,13
Brass Kindi No. 2  ABHM  K-P,BRASS KINDI NO. 2  ABHM,741999,Brass Kindi No. 2  ABHM  K-P BRASS KINDI NO. 2  ABHM,13
Brass Kindi No. 3  ABHM  K-P,BRASS KINDI NO. 3  ABHM,741999,Brass Kindi No. 3  ABHM  K-P BRASS KINDI NO. 3  ABHM,13
Brass Varp without Polish  MATH  KG,BRASS VARP WITHOUT POLISH  MATH,741810,Brass Varp without Polish  MATH  KG BRASS VARP WITHOUT POLISH  MATH,9
BRASS ARTWARE WELDING CHAIN  FRD  KG,BRASS ARTWARE WELDING CHAIN  FRD,83021010,BRASS ARTWARE WELDING CHAIN  FRD  KG BRASS ARTWARE WELDING CHAIN  FRD,32
Brass Pandeep Arti 2 UNIQ    PCS,BRASS PANDEEP ARTI 2 UNIQ .    PCS,74181010,Brass Pandeep Arti 2 UNIQ    PCS BRASS PANDEEP ARTI 2 UNIQ .    PCS,24
King Tray 6 Amrapali Glass (B)GT73 Ojas,KING TRAY 6 AMRAPALI GLASS (B)GT73 OJAS,711590,King Tray 6 Amrapali Glass (B)GT73 Ojas KING TRAY 6 AMRAPALI GLASS (B)GT73 OJAS,5
Brass K Fancy S Spl LW No. 10 POP,BRASS K FANCY S SPL LW NO. 10 POP,741999,Brass K Fancy S Spl LW No. 10 POP BRASS K FANCY S SPL LW NO. 10 POP,13
Brass K Fancy S Spl LW No. 13 POP,BRASS K FANCY S SPL LW NO. 13 POP,74199930,Brass K Fancy S Spl LW No. 13 POP BRASS K FANCY S SPL LW NO. 13 POP,29
Brass K Fancy S Spl LW No. 15 POP,BRASS K FANCY S SPL LW NO. 15 POP,741999,Brass K Fancy S Spl LW No. 15 POP BRASS K FANCY S SPL LW NO. 15 POP,13
Brass Sev Sancha Ring 450  ART  PCS,BRASS SEV SANCHA RING 450  ART,741810,Brass Sev Sancha Ring 450  ART  PCS BRASS SEV SANCHA RING 450  ART,9
Brass Sev Sancha Diamond  600  ART PCS,BRASS SEV SANCHA DIAMOND  600  ART,741810,Brass Sev Sancha Diamond  600  ART PCS BRASS SEV SANCHA DIAMOND  600  ART,9
Brass Dabara Set No. 1  ABHM  PCS,BRASS DABARA SET NO. 1  ABHM,741999,Brass Dabara Set No. 1  ABHM  PCS BRASS DABARA SET NO. 1  ABHM,13
Brass Dabara Set No. 2  ABHM  PCS,BRASS DABARA SET NO. 2  ABHM,741999,Brass Dabara Set No. 2  ABHM  PCS BRASS DABARA SET NO. 2  ABHM,13
BRASS DANA KATORI 0  ADV  K-P,BRASS DANA KATORI 0  ADV,741810,BRASS DANA KATORI 0  ADV  K-P BRASS DANA KATORI 0  ADV,9
BRASS Kindi 000  ADV  PCS,BRASS KINDI 000  ADV,741810,BRASS Kindi 000  ADV  PCS BRASS KINDI 000  ADV,9
BRASS Agal Deep 2  ZI,BRASS AGAL DEEP 2  ZI,741999,BRASS Agal Deep 2  ZI BRASS AGAL DEEP 2  ZI,13
BRASS Agal Deep 4  ZI,BRASS AGAL DEEP 4  ZI,741999,BRASS Agal Deep 4  ZI BRASS AGAL DEEP 4  ZI,13
BRASS FLOWER VASE COLOR 6 TO 8  ZI  KG,BRASS FLOWER VASE COLOR 6 TO 8  ZI,741810,BRASS FLOWER VASE COLOR 6 TO 8  ZI  KG BRASS FLOWER VASE COLOR 6 TO 8  ZI,9
Brass Fancy Deep Peacoak 3  SWA  PCS,BRASS FANCY DEEP PEACOAK 3  SWA,741810,Brass Fancy Deep Peacoak 3  SWA  PCS BRASS FANCY DEEP PEACOAK 3  SWA,9
Brass Fancy Deep Peacoak 2  SWA PCS,BRASS FANCY DEEP PEACOAK 2  SWA,741810,Brass Fancy Deep Peacoak 2  SWA PCS BRASS FANCY DEEP PEACOAK 2  SWA,9
Brass Tamil OM (Lead Free) 2  SWA PCS,BRASS TAMIL OM (LEAD FREE) 2  SWA,741810,Brass Tamil OM (Lead Free) 2  SWA PCS BRASS TAMIL OM (LEAD FREE) 2  SWA,9
Brass Ashoka Embalam 6  SWA pcs,BRASS ASHOKA EMBALAM 6  SWA,74181010,Brass Ashoka Embalam 6  SWA pcs BRASS ASHOKA EMBALAM 6  SWA,24
Brass Fancy Deep Peacoak 1  SWA PCS,BRASS FANCY DEEP PEACOAK 1  SWA,741810,Brass Fancy Deep Peacoak 1  SWA PCS BRASS FANCY DEEP PEACOAK 1  SWA,9
Brass Fancy Deep Peacoak 0  SWA,BRASS FANCY DEEP PEACOAK 0  SWA,741810,Brass Fancy Deep Peacoak 0  SWA BRASS FANCY DEEP PEACOAK 0  SWA,9
Brass Udarni LW No. 1  DHIN  PCS,BRASS UDARNI LW NO. 1  DHIN,741999,Brass Udarni LW No. 1  DHIN  PCS BRASS UDARNI LW NO. 1  DHIN,13
Brass Udarni LW No. 2  DHIN  PCS,BRASS UDARNI LW NO. 2  DHIN,741999,Brass Udarni LW No. 2  DHIN  PCS BRASS UDARNI LW NO. 2  DHIN,13
Brass Udarni LW No. 3  DHIN  PCS,BRASS UDARNI LW NO. 3  DHIN,741999,Brass Udarni LW No. 3  DHIN  PCS BRASS UDARNI LW NO. 3  DHIN,13
Brass Tamil OM (New) 2  SWA  PCS,BRASS TAMIL OM (NEW) 2  SWA,741810,Brass Tamil OM (New) 2  SWA  PCS BRASS TAMIL OM (NEW) 2  SWA,9
Brass Pancha Arthi Spl No. 1  RSH  K-P,BRASS PANCHA ARTHI SPL NO. 1  RSH,741999,Brass Pancha Arthi Spl No. 1  RSH  K-P BRASS PANCHA ARTHI SPL NO. 1  RSH,13
Brass Pancha Arthi Spl No. 2  RSH  K-P,BRASS PANCHA ARTHI SPL NO. 2  RSH,741999,Brass Pancha Arthi Spl No. 2  RSH  K-P BRASS PANCHA ARTHI SPL NO. 2  RSH,13
Brass Pancha Arthi Spl No. 3  RSH  K-P,BRASS PANCHA ARTHI SPL NO. 3  RSH,741999,Brass Pancha Arthi Spl No. 3  RSH  K-P BRASS PANCHA ARTHI SPL NO. 3  RSH,13
Brass Agal Deep 4  SAI  PCS,BRASS AGAL DEEP 4  SAI,741999,Brass Agal Deep 4  SAI  PCS BRASS AGAL DEEP 4  SAI,13
Brass Mahabharath Handwork  SAI  KG,BRASS MAHABHARATH HANDWORK  SAI,741999,Brass Mahabharath Handwork  SAI  KG BRASS MAHABHARATH HANDWORK  SAI,13
Brass Deevla  Arthi 4  SAI  K-P,BRASS DEEVLA  ARTHI 4  SAI,741999,Brass Deevla  Arthi 4  SAI  K-P BRASS DEEVLA  ARTHI 4  SAI,13
Brass Deevla  Arthi 5  SAI  K-P,BRASS DEEVLA  ARTHI 5  SAI,741999,Brass Deevla  Arthi 5  SAI  K-P BRASS DEEVLA  ARTHI 5  SAI,13
Brass Half Para LW No. 4  ABS  PCS,BRASS HALF PARA LW NO. 4  ABS,741810,Brass Half Para LW No. 4  ABS  PCS BRASS HALF PARA LW NO. 4  ABS,9
Brass Half Para No. 5  ABS  K-P,BRASS HALF PARA NO. 5  ABS,741810,Brass Half Para No. 5  ABS  K-P BRASS HALF PARA NO. 5  ABS,9
Brass Glass Petty Big  ABS PCS,BRASS GLASS PETTY BIG  ABS,741810,Brass Glass Petty Big  ABS PCS BRASS GLASS PETTY BIG  ABS,9
Brass Glass Petty Small  ABS pcs,BRASS GLASS PETTY SMALL  ABS,741810,Brass Glass Petty Small  ABS pcs BRASS GLASS PETTY SMALL  ABS,9
Brass Half Para 6  ABS  k-p,BRASS HALF PARA 6  ABS,741810,Brass Half Para 6  ABS  k-p BRASS HALF PARA 6  ABS,9
Brass Snake Spoon 1 Achamanni Plain Emb  DHIN k-p,BRASS SNAKE SPOON 1 ACHAMANNI PLAIN EMB  DHIN,741999,Brass Snake Spoon 1 Achamanni Plain Emb  DHIN k-p BRASS SNAKE SPOON 1 ACHAMANNI PLAIN EMB  DHIN,13
Brass Snake Spoon 2 Achamanni Plain Emb  DHIN k-p,BRASS SNAKE SPOON 2 ACHAMANNI PLAIN EMB  DHIN,741999,Brass Snake Spoon 2 Achamanni Plain Emb  DHIN k-p BRASS SNAKE SPOON 2 ACHAMANNI PLAIN EMB  DHIN,13
Brass Snake Spoon 3 Achamanni Plain Emb  DHIN k-p,BRASS SNAKE SPOON 3 ACHAMANNI PLAIN EMB  DHIN,741999,Brass Snake Spoon 3 Achamanni Plain Emb  DHIN k-p BRASS SNAKE SPOON 3 ACHAMANNI PLAIN EMB  DHIN,13
Brass Pooja Bell Cross Gold 4 DHIN  PCS,BRASS POOJA BELL CROSS GOLD 4 DHIN,741999,Brass Pooja Bell Cross Gold 4 DHIN  PCS BRASS POOJA BELL CROSS GOLD 4 DHIN,13
Brass saucepen  ASB   KG,BRASS SAUCEPEN  ASB,741999,Brass saucepen  ASB   KG BRASS SAUCEPEN  ASB,13
Brass Standing Single More Deepak BNKI  K-P,BRASS STANDING SINGLE MORE DEEPAK BNKI,83062910,Brass Standing Single More Deepak BNKI  K-P BRASS STANDING SINGLE MORE DEEPAK BNKI,36
Brass Anna 2 parrot Deepak  BNKI K-P,BRASS ANNA 2 PARROT DEEPAK  BNKI,83062910,Brass Anna 2 parrot Deepak  BNKI K-P BRASS ANNA 2 PARROT DEEPAK  BNKI,36
Brass Bowl  Deepak  BNKI k-p,BRASS BOWL  DEEPAK  BNKI,83062910,Brass Bowl  Deepak  BNKI k-p BRASS BOWL  DEEPAK  BNKI,36
Brass Kamal Doopdaani   BNKI k-p,BRASS KAMAL DOOPDAANI   BNKI,83062910,Brass Kamal Doopdaani   BNKI k-p BRASS KAMAL DOOPDAANI   BNKI,36
Brass Shank Chakkara Uruli Deepak   BNKI k-p,BRASS SHANK CHAKKARA URULI DEEPAK   BNKI,83062910,Brass Shank Chakkara Uruli Deepak   BNKI k-p BRASS SHANK CHAKKARA URULI DEEPAK   BNKI,36
Brass Parrot Lamp   BNKI k-p,BRASS PARROT LAMP   BNKI,83062910,Brass Parrot Lamp   BNKI k-p BRASS PARROT LAMP   BNKI,36
Brass Gaja Laxmi Deepak   BNKI k-p,BRASS GAJA LAXMI DEEPAK   BNKI,83062910,Brass Gaja Laxmi Deepak   BNKI k-p BRASS GAJA LAXMI DEEPAK   BNKI,36
Brass Standing Ganesh Lamp    BNKI k-p,BRASS STANDING GANESH LAMP    BNKI,83062910,Brass Standing Ganesh Lamp    BNKI k-p BRASS STANDING GANESH LAMP    BNKI,36
Brass Tortoise Deepak    BNKI k-p,BRASS TORTOISE DEEPAK    BNKI,83062910,Brass Tortoise Deepak    BNKI k-p BRASS TORTOISE DEEPAK    BNKI,36
Brass Birdsitting  Deepak    BNKI k-p,BRASS BIRDSITTING  DEEPAK    BNKI,83062910,Brass Birdsitting  Deepak    BNKI k-p BRASS BIRDSITTING  DEEPAK    BNKI,36
Brass Single   Deepak Lamp  BNKI k-p,BRASS SINGLE   DEEPAK LAMP  BNKI,83062910,Brass Single   Deepak Lamp  BNKI k-p BRASS SINGLE   DEEPAK LAMP  BNKI,36
Brass Gaja Laxmi   Deepak  BNKI k-p,BRASS GAJA LAXMI   DEEPAK  BNKI,83062910,Brass Gaja Laxmi   Deepak  BNKI k-p BRASS GAJA LAXMI   DEEPAK  BNKI,36
Brass  Laxmi  Katora Deepak  BNKI k-p,BRASS  LAXMI  KATORA DEEPAK  BNKI,83062910,Brass  Laxmi  Katora Deepak  BNKI k-p BRASS  LAXMI  KATORA DEEPAK  BNKI,36
Brass  Ganesh  Katora Deepak  BNKI k-p,BRASS  GANESH  KATORA DEEPAK  BNKI,83062910,Brass  Ganesh  Katora Deepak  BNKI k-p BRASS  GANESH  KATORA DEEPAK  BNKI,36
Brass Anna  Lamp 5  Deepak  BNKI k-p,BRASS ANNA  LAMP 5  DEEPAK  BNKI,83062910,Brass Anna  Lamp 5  Deepak  BNKI k-p BRASS ANNA  LAMP 5  DEEPAK  BNKI,36
Brass Peacoke Standing  Lamp  BNKI k-p,BRASS PEACOKE STANDING  LAMP  BNKI,83062910,Brass Peacoke Standing  Lamp  BNKI k-p BRASS PEACOKE STANDING  LAMP  BNKI,36
Brass Laxmi Deepak  BNKI k-p,BRASS LAXMI DEEPAK  BNKI,83062910,Brass Laxmi Deepak  BNKI k-p BRASS LAXMI DEEPAK  BNKI,36
Brass Ganesh  Deepak  BNKI k-p,BRASS GANESH  DEEPAK  BNKI,83062910,Brass Ganesh  Deepak  BNKI k-p BRASS GANESH  DEEPAK  BNKI,36
Brass Flower Uruli  BNKI k-p,BRASS FLOWER URULI  BNKI,83062910,Brass Flower Uruli  BNKI k-p BRASS FLOWER URULI  BNKI,36
Brass Elephant Anna LAMP BNKI K-P,BRASS ELEPHANT ANNA LAMP BNKI,83062910,Brass Elephant Anna LAMP BNKI K-P BRASS ELEPHANT ANNA LAMP BNKI,36
Brass  Anna Lamp With 3 Lady BNKI k-p,BRASS  ANNA LAMP WITH 3 LADY BNKI,83062910,Brass  Anna Lamp With 3 Lady BNKI k-p BRASS  ANNA LAMP WITH 3 LADY BNKI,36
Brass Ganesh Facee Deepak BNKI k-p,BRASS GANESH FACEE DEEPAK BNKI,83062910,Brass Ganesh Facee Deepak BNKI k-p BRASS GANESH FACEE DEEPAK BNKI,36
BRASS DOUBLE DEEPAK LAMP BNKI    K-P,BRASS DOUBLE DEEPAK LAMP BNKI,83062910,BRASS DOUBLE DEEPAK LAMP BNKI    K-P BRASS DOUBLE DEEPAK LAMP BNKI,36
Brass Padam Namam Swami     BNKI  k-p,BRASS PADAM NAMAM SWAMI     BNKI,83062910,Brass Padam Namam Swami     BNKI  k-p BRASS PADAM NAMAM SWAMI     BNKI,36
Brass Padamnam  Swami     BNKI k-p,BRASS PADAMNAM  SWAMI     BNKI,83062910,Brass Padamnam  Swami     BNKI k-p BRASS PADAMNAM  SWAMI     BNKI,36
Brass R Tray  SHLP KG,BRASS R TRAY  SHLP,741810,Brass R Tray  SHLP KG BRASS R TRAY  SHLP,9
Brass Chandan Pyali 2 SHLP PCS,BRASS CHANDAN PYALI 2 SHLP,741810,Brass Chandan Pyali 2 SHLP PCS BRASS CHANDAN PYALI 2 SHLP,9
Brass Chandan Pyali 2 1/2 SHLP  PCS,BRASS CHANDAN PYALI 2 1/2 SHLP,741810,Brass Chandan Pyali 2 1/2 SHLP  PCS BRASS CHANDAN PYALI 2 1/2 SHLP,9
Brass Chandan Pyali 3 SHLP  PCS,BRASS CHANDAN PYALI 3 SHLP,741810,Brass Chandan Pyali 3 SHLP  PCS BRASS CHANDAN PYALI 3 SHLP,9
Brass Uruli 2  SHLP  PCS,BRASS URULI 2  SHLP,741810,Brass Uruli 2  SHLP  PCS BRASS URULI 2  SHLP,9
Copper Pancha Pathram 2 1/2  SHLP  PCS,COPPER PANCHA PATHRAM 2 1/2  SHLP,741810,Copper Pancha Pathram 2 1/2  SHLP  PCS COPPER PANCHA PATHRAM 2 1/2  SHLP,9
Brass Leaf Ganesh BNKI . K-P,BRASS LEAF GANESH BNKI .,741999,Brass Leaf Ganesh BNKI . K-P BRASS LEAF GANESH BNKI .,13
Brass Bird Doopdaani BNKI  K-P,BRASS BIRD DOOPDAANI BNKI,741999,Brass Bird Doopdaani BNKI  K-P BRASS BIRD DOOPDAANI BNKI,13
Brass Tortoise 270  SBLH  K-P,BRASS TORTOISE 270  SBLH,830629,Brass Tortoise 270  SBLH  K-P BRASS TORTOISE 270  SBLH,17
Brass Laughing Buddha  270  SBLH  K-P,BRASS LAUGHING BUDDHA  270  SBLH,830629,Brass Laughing Buddha  270  SBLH  K-P BRASS LAUGHING BUDDHA  270  SBLH,17
Brass Om Ganesh Plate Lacker 1.2  SBLH  K-P,BRASS OM GANESH PLATE LACKER 1.2   SBLH,830629,Brass Om Ganesh Plate Lacker 1.2  SBLH  K-P BRASS OM GANESH PLATE LACKER 1.2   SBLH,17
Brass Ardhanatheeswarar 8   SBLH K-P,BRASS ARDHANATHEESWARAR 8   SBLH,830629,Brass Ardhanatheeswarar 8   SBLH K-P BRASS ARDHANATHEESWARAR 8   SBLH,17
Brass Dasavathar Plate 3   SBLH K-P,BRASS DASAVATHAR PLATE 3   SBLH,830629,Brass Dasavathar Plate 3   SBLH K-P BRASS DASAVATHAR PLATE 3   SBLH,17
Brass Murugan 650  SBLH k-p,BRASS MURUGAN 650  SBLH,830629,Brass Murugan 650  SBLH k-p BRASS MURUGAN 650  SBLH,17
Brass Shivalingam 5 SBLH  K-P,BRASS SHIVALINGAM 5 SBLH,830629,Brass Shivalingam 5 SBLH  K-P BRASS SHIVALINGAM 5 SBLH,17
Brass Cow Baby Om Swasthik 300 SBLH K-P,BRASS COW BABY OM SWASTHIK 300 SBLH,830629,Brass Cow Baby Om Swasthik 300 SBLH K-P BRASS COW BABY OM SWASTHIK 300 SBLH,17
Brass Phone Stand SBLH  PCS,BRASS PHONE STAND SBLH,830629,Brass Phone Stand SBLH  PCS BRASS PHONE STAND SBLH,17
Brass Kerala  Fancy  spl Peacock 1 SWA  PCS,BRASS KERALA  FANCY  SPL PEACOCK 1 SWA,741810,Brass Kerala  Fancy  spl Peacock 1 SWA  PCS BRASS KERALA  FANCY  SPL PEACOCK 1 SWA,9
Wood Jewel Box Kerala  7*7*7  MENH  PCS,WOOD JEWEL BOX KERALA  7*7*7  MENH,44190010,Wood Jewel Box Kerala  7*7*7  MENH  PCS WOOD JEWEL BOX KERALA  7*7*7  MENH,20
Wood Idi Kal Kuttani 4  MENH  PCS,WOOD IDI KAL KUTTANI 4  MENH,44190010,Wood Idi Kal Kuttani 4  MENH  PCS WOOD IDI KAL KUTTANI 4  MENH,20
Wood Idi Kal Kuttani 5  MENH  PCS,WOOD IDI KAL KUTTANI 5  MENH,44190010,Wood Idi Kal Kuttani 5  MENH  PCS WOOD IDI KAL KUTTANI 5  MENH,20
Wood Idi Kal Kuttani 6  MENH  PCS,WOOD IDI KAL KUTTANI 6  MENH,44190010,Wood Idi Kal Kuttani 6  MENH  PCS WOOD IDI KAL KUTTANI 6  MENH,20
Brass Candle Stand1403  IHC PCS,BRASS CANDLE STAND1403  IHC,741999,Brass Candle Stand1403  IHC PCS BRASS CANDLE STAND1403  IHC,13
Brass Candle Stand Small 834  IHC  PCS,BRASS CANDLE STAND SMALL 834  IHC,741999,Brass Candle Stand Small 834  IHC  PCS BRASS CANDLE STAND SMALL 834  IHC,13
Brass Candle Stand  839  IHC PCS,BRASS CANDLE STAND  839  IHC,741999,Brass Candle Stand  839  IHC PCS BRASS CANDLE STAND  839  IHC,13
Brass Candle Stand  858  IHC PCS,BRASS CANDLE STAND  858  IHC,741999,Brass Candle Stand  858  IHC PCS BRASS CANDLE STAND  858  IHC,13
Brass Candle Stand 3 hole 897  IHC pcs,BRASS CANDLE STAND 3 HOLE 897  IHC PCS,741999,Brass Candle Stand 3 hole 897  IHC pcs BRASS CANDLE STAND 3 HOLE 897  IHC PCS,13
Brass Candle Stand w/Rod 889  IHC PCS,BRASS CANDLE STAND W/ROD 889  IHC,741999,Brass Candle Stand w/Rod 889  IHC PCS BRASS CANDLE STAND W/ROD 889  IHC,13
White Natraj Jali Nerm  MHDH  PCS,WHITE NATRAJ JALI NERM  MHDH,830621,White Natraj Jali Nerm  MHDH  PCS WHITE NATRAJ JALI NERM  MHDH,16
White Natraj Jali Senm  MHDH,WHITE NATRAJ JALI SENM  MHDH,830621,White Natraj Jali Senm  MHDH WHITE NATRAJ JALI SENM  MHDH,16
Brass Multi Stand 6  Gul  K-P,BRASS MULTI STAND 6  GUL,741999,Brass Multi Stand 6  Gul  K-P BRASS MULTI STAND 6  GUL,13
Brass Kerala Fancy  GUL  KG,BRASS KERALA FANCY  GUL,741999,Brass Kerala Fancy  GUL  KG BRASS KERALA FANCY  GUL,13
Brass Om Hanging 6 SHLP PCS,BRASS OM HANGING 6 SHLP,741810,Brass Om Hanging 6 SHLP PCS BRASS OM HANGING 6 SHLP,9
Brass Om Hanging 8 SHLP PCS,BRASS OM HANGING 8 SHLP,741810,Brass Om Hanging 8 SHLP PCS BRASS OM HANGING 8 SHLP,9
Copper Pancha Pathram 3 1/2  SHLP PCS,COPPER PANCHA PATHRAM 3 1/2  SHLP,741810,Copper Pancha Pathram 3 1/2  SHLP PCS COPPER PANCHA PATHRAM 3 1/2  SHLP,9
Copper Bowl Big 2     SHILP PCS,COPPER BOWL BIG 2     SHILP,741810,Copper Bowl Big 2     SHILP PCS COPPER BOWL BIG 2     SHILP,9
Brass Chandan Pyali 3 1/2 SHLP PCS,BRASS CHANDAN PYALI 3 1/2 SHLP,741810,Brass Chandan Pyali 3 1/2 SHLP PCS BRASS CHANDAN PYALI 3 1/2 SHLP,9
Bronze Appakkara  SSM  KG,BRONZE APPAKKARA  SSM,741810,Bronze Appakkara  SSM  KG BRONZE APPAKKARA  SSM,9
Brass S+C+Nama Deep 1 KGB PCS,BRASS S+C+NAMA DEEP 1 KGB,741999,Brass S+C+Nama Deep 1 KGB PCS BRASS S+C+NAMA DEEP 1 KGB,13
Brass New Annam 6  Deepk  KGB PCS,BRASS NEW ANNAM 6  DEEPK  KGB,741999,Brass New Annam 6  Deepk  KGB PCS BRASS NEW ANNAM 6  DEEPK  KGB,13
Brass New Annam 5 S Step  Deepk  KGB  PCS,BRASS NEW ANNAM 5 S STEP  DEEPK  KGB,741999,Brass New Annam 5 S Step  Deepk  KGB  PCS BRASS NEW ANNAM 5 S STEP  DEEPK  KGB,13
Brass New Annam 7 D Step  Deepk  KGB PCS,BRASS NEW ANNAM 7 D STEP  DEEPK  KGB,741999,Brass New Annam 7 D Step  Deepk  KGB PCS BRASS NEW ANNAM 7 D STEP  DEEPK  KGB,13
Brass Spl  Deepk Sanku 0   KGB PCS,BRASS SPL   DEEPK SANKU 0  KGB,74199930,Brass Spl  Deepk Sanku 0   KGB PCS BRASS SPL   DEEPK SANKU 0  KGB,29
Brass Spl   Deepk Sanku 2  KGB PCS,BRASS SPL   DEEPK SANKU 2  KGB,74199930,Brass Spl   Deepk Sanku 2  KGB PCS BRASS SPL   DEEPK SANKU 2  KGB,29
Brass Spl   Deepk Sanku 3  KGB PCS,BRASS SPL   DEEPK SANKU 3  KGB,74199930,Brass Spl   Deepk Sanku 3  KGB PCS BRASS SPL   DEEPK SANKU 3  KGB,29
Brass Spl   Deepk Chakkaram 0 KGB PCS,BRASS SPL   DEEPK CHAKKARAM 0 KGB,74199930,Brass Spl   Deepk Chakkaram 0 KGB PCS BRASS SPL   DEEPK CHAKKARAM 0 KGB,29
Brass Spl   Deepk Chakkaram 2 KGB PCS,BRASS SPL   DEEPK CHAKKARAM 2 KGB,74199930,Brass Spl   Deepk Chakkaram 2 KGB PCS BRASS SPL   DEEPK CHAKKARAM 2 KGB,29
Brass Spl   Deepk Chakkaram 3 KGB PCS,BRASS SPL   DEEPK CHAKKARAM 3 KGB,74199930,Brass Spl   Deepk Chakkaram 3 KGB PCS BRASS SPL   DEEPK CHAKKARAM 3 KGB,29
Brass Bell Hanging 1 Step SBLH K-P,BRASS BELL HANGING 1 STEP SBLH,830629,Brass Bell Hanging 1 Step SBLH K-P BRASS BELL HANGING 1 STEP SBLH,17
Brass Bell Hanging 2 Step SBLH  K-P,BRASS BELL HANGING 2 STEP SBLH,830629,Brass Bell Hanging 2 Step SBLH  K-P BRASS BELL HANGING 2 STEP SBLH,17
Brass Bell Hanging 3 Step SBLH K-P,BRASS BELL HANGING 3 STEP SBLH,830629,Brass Bell Hanging 3 Step SBLH K-P BRASS BELL HANGING 3 STEP SBLH,17
Brass Ganesh Plate 4 Hanging SBLH K-P,BRASS GANESH PLATE 4 HANGING SBLH,830629,Brass Ganesh Plate 4 Hanging SBLH K-P BRASS GANESH PLATE 4 HANGING SBLH,17
Brass Laxmi Plate 4 Hanging SBLH  K-P,BRASS LAXMI PLATE 4 HANGING SBLH,830629,Brass Laxmi Plate 4 Hanging SBLH  K-P BRASS LAXMI PLATE 4 HANGING SBLH,17
Brass Boat 1.5 SBLH K-P,BRASS BOAT 1.5 SBLH,830629,Brass Boat 1.5 SBLH K-P BRASS BOAT 1.5 SBLH,17
Brass Elephant 6.5 SBLH K-P,BRASS ELEPHANT 6.5 SBLH,830629,Brass Elephant 6.5 SBLH K-P BRASS ELEPHANT 6.5 SBLH,17
Brass Ram 2 SBLH K-P,BRASS RAM 2 SBLH,830629,Brass Ram 2 SBLH K-P BRASS RAM 2 SBLH,17
Brass Saraswathi 10 SBLH K-P,BRASS SARASWATHI 10 SBLH,830629,Brass Saraswathi 10 SBLH K-P BRASS SARASWATHI 10 SBLH,17
Brass Tree 9 SBLH  K-P,BRASS TREE 9 SBLH,830629,Brass Tree 9 SBLH  K-P BRASS TREE 9 SBLH,17
Brass K Fancy  P Cross  S Spl  11  POP PCS,BRASS K FANCY  P CROSS  S SPL  11  POP,741999,Brass K Fancy  P Cross  S Spl  11  POP PCS BRASS K FANCY  P CROSS  S SPL  11  POP,13
Brass K Fancy  P Cross  S Spl  13  POP PCS,BRASS K FANCY  P CROSS  S SPL  13  POP,741999,Brass K Fancy  P Cross  S Spl  13  POP PCS BRASS K FANCY  P CROSS  S SPL  13  POP,13
Brass K Fancy  P Cross  S Spl  15  POP PCS,BRASS K FANCY  P CROSS  S SPL  15  POP,741999,Brass K Fancy  P Cross  S Spl  15  POP PCS BRASS K FANCY  P CROSS  S SPL  15  POP,13
White Glass Diya MHDH  PCS,WHITE GLASS DIYA MHDH,830621,White Glass Diya MHDH  PCS WHITE GLASS DIYA MHDH,16
White Kadla Chimil   NO 1  MHDH PCS,WHITE KADLA CHIMIL  NO 1  MHDH,830621,White Kadla Chimil   NO 1  MHDH PCS WHITE KADLA CHIMIL  NO 1  MHDH,16
White Round Karanda Plate  MHDH PCS,WHITE ROUND KARANDA PLATE  MHDH,830621,White Round Karanda Plate  MHDH PCS WHITE ROUND KARANDA PLATE  MHDH,16
WhiteToda  Plate No 2  MHDH PCS,WHITETODA  PLATE NO 2  MHDH,830621,WhiteToda  Plate No 2  MHDH PCS WHITETODA  PLATE NO 2  MHDH,16
WhiteToda  Plate No 3  MHDH PCS,WHITETODA  PLATE NO 3  MHDH,830621,WhiteToda  Plate No 3  MHDH PCS WHITETODA  PLATE NO 3  MHDH,16
WhiteToda  Plate No 4  MHDH PCS,WHITETODA  PLATE NO 4  MHDH,830621,WhiteToda  Plate No 4  MHDH PCS WHITETODA  PLATE NO 4  MHDH,16
White Diamond  Plate No 2  MHDH PCS,WHITE DIAMOND  PLATE NO 2  MHDH,830621,White Diamond  Plate No 2  MHDH PCS WHITE DIAMOND  PLATE NO 2  MHDH,16
White Diamond  Plate No3  MHDH PCS,WHITE DIAMOND  PLATE NO3  MHDH,830621,White Diamond  Plate No3  MHDH PCS WHITE DIAMOND  PLATE NO3  MHDH,16
White Diamond  Plate No4  MHDH PCS,WHITE DIAMOND  PLATE NO4  MHDH,830621,White Diamond  Plate No4  MHDH PCS WHITE DIAMOND  PLATE NO4  MHDH,16
White Swastik R Plate 1  MHDH PCS,WHITE SWASTIK R PLATE 1  MHDH,830621,White Swastik R Plate 1  MHDH PCS WHITE SWASTIK R PLATE 1  MHDH,16
White Swastik R Plate 2  MHDH PCS,WHITE SWASTIK R PLATE 2  MHDH,830621,White Swastik R Plate 2  MHDH PCS WHITE SWASTIK R PLATE 2  MHDH,16
White Swastik R Plate 3  MHDH PCS,WHITE SWASTIK R PLATE 3  MHDH,830621,White Swastik R Plate 3  MHDH PCS WHITE SWASTIK R PLATE 3  MHDH,16
White Swastik R Plate 4  MHDH PCS,WHITE SWASTIK R PLATE 4  MHDH,830621,White Swastik R Plate 4  MHDH PCS WHITE SWASTIK R PLATE 4  MHDH,16
BRASS PUTTU KUDAM     ASB K-G,BRASS PUTTU KUDAM     ASB,741980,BRASS PUTTU KUDAM     ASB K-G BRASS PUTTU KUDAM     ASB,12
Brass M R Box Vilakku 8  MRC  K-P,BRASS M R BOX VILAKKU 8  MRC,741810,Brass M R Box Vilakku 8  MRC  K-P BRASS M R BOX VILAKKU 8  MRC,9
Brass M R Box Vilakku 5  MRC K-P,BRASS M R BOX VILAKKU 5  MRC,741810,Brass M R Box Vilakku 5  MRC K-P BRASS M R BOX VILAKKU 5  MRC,9
COPPER MONTHA FRD KG,COPPER MONTHA FRD,741810,COPPER MONTHA FRD KG COPPER MONTHA FRD,9
Brass Jaali Deepak Big  BNKI  K-P,BRASS JAALI DEEPAK BIG  BNKI,830629,Brass Jaali Deepak Big  BNKI  K-P BRASS JAALI DEEPAK BIG  BNKI,17
Brass Buddha Gol Base  BNKI  K-P,BRASS BUDDHA GOL BASE  BNKI,830629,Brass Buddha Gol Base  BNKI  K-P BRASS BUDDHA GOL BASE  BNKI,17
Brass Handle Deepak  BNKI  K-P,BRASS HANDLE DEEPAK  BNKI,830629,Brass Handle Deepak  BNKI  K-P BRASS HANDLE DEEPAK  BNKI,17
Brass Design Deepak  BNKI  K-P,BRASS DESIGN DEEPAK  BNKI,830629,Brass Design Deepak  BNKI  K-P BRASS DESIGN DEEPAK  BNKI,17
Brass Nandi Shivling Deepak  BNKI  K-P,BRASS NANDI SHIVLING DEEPAK  BNKI,830629,Brass Nandi Shivling Deepak  BNKI  K-P BRASS NANDI SHIVLING DEEPAK  BNKI,17
Brass Round Big Swastik Deepak  BNKI  K-P,BRASS ROUND BIG SWASTIK DEEPAK  BNKI,830629,Brass Round Big Swastik Deepak  BNKI  K-P BRASS ROUND BIG SWASTIK DEEPAK  BNKI,17
Brass Sanku Deep  BNKI  K-P,BRASS SANKU DEEP  BNKI,830629,Brass Sanku Deep  BNKI  K-P BRASS SANKU DEEP  BNKI,17
Brass Chakkara Deep  BNKI  K-P,BRASS CHAKKARA DEEP  BNKI,830629,Brass Chakkara Deep  BNKI  K-P BRASS CHAKKARA DEEP  BNKI,17
Brass Elephant Lamp  BNKI  K-P,BRASS ELEPHANT LAMP  BNKI,830629,Brass Elephant Lamp  BNKI  K-P BRASS ELEPHANT LAMP  BNKI,17
Brass Tamil Om   BNKI  K-P,BRASS TAMIL OM   BNKI,830629,Brass Tamil Om   BNKI  K-P BRASS TAMIL OM   BNKI,17
Brass Anna Lamp  BNKI  K-P,BRASS ANNA LAMP  BNKI,830629,Brass Anna Lamp  BNKI  K-P BRASS ANNA LAMP  BNKI,17
Brass Mouse  BNKI  K-P,BRASS MOUSE  BNKI,830629,Brass Mouse  BNKI  K-P BRASS MOUSE  BNKI,17
Brass Tortoies 5 Deepak  BNKI  K-P,BRASS TORTOIES 5 DEEPAK  BNKI,830629,Brass Tortoies 5 Deepak  BNKI  K-P BRASS TORTOIES 5 DEEPAK  BNKI,17
Brass Flower Patta Deepak  BNKI  K-P,BRASS FLOWER PATTA DEEPAK  BNKI,830629,Brass Flower Patta Deepak  BNKI  K-P BRASS FLOWER PATTA DEEPAK  BNKI,17
Brass Bird Hanging Deepak  BNKI  K-P,BRASS BIRD HANGING DEEPAK  BNKI,830629,Brass Bird Hanging Deepak  BNKI  K-P BRASS BIRD HANGING DEEPAK  BNKI,17
Brass Round Small Swastik Deepak  BNKI  K-P,BRASS ROUND SMALL SWASTIK DEEPAK  BNKI,830629,Brass Round Small Swastik Deepak  BNKI  K-P BRASS ROUND SMALL SWASTIK DEEPAK  BNKI,17
Brass Handel Nandi Deepak  BNKI  K-P,BRASS HANDEL NANDI DEEPAK  BNKI,830629,Brass Handel Nandi Deepak  BNKI  K-P BRASS HANDEL NANDI DEEPAK  BNKI,17
Brass Ganesh Latkan Deepak  BNKI  K-P,BRASS GANESH LATKAN DEEPAK  BNKI,830629,Brass Ganesh Latkan Deepak  BNKI  K-P BRASS GANESH LATKAN DEEPAK  BNKI,17
Brass Handel Deepak  BNKI  K-P,BRASS HANDEL DEEPAK  BNKI,830629,Brass Handel Deepak  BNKI  K-P BRASS HANDEL DEEPAK  BNKI,17
Brass Anna Latkan Singal Deepak  BNKI  K-P,BRASS ANNA LATKAN SINGAL DEEPAK  BNKI,830629,Brass Anna Latkan Singal Deepak  BNKI  K-P BRASS ANNA LATKAN SINGAL DEEPAK  BNKI,17
Brass Varahi with Round Deepak  BNKI  K-P,BRASS VARAHI WITH ROUND DEEPAK  BNKI,830629,Brass Varahi with Round Deepak  BNKI  K-P BRASS VARAHI WITH ROUND DEEPAK  BNKI,17
Brass Shank Chakra Plate C  BNKI  K-P,BRASS SHANK CHAKRA PLATE C  BNKI,830629,Brass Shank Chakra Plate C  BNKI  K-P BRASS SHANK CHAKRA PLATE C  BNKI,17
Brass Gol Base Anna Deepak  BNKI  K-P,BRASS GOL BASE ANNA DEEPAK  BNKI,830629,Brass Gol Base Anna Deepak  BNKI  K-P BRASS GOL BASE ANNA DEEPAK  BNKI,17
Brass Varahi Deepak  BNKI  K-P,BRASS VARAHI DEEPAK  BNKI,830629,Brass Varahi Deepak  BNKI  K-P BRASS VARAHI DEEPAK  BNKI,17
Brass Handel Design Deepak  BNKI  K-P,BRASS HANDEL DESIGN DEEPAK  BNKI,830629,Brass Handel Design Deepak  BNKI  K-P BRASS HANDEL DESIGN DEEPAK  BNKI,17
Brass Shank Single Deepak New  BNKI  K-P,BRASS SHANK SINGLE DEEPAK NEW  BNKI,830629,Brass Shank Single Deepak New  BNKI  K-P BRASS SHANK SINGLE DEEPAK NEW  BNKI,17
Brass Chakra Single Deepak New  BNKI  K-P,BRASS CHAKRA SINGLE DEEPAK NEW  BNKI,830629,Brass Chakra Single Deepak New  BNKI  K-P BRASS CHAKRA SINGLE DEEPAK NEW  BNKI,17
Brass Tamil Om Deepak  BNKI  K-P,BRASS TAMIL OM DEEPAK  BNKI,830629,Brass Tamil Om Deepak  BNKI  K-P BRASS TAMIL OM DEEPAK  BNKI,17
Brass Cow Calf Plane  BNKI  K-P,BRASS COW CALF PLANE  BNKI,830629,Brass Cow Calf Plane  BNKI  K-P BRASS COW CALF PLANE  BNKI,17
Brass Shank Chakraa Deepak  BNKI,BRASS SHANK CHAKRAA DEEPAK  BNKI,830629,Brass Shank Chakraa Deepak  BNKI BRASS SHANK CHAKRAA DEEPAK  BNKI,17
Brass Tortoises 5 Deepak  BNKI  K-P,BRASS TORTOISES 5 DEEPAK  BNKI,830629,Brass Tortoises 5 Deepak  BNKI  K-P BRASS TORTOISES 5 DEEPAK  BNKI,17
Brass Flower Four Deepak  BNKI  K-P,BRASS FLOWER FOUR DEEPAK  BNKI,830629,Brass Flower Four Deepak  BNKI  K-P BRASS FLOWER FOUR DEEPAK  BNKI,17
Brass Shankh Chakra Nama Lamp  BNKI  K-P,BRASS SHANKH CHAKRA NAMA LAMP  BNKI,830629,Brass Shankh Chakra Nama Lamp  BNKI  K-P BRASS SHANKH CHAKRA NAMA LAMP  BNKI,17
Brass Standing Shank Deepak  BNKI  K-P,BRASS STANDING SHANK DEEPAK  BNKI,830629,Brass Standing Shank Deepak  BNKI  K-P BRASS STANDING SHANK DEEPAK  BNKI,17
Brass Standing Chakra Deepak  BNKI  K-P,BRASS STANDING CHAKRA DEEPAK  BNKI,830629,Brass Standing Chakra Deepak  BNKI  K-P BRASS STANDING CHAKRA DEEPAK  BNKI,17
Brass Elephant Balaji Laxmi Deepak  BNKI  K-P,BRASS ELEPHANT BALAJI LAXMI DEEPAK  BNKI,830629,Brass Elephant Balaji Laxmi Deepak  BNKI  K-P BRASS ELEPHANT BALAJI LAXMI DEEPAK  BNKI,17
Brass Base Handle Deepak  BNKI  K-P,BRASS BASE HANDLE DEEPAK  BNKI,830629,Brass Base Handle Deepak  BNKI  K-P BRASS BASE HANDLE DEEPAK  BNKI,17
Brass Shankk Chakra Deepak  BNKI  K-P,BRASS SHANKK CHAKRA DEEPAK  BNKI,830629,Brass Shankk Chakra Deepak  BNKI  K-P BRASS SHANKK CHAKRA DEEPAK  BNKI,17
Brass Palna Ganesh New Design  BNKI  K-P,BRASS PALNA GANESH NEW DESIGN  BNKI,830629,Brass Palna Ganesh New Design  BNKI  K-P BRASS PALNA GANESH NEW DESIGN  BNKI,17
Brass Palna L + G  BNKI  K-P,BRASS PALNA L + G  BNKI,830629,Brass Palna L + G  BNKI  K-P BRASS PALNA L + G  BNKI,17
Brass Sev Sancha 450 KRSE PCS,BRASS SEV SANCHA 450 KRSE,741810,Brass Sev Sancha 450 KRSE PCS BRASS SEV SANCHA 450 KRSE,9
Brass Sev Sancha 600 KRSE PCS,BRASS SEV SANCHA 600 KRSE,741810,Brass Sev Sancha 600 KRSE PCS BRASS SEV SANCHA 600 KRSE,9
Brass Sev Sancha 700 KRSE PCS,BRASS SEV SANCHA 700 KRSE,741810,Brass Sev Sancha 700 KRSE PCS BRASS SEV SANCHA 700 KRSE,9
ACHATTI VILAKKU 2 SWA  PCS,ACHATTI VILAKKU 2 SWA,74181010,ACHATTI VILAKKU 2 SWA  PCS ACHATTI VILAKKU 2 SWA,24
ACHATTI VILAKKU 3 SWA  PCS,ACHATTI VILAKKU 3 SWA,74181010,ACHATTI VILAKKU 3 SWA  PCS ACHATTI VILAKKU 3 SWA,24
Brass Kuber Deep Tortoise 1  KMLH PCS,BRASS KUBER DEEP  TORTOISE 1  KMLH,74199930,Brass Kuber Deep Tortoise 1  KMLH PCS BRASS KUBER DEEP  TORTOISE 1  KMLH,29
Brass Masala Spice Box 7 KMLH PCS,BRASS MASALA SPICE BOX 7 KMLH,741999,Brass Masala Spice Box 7 KMLH PCS BRASS MASALA SPICE BOX 7 KMLH,13
Brass Arti Gol 11 KMLH  K-P,BRASS ARTI GOL 11 KMLH,741999,Brass Arti Gol 11 KMLH  K-P BRASS ARTI GOL 11 KMLH,13
BRASS HANDLE KOMCHA PLATE -14 RSH PCS,BRASS HANDLE KOMCHA PLATE -14 RSH,741999,BRASS HANDLE KOMCHA PLATE -14 RSH PCS BRASS HANDLE KOMCHA PLATE -14 RSH,13
Brass Rod Vadi Chilamb  KPS KG,BRASS ROD VADI CHILAMB  KPS,741999,Brass Rod Vadi Chilamb  KPS KG BRASS ROD VADI CHILAMB  KPS,13
Brass Juhu sruvam KPS KG,BRASS JUHU SRUVAM KPS,741999,Brass Juhu sruvam KPS KG BRASS JUHU SRUVAM KPS,13
Brass Rice Plate Korva KPS KG,BRASS RICE PLATE KORVA KPS,741999,Brass Rice Plate Korva KPS KG BRASS RICE PLATE KORVA KPS,13
White  Ganesh Pillar VRIN  MHDH PCS,WHITE  GANESH PILLAR VRIN  MHDH,830621,White  Ganesh Pillar VRIN  MHDH PCS WHITE  GANESH PILLAR VRIN  MHDH,16
White Budha Solid VIRN  MHDH PCS,WHITE BUDHA SOLID VIRN  MHDH,830621,White Budha Solid VIRN  MHDH PCS WHITE BUDHA SOLID VIRN  MHDH,16
White Ganesh VISN  MHDH PCS,WHITE GANESH VISN  MHDH,830621,White Ganesh VISN  MHDH PCS WHITE GANESH VISN  MHDH,16
White Laxmi VISN  MHDH pcs,WHITE LAXMI VISN  MHDH,830621,White Laxmi VISN  MHDH pcs WHITE LAXMI VISN  MHDH,16
White R.K Standing IHSN  MHDH PCS,WHITE R.K STANDING IHSN  MHDH,830621,White R.K Standing IHSN  MHDH PCS WHITE R.K STANDING IHSN  MHDH,16
White Elephant Solid GWR  MHDH PCS,WHITE ELEPHANT SOLID GWR  MHDH,830621,White Elephant Solid GWR  MHDH PCS WHITE ELEPHANT SOLID GWR  MHDH,16
White Elephant Solid NERM  MHDH PCS,WHITE ELEPHANT SOLID NERM  MHDH,830621,White Elephant Solid NERM  MHDH PCS WHITE ELEPHANT SOLID NERM  MHDH,16
White Krishna Solid SNRM  MHDH PCS,WHITE KRISHNA SOLID SNRM  MHDH,830621,White Krishna Solid SNRM  MHDH PCS WHITE KRISHNA SOLID SNRM  MHDH,16
White Natraj Big MHDH PCS,WHITE NATRAJ BIG MHDH,830621,White Natraj Big MHDH PCS WHITE NATRAJ BIG MHDH,16
White Sarash Pair C/W IEHR  MHDH PCS,WHITE SARASH PAIR C/W IEHR  MHDH,830621,White Sarash Pair C/W IEHR  MHDH PCS WHITE SARASH PAIR C/W IEHR  MHDH,16
White Elephant Solid IGHR  MHDH PCS,WHITE ELEPHANT SOLID IGHR  MHDH,830621,White Elephant Solid IGHR  MHDH PCS WHITE ELEPHANT SOLID IGHR  MHDH,16
White Elephant Solid VIRN  MHDH PCS,WHITE ELEPHANT SOLID VIRN  MHDH,830621,White Elephant Solid VIRN  MHDH PCS WHITE ELEPHANT SOLID VIRN  MHDH,16
White Elephant Solid VINM  MHDH PCS,WHITE ELEPHANT SOLID VINM  MHDH,830621,White Elephant Solid VINM  MHDH PCS WHITE ELEPHANT SOLID VINM  MHDH,16
White Elephant Solid VRWN  MHDH PCS,WHITE ELEPHANT SOLID VRWN  MHDH,830621,White Elephant Solid VRWN  MHDH PCS WHITE ELEPHANT SOLID VRWN  MHDH,16
White Saraswathi Holo VGNR  MHDH PCS,WHITE SARASWATHI HOLO VGNR  MHDH,830621,White Saraswathi Holo VGNR  MHDH PCS WHITE SARASWATHI HOLO VGNR  MHDH,16
White Laxmi Holo VINR  MHDH PCS,WHITE LAXMI HOLO VINR  MHDH,830621,White Laxmi Holo VINR  MHDH PCS WHITE LAXMI HOLO VINR  MHDH,16
White Ganesh Holo VIWR  MHDH PCS,WHITE GANESH HOLO VIWR  MHDH,830621,White Ganesh Holo VIWR  MHDH PCS WHITE GANESH HOLO VIWR  MHDH,16
White Ganesh Holo VSRN  MHDH PCS,WHITE GANESH HOLO VSRN  MHDH,830621,White Ganesh Holo VSRN  MHDH PCS WHITE GANESH HOLO VSRN  MHDH,16
White Ganesh Pole  VGNR  MHDH PCS,WHITE GANESH POLE  VGNR  MHDH,830621,White Ganesh Pole  VGNR  MHDH PCS WHITE GANESH POLE  VGNR  MHDH,16
White Ganesh Sata  EVRM  MHDH PCS,WHITE GANESH SATA  EVRM  MHDH,830621,White Ganesh Sata  EVRM  MHDH PCS WHITE GANESH SATA  EVRM  MHDH,16
White R.K Standing HWRM  MHDH PCS,WHITE R.K STANDING HWRM  MHDH,830621,White R.K Standing HWRM  MHDH PCS WHITE R.K STANDING HWRM  MHDH,16
White Ganesh Holo EVRM  MHDH PCS,WHITE GANESH HOLO EVRM  MHDH,830621,White Ganesh Holo EVRM  MHDH PCS WHITE GANESH HOLO EVRM  MHDH,16
White Ganesh Choki NERM  MHDH PCS,WHITE GANESH CHOKI NERM  MHDH,830621,White Ganesh Choki NERM  MHDH PCS WHITE GANESH CHOKI NERM  MHDH,16
White Laxmi Choki NGRM  MHDH PCS,WHITE LAXMI CHOKI NGRM  MHDH,830621,White Laxmi Choki NGRM  MHDH PCS WHITE LAXMI CHOKI NGRM  MHDH,16
White R.K Cow Solid WARM  MHDH PCS,WHITE R.K COW SOLID WARM  MHDH,830621,White R.K Cow Solid WARM  MHDH PCS WHITE R.K COW SOLID WARM  MHDH,16
White Kara Ganesh Big EHRM   MHDH PCS,WHITE KARA GANESH BIG EHRM   MHDH,830621,White Kara Ganesh Big EHRM   MHDH PCS WHITE KARA GANESH BIG EHRM   MHDH,16
White Cow Solid AERM  MHDH PCS,WHITE COW SOLID AERM  MHDH,830621,White Cow Solid AERM  MHDH PCS WHITE COW SOLID AERM  MHDH,16
White Cow Solid NERM  MHDH PCS,WHITE COW SOLID NERM  MHDH,830621,White Cow Solid NERM  MHDH PCS WHITE COW SOLID NERM  MHDH,16
White Cow Solid HRV  MHDH PCS,WHITE COW SOLID HRV  MHDH,830621,White Cow Solid HRV  MHDH PCS WHITE COW SOLID HRV  MHDH,16
White R.K Standing Vern  MHDH PCS,WHITE R.K STANDING VERN  MHDH,970300,White R.K Standing Vern  MHDH PCS WHITE R.K STANDING VERN  MHDH,18
BrassTemple Bell MHST K-G,BRASSTEMPLE BELL MHST,830621,BrassTemple Bell MHST K-G BRASSTEMPLE BELL MHST,16
Brass Kerala  Fancy  spl Peacock 5 SWA PCS,BRASS KERALA  FANCY  SPL PEACOCK 5 SWA,741810,Brass Kerala  Fancy  spl Peacock 5 SWA PCS BRASS KERALA  FANCY  SPL PEACOCK 5 SWA,9
Brass Kerala  Fancy  spl Peacock 4 SWA PCS,BRASS KERALA  FANCY  SPL PEACOCK 4 SWA,741810,Brass Kerala  Fancy  spl Peacock 4 SWA PCS BRASS KERALA  FANCY  SPL PEACOCK 4 SWA,9
Brass Kerala  Fancy  spl Peacock 3 SWA PCS,BRASS KERALA  FANCY  SPL PEACOCK 3 SWA,741810,Brass Kerala  Fancy  spl Peacock 3 SWA PCS BRASS KERALA  FANCY  SPL PEACOCK 3 SWA,9
Brass Kerala  Fancy  spl Peacock 2 SWA PCS,BRASS KERALA  FANCY  SPL PEACOCK 2 SWA,741810,Brass Kerala  Fancy  spl Peacock 2 SWA PCS BRASS KERALA  FANCY  SPL PEACOCK 2 SWA,9
Brass K Fancy  P Cross  S Spl  8  POP PCS,BRASS K FANCY  P CROSS  S SPL  8  POP,741999,Brass K Fancy  P Cross  S Spl  8  POP PCS BRASS K FANCY  P CROSS  S SPL  8  POP,13
Brass K Fancy  P Cross  S Spl  9  POP PCS,BRASS K FANCY  P CROSS  S SPL  9  POP,741999,Brass K Fancy  P Cross  S Spl  9  POP PCS BRASS K FANCY  P CROSS  S SPL  9  POP,13
Brass K Fancy  P Cross  S Spl  10  POP PCS,BRASS K FANCY  P CROSS  S SPL  10  POP,741999,Brass K Fancy  P Cross  S Spl  10  POP PCS BRASS K FANCY  P CROSS  S SPL  10  POP,13
Brass Full Para 4 To 7 ABS K-G,BRASS FULL PARA 4 TO 7 ABS,741810,Brass Full Para 4 To 7 ABS K-G BRASS FULL PARA 4 TO 7 ABS,9
Brass Vigraham Export  L W GV K-G,BRASS VIGRAHAM EXPORT  L  W GV,830629,Brass Vigraham Export  L W GV K-G BRASS VIGRAHAM EXPORT  L  W GV,17
Brass Frame Ram Darwar 5 GV PCS,BRASS FRAME RAM DARWAR 5 GV,830629,Brass Frame Ram Darwar 5 GV PCS BRASS FRAME RAM DARWAR 5 GV,17
Brass Blaji 19.5 GV K-P,BRASS BLAJI 19.5 GV,830629,Brass Blaji 19.5 GV K-P BRASS BLAJI 19.5 GV,17
Brass Cow And Child 7*8 GV K-P,BRASS COW AND CHILD 7*8 GV,830629,Brass Cow And Child 7*8 GV K-P BRASS COW AND CHILD 7*8 GV,17
Brass Krishna 9.5 GV  K-P,BRASS KRISHNA 9.5 GV,830629,Brass Krishna 9.5 GV  K-P BRASS KRISHNA 9.5 GV,17
Brass Balaji 12 GV K-P,BRASS BALAJI 12 GV,830629,Brass Balaji 12 GV K-P BRASS BALAJI 12 GV,17
Brass Fine Ayyappa 14 GV K-P,BRASS FINE AYYAPPA 14 GV,830629,Brass Fine Ayyappa 14 GV K-P BRASS FINE AYYAPPA 14 GV,17
Brass Laxmi Ganesh Set 1.25 GV K-P,BRASS LAXMI GANESH SET 1.25 GV,830629,Brass Laxmi Ganesh Set 1.25 GV K-P BRASS LAXMI GANESH SET 1.25 GV,17
Brass Uduppi Stand Kangura 1 DHIN K-P,BRASS UDUPPI STAND KANGURA 1 DHIN,741999,Brass Uduppi Stand Kangura 1 DHIN K-P BRASS UDUPPI STAND KANGURA 1 DHIN,13
Brass Dhoop Kaal 7 DHIN K-P,BRASS DHOOP KAAL 7 DHIN,741999,Brass Dhoop Kaal 7 DHIN K-P BRASS DHOOP KAAL 7 DHIN,13
Brass Nakshi Khomacha Plate 10 RSH K-P,BRASS NAKSHI KHOMACHA PLATE 10 RSH,741999,Brass Nakshi Khomacha Plate 10 RSH K-P BRASS NAKSHI KHOMACHA PLATE 10 RSH,13
Brass Nakshi Khomacha Plate 12 RSH K-P,BRASS NAKSHI KHOMACHA PLATE 12 RSH,741999,Brass Nakshi Khomacha Plate 12 RSH K-P BRASS NAKSHI KHOMACHA PLATE 12 RSH,13
Brass Nakshi Khomacha Plate 14 RSH K-P,BRASS NAKSHI KHOMACHA PLATE 14 RSH,741999,Brass Nakshi Khomacha Plate 14 RSH K-P BRASS NAKSHI KHOMACHA PLATE 14 RSH,13
Brass Copper Glass Thumsup RSH PCS,BRASS COPPER GLASS THUMSUP RSH,741999,Brass Copper Glass Thumsup RSH PCS BRASS COPPER GLASS THUMSUP RSH,13
Brass Ag Peacock Colour RSH PCS,BRASS AG PEACOCK COLOUR RSH,741999,Brass Ag Peacock Colour RSH PCS BRASS AG PEACOCK COLOUR RSH,13
Brass Ag Madrasi Plate Colour RSH PCS,BRASS AG MADRASI PLATE COLOUR RSH,741999,Brass Ag Madrasi Plate Colour RSH PCS BRASS AG MADRASI PLATE COLOUR RSH,13
Brass Ag Butterfly Colour RSH PCS,BRASS AG BUTTERFLY COLOUR RSH,741999,Brass Ag Butterfly Colour RSH PCS BRASS AG BUTTERFLY COLOUR RSH,13
Brass Ag Leaf Colour RSH Pcs,BRASS AG LEAF COLOUR RSH,741999,Brass Ag Leaf Colour RSH Pcs BRASS AG LEAF COLOUR RSH,13
Brass Dhoop Arthi 10   SHILP PCS,BRASS DHOOP ARTHI 10   SHILP,741810,Brass Dhoop Arthi 10   SHILP PCS BRASS DHOOP ARTHI 10   SHILP,9
Brass Arthi Lamb 1513  IHC PCS,BRASS ARTHI LAMB 1513  IHC,741999,Brass Arthi Lamb 1513  IHC PCS BRASS ARTHI LAMB 1513  IHC,13
Brass Laxmi Deep Stand 1 UNIQ PCS,BRASS LAXMI DEEP STAND 1 UNIQ,74181010,Brass Laxmi Deep Stand 1 UNIQ PCS BRASS LAXMI DEEP STAND 1 UNIQ,24
Brass Laxmi Deep Stand 3 UNIQ PCS,BRASS LAXMI DEEP STAND 3 UNIQ,74181010,Brass Laxmi Deep Stand 3 UNIQ PCS BRASS LAXMI DEEP STAND 3 UNIQ,24
Brass Palna Ganesh   BNKI  K-P,BRASS PALNA GANESH   BNKI,83062910,Brass Palna Ganesh   BNKI  K-P BRASS PALNA GANESH   BNKI,36
Brass Spoon Udarni 5 KPS PCS,BRASS SPOON UDARNI 5 KPS,741999,Brass Spoon Udarni 5 KPS PCS BRASS SPOON UDARNI 5 KPS,13
Wood  Massager D Cutler  DIVI PCS,WOOD  MASSAGER D CUTLER  DIVI,44201000,Wood  Massager D Cutler  DIVI PCS WOOD  MASSAGER D CUTLER  DIVI,21
Wood  Massager Handle Cutler  DIVI PCS,WOOD  MASSAGER HANDLE CUTLER  DIVI,44201000,Wood  Massager Handle Cutler  DIVI PCS WOOD  MASSAGER HANDLE CUTLER  DIVI,21
Wood  Massager Half  Round  DIVI PCS,WOOD  MASSAGER HALF  ROUND  DIVI,44201000,Wood  Massager Half  Round  DIVI PCS WOOD  MASSAGER HALF  ROUND  DIVI,21
Wood  Massager Four Ball  DIVI PCS,WOOD  MASSAGER FOUR BALL  DIVI,44201000,Wood  Massager Four Ball  DIVI PCS WOOD  MASSAGER FOUR BALL  DIVI,21
Wood  Massager Long Handle DIVI PCS,WOOD  MASSAGER LONG HANDLE DIVI,44201000,Wood  Massager Long Handle DIVI PCS WOOD  MASSAGER LONG HANDLE DIVI,21
Wood  Massager 2 Ball  DIVI PCS,WOOD  MASSAGER 2 BALL  DIVI,44201000,Wood  Massager 2 Ball  DIVI PCS WOOD  MASSAGER 2 BALL  DIVI,21
BRASS ARTHI-2,BRASS ARTHI-2,74181021,BRASS ARTHI-2 BRASS ARTHI-2,25
Brass Lotus Pandi Salaidar-0  FIN  PCS,BRASS LOTUS PANDI SALAIDAR-0  FIN,74181010,Brass Lotus Pandi Salaidar-0  FIN  PCS BRASS LOTUS PANDI SALAIDAR-0  FIN,24
Brass Rat Bull Cart  SF 4.5 SBLH K-P,BRASS RAT BULL CART  SF 4.5 SBLH,830629,Brass Rat Bull Cart  SF 4.5 SBLH K-P BRASS RAT BULL CART  SF 4.5 SBLH,17
Brass Asta Laxmi Uruli 30 SBLH K-P,BRASS ASTA LAXMI URULI 30 SBLH,830629,Brass Asta Laxmi Uruli 30 SBLH K-P BRASS ASTA LAXMI URULI 30 SBLH,17
Brass Deepak MF Spl 650  SBLH K-P,BRASS DEEPAK MF SPL 650  SBLH,830629,Brass Deepak MF Spl 650  SBLH K-P BRASS DEEPAK MF SPL 650  SBLH,17
Brass Jhoola Chain Lacer A  SBLH  KG,BRASS JHOOLA CHAIN LACER A  SBLH,830629,Brass Jhoola Chain Lacer A  SBLH  KG BRASS JHOOLA CHAIN LACER A  SBLH,17
Brass New  Krishna  MHJN K-P,BRASS NEW  KRISHNA  MHJN,830629,Brass New  Krishna  MHJN K-P BRASS NEW  KRISHNA  MHJN,17
Brass New  Parvathi  MHJN K-P,BRASS NEW  PARVATHI  MHJN,830629,Brass New  Parvathi  MHJN K-P BRASS NEW  PARVATHI  MHJN,17
Brass Ganesh Rat  MHJN K-P,BRASS GANESH RAT  MHJN,830629,Brass Ganesh Rat  MHJN K-P BRASS GANESH RAT  MHJN,17
Brass Ganesh  MHJN K-P,BRASS GANESH  MHJN,830629,Brass Ganesh  MHJN K-P BRASS GANESH  MHJN,17
Brass Ganesh Maharaja  MHJN K-P,BRASS GANESH MAHARAJA  MHJN,830629,Brass Ganesh Maharaja  MHJN K-P BRASS GANESH MAHARAJA  MHJN,17
Brass Lion  Ganesh   MHJN K-P,BRASS LION  GANESH   MHJN,830629,Brass Lion  Ganesh   MHJN K-P BRASS LION  GANESH   MHJN,17
Brass Radha Krishna Tree Joint   MHJN K-P,BRASS RADHA KRISHNA TREE JOINT   MHJN,830629,Brass Radha Krishna Tree Joint   MHJN K-P BRASS RADHA KRISHNA TREE JOINT   MHJN,17
Brass Chair Ganesh  MHJN K-P,BRASS CHAIR GANESH  MHJN,830629,Brass Chair Ganesh  MHJN K-P BRASS CHAIR GANESH  MHJN,17
Wood  Chapati Box Fin Carved 8  DIVI PCS,WOOD  CHAPATI BOX FIN CARVED 8  DIVI,44201000,Wood  Chapati Box Fin Carved 8  DIVI PCS WOOD  CHAPATI BOX FIN CARVED 8  DIVI,21
Wood  Chapati Box Glossy Plain 9DIVI PCS,WOOD  CHAPATI BOX GLOSSY PLAIN 9DIVI,44201000,Wood  Chapati Box Glossy Plain 9DIVI PCS WOOD  CHAPATI BOX GLOSSY PLAIN 9DIVI,21
Wood  OM Key Hanger 3 Pz Set DIVI PCS,WOOD  OM KEY HANGER 3 PZ SET DIVI,44201000,Wood  OM Key Hanger 3 Pz Set DIVI PCS WOOD  OM KEY HANGER 3 PZ SET DIVI,21
Wood  Wheel Key Hanger 3 Pz Set DIVI PCS,WOOD  WHEEL KEY HANGER 3 PZ SET DIVI,44201000,Wood  Wheel Key Hanger 3 Pz Set DIVI PCS WOOD  WHEEL KEY HANGER 3 PZ SET DIVI,21
Wood  Kajoer Key Hanger  DIVI PCS,WOOD  KAJOER KEY HANGER  DIVI,44201000,Wood  Kajoer Key Hanger  DIVI PCS WOOD  KAJOER KEY HANGER  DIVI,21
Wood Umberla Key Hanger  DIVI PCS,WOOD UMBERLA KEY HANGER  DIVI,44201000,Wood Umberla Key Hanger  DIVI PCS WOOD UMBERLA KEY HANGER  DIVI,21
Wood Lock Key Hanger 3 Pz Set  DIVI PCS,WOOD LOCK KEY HANGER 3 PZ SET  DIVI,44201000,Wood Lock Key Hanger 3 Pz Set  DIVI PCS WOOD LOCK KEY HANGER 3 PZ SET  DIVI,21
Wood Key Key Hanger 3 Pz Set  DIVI PCS,WOOD KEY KEY HANGER 3 PZ SET  DIVI,44201000,Wood Key Key Hanger 3 Pz Set  DIVI PCS WOOD KEY KEY HANGER 3 PZ SET  DIVI,21
Wood Guitar Key Hanger 3 Pz Set  DIVI PCS,WOOD GUITAR KEY HANGER 3 PZ SET  DIVI,44201000,Wood Guitar Key Hanger 3 Pz Set  DIVI PCS WOOD GUITAR KEY HANGER 3 PZ SET  DIVI,21
Wood Money Banks 6*4  BG DIVI PCS,WOOD MONEY BANKS 6*4  BG DIVI,44201000,Wood Money Banks 6*4  BG DIVI PCS WOOD MONEY BANKS 6*4  BG DIVI,21
Wood Math 6*3 DIVI PCS,WOOD MATH 6*3 DIVI,44201000,Wood Math 6*3 DIVI PCS WOOD MATH 6*3 DIVI,21
Wood Money Bank Full FC 4*4 DIVI PCS,WOOD MONEY BANK FULL FC 4*4 DIVI,44201000,Wood Money Bank Full FC 4*4 DIVI PCS WOOD MONEY BANK FULL FC 4*4 DIVI,21
Wood Candle Stand 3 Pz Set DIVI PCS,WOOD CANDLE STAND 3 PZ SET DIVI,44201000,Wood Candle Stand 3 Pz Set DIVI PCS WOOD CANDLE STAND 3 PZ SET DIVI,21
Wood Bangle Stand 4 Rod DIVI PCS,WOOD BANGLE STAND 4 ROD DIVI,44201000,Wood Bangle Stand 4 Rod DIVI PCS WOOD BANGLE STAND 4 ROD DIVI,21
Wood Cudlery Holder Drum DIVI PCS,WOOD CUDLERY HOLDER DRUM DIVI,44201000,Wood Cudlery Holder Drum DIVI PCS WOOD CUDLERY HOLDER DRUM DIVI,21
Wood Roller 14*1.5 White DIVI PCS,WOOD ROLLER 14*1.5 WHITE DIVI,44201000,Wood Roller 14*1.5 White DIVI PCS WOOD ROLLER 14*1.5 WHITE DIVI,21
Brass Om Trishul With Dumroo BNKI K-P,BRASS OM TRISHUL WITH DUMROO BNKI,83062910,Brass Om Trishul With Dumroo BNKI K-P BRASS OM TRISHUL WITH DUMROO BNKI,36
Brass Elephant Laxmi Deepak BNKI K-P,BRASS ELEPHANT LAXMI DEEPAK BNKI,83062910,Brass Elephant Laxmi Deepak BNKI K-P BRASS ELEPHANT LAXMI DEEPAK BNKI,36
Brass Square Choki Ganesh BNKI K-P,BRASS SQUARE CHOKI GANESH BNKI,83062910,Brass Square Choki Ganesh BNKI K-P BRASS SQUARE CHOKI GANESH BNKI,36
Brass Square Choki Laxmi  BNKI K-P,BRASS SQUARE CHOKI LAXMI  BNKI,83062910,Brass Square Choki Laxmi  BNKI K-P BRASS SQUARE CHOKI LAXMI  BNKI,36
Brass LW Kamal LG  BNKI KP,BRASS LW KAMAL LG  BNKI,83062910,Brass LW Kamal LG  BNKI KP BRASS LW KAMAL LG  BNKI,36
Brass LW Mat Elephant  BNKI K-P,BRASS LW MAT ELEPHANT  BNKI,83062910,Brass LW Mat Elephant  BNKI K-P BRASS LW MAT ELEPHANT  BNKI,36
Brass LW Mat Elephant  BNKI,BRASS LW MAT ELEPHANT  BNKI,83062910,Brass LW Mat Elephant  BNKI BRASS LW MAT ELEPHANT  BNKI,36
Brass Arthi Deepak  BNKI K-P,BRASS ARTHI DEEPAK  BNKI,83062910,Brass Arthi Deepak  BNKI K-P BRASS ARTHI DEEPAK  BNKI,36
Brass Shank With Base  BNKI K-P,BRASS SHANK WITH BASE  BNKI,83062910,Brass Shank With Base  BNKI K-P BRASS SHANK WITH BASE  BNKI,36
Brass Cow Krishna  BNKI K-P,BRASS COW KRISHNA  BNKI,83062910,Brass Cow Krishna  BNKI K-P BRASS COW KRISHNA  BNKI,36
Brass Peacock P Arthi Small 5 RSH K-P,BRASS PEACOCK P ARTHI SMALL 5 RSH,741999,Brass Peacock P Arthi Small 5 RSH K-P BRASS PEACOCK P ARTHI SMALL 5 RSH,13
Brass Puttu Kudam SWA KG,BRASS PUTTU KUDAM SWA,74181010,Brass Puttu Kudam SWA KG BRASS PUTTU KUDAM SWA,24
Brass Half Para  SPL ARDH KG,BRASS HALF PARA  SPL ARDH,741999,Brass Half Para  SPL ARDH KG BRASS HALF PARA  SPL ARDH,13
Wood Jewel Box Kerala 7*6*6  MENH PCS,WOOD JEWEL BOX KERALA 7*6*6  MENH,44190010,Wood Jewel Box Kerala 7*6*6  MENH PCS WOOD JEWEL BOX KERALA 7*6*6  MENH,20
Brass Kawadi Bell   KART KG,BRASS KAWADI BELL   KART,83062120,Brass Kawadi Bell   KART KG BRASS KAWADI BELL   KART,34
Brass Asta Laxmi Lotta 9 SAI PCS,BRASS ASTA LAXMI LOTTA 9 SAI,741810,Brass Asta Laxmi Lotta 9 SAI PCS BRASS ASTA LAXMI LOTTA 9 SAI,9
Brass Asta Laxmi Lotta 10 SAI  PCS,BRASS ASTA LAXMI LOTTA 10 SAI,741810,Brass Asta Laxmi Lotta 10 SAI  PCS BRASS ASTA LAXMI LOTTA 10 SAI,9
Copper  Asta Laxmi Lotta 8 SAI  PCS,COPPER  ASTA LAXMI LOTTA 8 SAI,741810,Copper  Asta Laxmi Lotta 8 SAI  PCS COPPER  ASTA LAXMI LOTTA 8 SAI,9
Copper  Asta Laxmi Lotta 9 SAI PCS,COPPER  ASTA LAXMI LOTTA 9 SAI,741810,Copper  Asta Laxmi Lotta 9 SAI PCS COPPER  ASTA LAXMI LOTTA 9 SAI,9
Copper  Asta Laxmi Lotta 10 SAI PCS,COPPER  ASTA LAXMI LOTTA 10 SAI,741810,Copper  Asta Laxmi Lotta 10 SAI PCS COPPER  ASTA LAXMI LOTTA 10 SAI,9
Brass  Asta Laxmi Kudam 5 SAI  PCS,BRASS  ASTA LAXMI KUDAM 5 SAI,741810,Brass  Asta Laxmi Kudam 5 SAI  PCS BRASS  ASTA LAXMI KUDAM 5 SAI,9
Brass  Asta Laxmi Kudam 4 SAI PCS,BRASS  ASTA LAXMI KUDAM 4 SAI,741810,Brass  Asta Laxmi Kudam 4 SAI PCS BRASS  ASTA LAXMI KUDAM 4 SAI,9
Brass  Asta Laxmi Kudam 3 SAI PCS,BRASS  ASTA LAXMI KUDAM 3 SAI,741810,Brass  Asta Laxmi Kudam 3 SAI PCS BRASS  ASTA LAXMI KUDAM 3 SAI,9
Brass Frame Ramdarbar 2.5   SBLH K-P,BRASS FRAME RAMDARBAR 2.5   SBLH,830629,Brass Frame Ramdarbar 2.5   SBLH K-P BRASS FRAME RAMDARBAR 2.5   SBLH,17
Brass Frame Ramdarbar 4   SBLH K-P,BRASS FRAME RAMDARBAR 4   SBLH,830629,Brass Frame Ramdarbar 4   SBLH K-P BRASS FRAME RAMDARBAR 4   SBLH,17
Brass Krishna  4.5   SBLH K-P,BRASS KRISHNA  4.5   SBLH,830629,Brass Krishna  4.5   SBLH K-P BRASS KRISHNA  4.5   SBLH,17
Brass Krishna  6.5   SBLH K-P,BRASS KRISHNA  6.5   SBLH,830629,Brass Krishna  6.5   SBLH K-P BRASS KRISHNA  6.5   SBLH,17
Brass Ayyappa 100   SBLH K-P,BRASS AYYAPPA 100   SBLH,830629,Brass Ayyappa 100   SBLH K-P BRASS AYYAPPA 100   SBLH,17
Brass Ayyappa 200   SBLH K-P,BRASS AYYAPPA 200   SBLH,830629,Brass Ayyappa 200   SBLH K-P BRASS AYYAPPA 200   SBLH,17
Brass Dhoop Arthi 8  SHLP PCS,BRASS DHOOP ARTHI 8  SHLP,741810,Brass Dhoop Arthi 8  SHLP PCS BRASS DHOOP ARTHI 8  SHLP,9
Brass Madhubala Plate SHLP  KG,BRASS MADHUBALA PLATE SHLP,74181010,Brass Madhubala Plate SHLP  KG BRASS MADHUBALA PLATE SHLP,24
Brass Tamil Om Muruga 2 Deep  SWA  PCS,BRASS TAMIL OM MURUGA 2 DEEP  SWA,74181010,Brass Tamil Om Muruga 2 Deep  SWA  PCS BRASS TAMIL OM MURUGA 2 DEEP  SWA,24
Brass Frame Ganesh 7  SBLH,BRASS FRAME GANESH 7  SBLH,830629,Brass Frame Ganesh 7  SBLH BRASS FRAME GANESH 7  SBLH,17
Brass Frame Laxmi 6.5  SBLH,BRASS FRAME LAXMI 6.5  SBLH,830629,Brass Frame Laxmi 6.5  SBLH BRASS FRAME LAXMI 6.5  SBLH,17
Brass Frame Saraswathi 6.5  SBLH,BRASS FRAME SARASWATHI 6.5  SBLH,830629,Brass Frame Saraswathi 6.5  SBLH BRASS FRAME SARASWATHI 6.5  SBLH,17
Brass Frame Ramdarbar 3687  7.5  SBLH     K-P,BRASS FRAME RAMDARBAR 3687  7.5  SBLH,830629,Brass Frame Ramdarbar 3687  7.5  SBLH     K-P BRASS FRAME RAMDARBAR 3687  7.5  SBLH,17
Brass  Krishna 3.5  SBLH,BRASS  KRISHNA 3.5  SBLH,830629,Brass  Krishna 3.5  SBLH BRASS  KRISHNA 3.5  SBLH,17
Brass Padmanabha Swami  3739  1.8 SBLH,BRASS PADMANABHA SWAMI  3739  1.8 SBLH,830629,Brass Padmanabha Swami  3739  1.8 SBLH BRASS PADMANABHA SWAMI  3739  1.8 SBLH,17
Brass Tree 4.5  SBLH,BRASS TREE 4.5  SBLH,830629,Brass Tree 4.5  SBLH BRASS TREE 4.5  SBLH,17
Brass Tortoise Step  Vilakku  SWA KG,BRASS TORTOISE STEP  VILAKKU  SWA,74181010,Brass Tortoise Step  Vilakku  SWA KG BRASS TORTOISE STEP  VILAKKU  SWA,24
Brass  Vel With Stand Gold 5 SWA PCS,BRASS  VEL WITH STAND GOLD 5 SWA,74181010,Brass  Vel With Stand Gold 5 SWA PCS BRASS  VEL WITH STAND GOLD 5 SWA,24
Brass Ag Lotus Bowl-1  KMLH PCS,BRASS AG LOTUS BOWL-1  KMLH,741999,Brass Ag Lotus Bowl-1  KMLH PCS BRASS AG LOTUS BOWL-1  KMLH,13
Brass Kuber Deep  Tortoise 00  KMLH PCS,BRASS KUBER DEEP  TORTOISE 00  KMLH,74199930,Brass Kuber Deep  Tortoise 00  KMLH PCS BRASS KUBER DEEP  TORTOISE 00  KMLH,29
Brass Arthi Gol 7 KMLH  K-P,BRASS ARTHI GOL 7 KMLH,741999,Brass Arthi Gol 7 KMLH  K-P BRASS ARTHI GOL 7 KMLH,13
Brass Arthi Gol 9 KMLH K-P,BRASS ARTHI GOL 9 KMLH,741999,Brass Arthi Gol 9 KMLH K-P BRASS ARTHI GOL 9 KMLH,13
Brass Masala Box (Spice Box) 8 KMLH PCS,BRASS MASALA BOX (SPICE BOX) 8 KMLH,741999,Brass Masala Box (Spice Box) 8 KMLH PCS BRASS MASALA BOX (SPICE BOX) 8 KMLH,13
Brass Kuber Deep Tortoise 000 KMLH PCS,BRASS KUBER DEEP TORTOISE 000 KMLH,74199930,Brass Kuber Deep Tortoise 000 KMLH PCS BRASS KUBER DEEP TORTOISE 000 KMLH,29
Brass Sindoor Pot Pan Plate 369 Single  DHIN  PCS,BRASS SINDOOR POT PAN PLATE 369 SINGLE  DHIN,741999,Brass Sindoor Pot Pan Plate 369 Single  DHIN  PCS BRASS SINDOOR POT PAN PLATE 369 SINGLE  DHIN,13
Brass Ettapally Spl Vilaku No. 9  DHIN  K-P,BRASS ETTAPALLY SPL VILAKU NO. 9  DHIN,741999,Brass Ettapally Spl Vilaku No. 9  DHIN  K-P BRASS ETTAPALLY SPL VILAKU NO. 9  DHIN,13
Brass Montha 8   SDHRA  K-P,BRASS MONTHA 8   SDHRA,74181010,Brass Montha 8   SDHRA  K-P BRASS MONTHA 8   SDHRA,24
Brass New Kalash L+G Bale 6  GV,BRASS NEW KALASH L+G BALE 6  GV,83062910,Brass New Kalash L+G Bale 6  GV BRASS NEW KALASH L+G BALE 6  GV,36
Brass TCR Spl Vilakku 10  SRJM  PCS,BRASS TCR SPL VILAKKU 10  SRJM,741810,Brass TCR Spl Vilakku 10  SRJM  PCS BRASS TCR SPL VILAKKU 10  SRJM,9
Brass TCR Spl Vilakku 11  SRJM  PCS,BRASS TCR SPL VILAKKU 11  SRJM,741810,Brass TCR Spl Vilakku 11  SRJM  PCS BRASS TCR SPL VILAKKU 11  SRJM,9
Brass TCR Spl Vilakku 12  SRJM  PCS,BRASS TCR SPL VILAKKU 12  SRJM,741810,Brass TCR Spl Vilakku 12  SRJM  PCS BRASS TCR SPL VILAKKU 12  SRJM,9
Brass TCR Spl Vilakku 14  SRJM  PCS,BRASS TCR SPL VILAKKU 14  SRJM,741810,Brass TCR Spl Vilakku 14  SRJM  PCS BRASS TCR SPL VILAKKU 14  SRJM,9
Brass AKP Spl Vilakku 7  SRJM  PCS,BRASS AKP SPL VILAKKU 7  SRJM,741810,Brass AKP Spl Vilakku 7  SRJM  PCS BRASS AKP SPL VILAKKU 7  SRJM,9
Brass AKP Spl Vilakku 8  SRJM  PCS,BRASS AKP SPL VILAKKU 8  SRJM,741810,Brass AKP Spl Vilakku 8  SRJM  PCS BRASS AKP SPL VILAKKU 8  SRJM,9
Brass AKP Spl Vilakku 9  SRJM  PCS,BRASS AKP SPL VILAKKU 9  SRJM,741810,Brass AKP Spl Vilakku 9  SRJM  PCS BRASS AKP SPL VILAKKU 9  SRJM,9
Brass AKP Spl Vilakku 10  SRJM  PCS,BRASS AKP SPL VILAKKU 10  SRJM,741810,Brass AKP Spl Vilakku 10  SRJM  PCS BRASS AKP SPL VILAKKU 10  SRJM,9
Brass AKP Spl Vilakku 11  SRJM  PCS,BRASS AKP SPL VILAKKU 11  SRJM,741810,Brass AKP Spl Vilakku 11  SRJM  PCS BRASS AKP SPL VILAKKU 11  SRJM,9
Brass AKP Spl Vilakku 12  SRJM  PCS,BRASS AKP SPL VILAKKU 12  SRJM,741810,Brass AKP Spl Vilakku 12  SRJM  PCS BRASS AKP SPL VILAKKU 12  SRJM,9
Brass Kamakshi Deep 12  SRJM  PCS,BRASS KAMAKSHI DEEP 12  SRJM,741810,Brass Kamakshi Deep 12  SRJM  PCS BRASS KAMAKSHI DEEP 12  SRJM,9
Brass Kamakshi Deep 16  SRJM  PCS,BRASS KAMAKSHI DEEP 16  SRJM,741810,Brass Kamakshi Deep 16  SRJM  PCS BRASS KAMAKSHI DEEP 16  SRJM,9
Brass Plate No. 8  SRJM  K-P,BRASS PLATE NO. 8  SRJM,741999,Brass Plate No. 8  SRJM  K-P BRASS PLATE NO. 8  SRJM,13
Brass Plate No. 9  SRJM  K-P,BRASS PLATE NO. 9  SRJM,741999,Brass Plate No. 9  SRJM  K-P BRASS PLATE NO. 9  SRJM,13
Brass Plate No. 10  SRJM  K-P,BRASS PLATE NO. 10  SRJM,741999,Brass Plate No. 10  SRJM  K-P BRASS PLATE NO. 10  SRJM,13
Brass Plate No. 11  SRJM  K-P,BRASS PLATE NO. 11  SRJM,741999,Brass Plate No. 11  SRJM  K-P BRASS PLATE NO. 11  SRJM,13
Brass Plate No. 14  SRJM  K-P,BRASS PLATE NO. 14  SRJM,741999,Brass Plate No. 14  SRJM  K-P BRASS PLATE NO. 14  SRJM,13
Brass Kottar Vilakku No. 10  SRJM  K-P,BRASS KOTTAR VILAKKU NO. 10  SRJM,741810,Brass Kottar Vilakku No. 10  SRJM  K-P BRASS KOTTAR VILAKKU NO. 10  SRJM,9
Brass Kottar Vilakku No. 12  SRJM  K-P,BRASS KOTTAR VILAKKU NO. 12  SRJM,741810,Brass Kottar Vilakku No. 12  SRJM  K-P BRASS KOTTAR VILAKKU NO. 12  SRJM,9
Brass Kottar Vilakku No. 14  SRJM  K-P,BRASS KOTTAR VILAKKU NO. 14  SRJM,741810,Brass Kottar Vilakku No. 14  SRJM  K-P BRASS KOTTAR VILAKKU NO. 14  SRJM,9
Brass Kottar Vilakku No. 16  SRJM  K-P,BRASS KOTTAR VILAKKU NO. 16  SRJM,741810,Brass Kottar Vilakku No. 16  SRJM  K-P BRASS KOTTAR VILAKKU NO. 16  SRJM,9
Brass Kottar Vilakku No. 18  SRJM  K-P,BRASS KOTTAR VILAKKU NO. 18  SRJM,741810,Brass Kottar Vilakku No. 18  SRJM  K-P BRASS KOTTAR VILAKKU NO. 18  SRJM,9
Brass Kottar Vilakku No. 20  SRJM  K-P,BRASS KOTTAR VILAKKU NO. 20  SRJM,741810,Brass Kottar Vilakku No. 20  SRJM  K-P BRASS KOTTAR VILAKKU NO. 20  SRJM,9
Brass Arthi 3 Step  SRJM  K-P,BRASS ARTHI 3 STEP  SRJM,741810,Brass Arthi 3 Step  SRJM  K-P BRASS ARTHI 3 STEP  SRJM,9
Brass AKP MW Vilakku 28  SRJM  K-P,BRASS AKP MW VILAKKU 28  SRJM,741810,Brass AKP MW Vilakku 28  SRJM  K-P BRASS AKP MW VILAKKU 28  SRJM,9
Brass Agardan Mix  SRJM  PCS,BRASS AGARDAN MIX  SRJM,741810,Brass Agardan Mix  SRJM  PCS BRASS AGARDAN MIX  SRJM,9
Brass Agardan Sampat 2  SRJM  PCS,BRASS AGARDAN SAMPAT 2  SRJM,741810,Brass Agardan Sampat 2  SRJM  PCS BRASS AGARDAN SAMPAT 2  SRJM,9
Brass Agardan Rocket No. 2  SRJM  PCS,BRASS AGARDAN ROCKET NO. 2  SRJM,741810,Brass Agardan Rocket No. 2  SRJM  PCS BRASS AGARDAN ROCKET NO. 2  SRJM,9
Brass Agardan Rocket No. 4  SRJM  PCS,BRASS AGARDAN ROCKET NO. 4  SRJM,741810,Brass Agardan Rocket No. 4  SRJM  PCS BRASS AGARDAN ROCKET NO. 4  SRJM,9
Brass Agardan Kalash No. 1  SRJM  PCS,BRASS AGARDAN KALASH NO. 1  SRJM,741810,Brass Agardan Kalash No. 1  SRJM  PCS BRASS AGARDAN KALASH NO. 1  SRJM,9
Brass Agardan Kalash No. 3  SRJM  PCS,BRASS AGARDAN KALASH NO. 3  SRJM,741810,Brass Agardan Kalash No. 3  SRJM  PCS BRASS AGARDAN KALASH NO. 3  SRJM,9
Brass Agardan Piyali No. 1  SRJM  PCS,BRASS AGARDAN PIYALI NO. 1  SRJM,741810,Brass Agardan Piyali No. 1  SRJM  PCS BRASS AGARDAN PIYALI NO. 1  SRJM,9
Brass Agardan Piyali No. 3  SRJM  PCS,BRASS AGARDAN PIYALI NO. 3  SRJM,741810,Brass Agardan Piyali No. 3  SRJM  PCS BRASS AGARDAN PIYALI NO. 3  SRJM,9
Brass AKP Spl Vilakku 14  SRJM  PCS,BRASS AKP SPL VILAKKU 14  SRJM,741810,Brass AKP Spl Vilakku 14  SRJM  PCS BRASS AKP SPL VILAKKU 14  SRJM,9
Brass AKP Spl Vilakku 16  SRJM  PCS,BRASS AKP SPL VILAKKU 16  SRJM,741810,Brass AKP Spl Vilakku 16  SRJM  PCS BRASS AKP SPL VILAKKU 16  SRJM,9
Brass AKP Spl Vilakku 18  SRJM  PCS,BRASS AKP SPL VILAKKU 18  SRJM,741810,Brass AKP Spl Vilakku 18  SRJM  PCS BRASS AKP SPL VILAKKU 18  SRJM,9
Brass TCR Vilakku MW  11  SRJM     K-P,BRASS TCR VILAKKU MW  11  SRJM,741810,Brass TCR Vilakku MW  11  SRJM     K-P BRASS TCR VILAKKU MW  11  SRJM,9
Brass TCR Vilakku MW  12  SRJM        K-P,BRASS TCR VILAKKU MW  12  SRJM,741810,Brass TCR Vilakku MW  12  SRJM        K-P BRASS TCR VILAKKU MW  12  SRJM,9
Brass TCR Vilakku MW  14  SRJM        K-P,BRASS TCR VILAKKU MW  14  SRJM,741810,Brass TCR Vilakku MW  14  SRJM        K-P BRASS TCR VILAKKU MW  14  SRJM,9
Brass TCR Vilakku MW  16  SRJM      K-P,BRASS TCR VILAKKU MW  16  SRJM,741810,Brass TCR Vilakku MW  16  SRJM      K-P BRASS TCR VILAKKU MW  16  SRJM,9
Brass AKP MW Vilakku 24  SRJM      K-P,BRASS AKP MW VILAKKU 24  SRJM,741810,Brass AKP MW Vilakku 24  SRJM      K-P BRASS AKP MW VILAKKU 24  SRJM,9
Brass AKP MW Vilakku 26  SRJM         K-P,BRASS AKP MW VILAKKU 26  SRJM,741810,Brass AKP MW Vilakku 26  SRJM         K-P BRASS AKP MW VILAKKU 26  SRJM,9
Brass TCR Spl Vilakku 16  SRJM     PCS,BRASS TCR SPL VILAKKU 16  SRJM,741810,Brass TCR Spl Vilakku 16  SRJM     PCS BRASS TCR SPL VILAKKU 16  SRJM,9
Brass TCR Spl Vilakku 18  SRJM       PCS,BRASS TCR SPL VILAKKU 18  SRJM,741810,Brass TCR Spl Vilakku 18  SRJM       PCS BRASS TCR SPL VILAKKU 18  SRJM,9
Brass TCR Spl Vilakku  20  SRJM         PCS,BRASS TCR SPL VILAKKU  20  SRJM,741810,Brass TCR Spl Vilakku  20  SRJM         PCS BRASS TCR SPL VILAKKU  20  SRJM,9
Brass Fancy Para 2.5  AMRM  K-P,BRASS FANCY PARA 2.5  AMRM,74199930,Brass Fancy Para 2.5  AMRM  K-P BRASS FANCY PARA 2.5  AMRM,29
Brass Fancy Para 3  AMRM  K-P,BRASS FANCY PARA 3  AMRM,74199930,Brass Fancy Para 3  AMRM  K-P BRASS FANCY PARA 3  AMRM,29
Brass Fancy Para 3.5  AMRM  K-P,BRASS FANCY PARA 3.5  AMRM,74199930,Brass Fancy Para 3.5  AMRM  K-P BRASS FANCY PARA 3.5  AMRM,29
Brass Fancy Para 4  AMRM  K-P,BRASS FANCY PARA 4  AMRM,74199930,Brass Fancy Para 4  AMRM  K-P BRASS FANCY PARA 4  AMRM,29
Brass Bowl 10   RAJTN  K-P,BRASS BOWL 10   RAJTN,741810,Brass Bowl 10   RAJTN  K-P BRASS BOWL 10   RAJTN,9
Brass Coffee Dabara Set Plain  RAJTN  PCS,BRASS COFFEE DABARA SET PLAIN  RAJTN,741810,Brass Coffee Dabara Set Plain  RAJTN  PCS BRASS COFFEE DABARA SET PLAIN  RAJTN,9
Brass Coffee Dabara Ring Design  RAJTN  PCS,BRASS COFFEE DABARA RING DESIGN  RAJTN,741810,Brass Coffee Dabara Ring Design  RAJTN  PCS BRASS COFFEE DABARA RING DESIGN  RAJTN,9
Brass AKP Spl Vilakku 4   SRJM          PCS,BRASS AKP SPL VILAKKU 4  SRJM,741810,Brass AKP Spl Vilakku 4   SRJM          PCS BRASS AKP SPL VILAKKU 4  SRJM,9
Brass AKP Spl Vilakku 5  SRJM     PCS,BRASS AKP SPL VILAKKU 5  SRJM,741810,Brass AKP Spl Vilakku 5  SRJM     PCS BRASS AKP SPL VILAKKU 5  SRJM,9
Brass AKP Spl Vilakku 6  SRJM       PCS,BRASS AKP SPL VILAKKU 6  SRJM,741810,Brass AKP Spl Vilakku 6  SRJM       PCS BRASS AKP SPL VILAKKU 6  SRJM,9
Brass AKP Spl Vilakku 20  SRJM PCS,BRASS AKP SPL VILAKKU 20  SRJM,741810,Brass AKP Spl Vilakku 20  SRJM PCS BRASS AKP SPL VILAKKU 20  SRJM,9
Brass AKP MW Vilakku 22  SRJM K-P,BRASS AKP MW VILAKKU 22  SRJM,741810,Brass AKP MW Vilakku 22  SRJM K-P BRASS AKP MW VILAKKU 22  SRJM,9
Brass Kottar Vilakku No. 22  SRJM K-P,BRASS KOTTAR VILAKKU NO. 22  SRJM,741810,Brass Kottar Vilakku No. 22  SRJM K-P BRASS KOTTAR VILAKKU NO. 22  SRJM,9
Lakshmi Vilakku Star Gold    KART PCS,LAKSHMI VILAKU STAR GOLD KART .,74181010,Lakshmi Vilakku Star Gold    KART PCS LAKSHMI VILAKU STAR GOLD KART .,24
Brass Asta Lakshmi Vilakku Mini  KART  PCS,BRASS ASTA LAKSHMI VILAKKU MINI  KART,74181010,Brass Asta Lakshmi Vilakku Mini  KART  PCS BRASS ASTA LAKSHMI VILAKKU MINI  KART,24
Brass Asta Lakshmi Vilakku Small KART PCS,BRASS ASTA LAKSHMI VILAKKU SMALL KART,74181010,Brass Asta Lakshmi Vilakku Small KART PCS BRASS ASTA LAKSHMI VILAKKU SMALL KART,24
Brass Asta Lakshmi Vilakku Medium  KART  PCS,BRASS ASTA LAKSHMI VILAKKU MEDIUM  KART,74181010,Brass Asta Lakshmi Vilakku Medium  KART  PCS BRASS ASTA LAKSHMI VILAKKU MEDIUM  KART,24
Brass Chembu Harjee No.7  KART  PCS,BRASS CHEMBU HARJEE NO.7  KART,74181010,Brass Chembu Harjee No.7  KART  PCS BRASS CHEMBU HARJEE NO.7  KART,24
Brass Chembu Harjee No.8   KART  PCS,BRASS CHEMBU HARJEE NO.8  KART,74181010,Brass Chembu Harjee No.8   KART  PCS BRASS CHEMBU HARJEE NO.8  KART,24
Brass Chembu Harjee No.9   KART  PCS,BRASS CHEMBU HARJEE NO.9  KART,74181010,Brass Chembu Harjee No.9   KART  PCS BRASS CHEMBU HARJEE NO.9  KART,24
Brass Chembu Harjee No.10  KART  PCS,BRASS CHEMBU HARJEE NO.10  KART,74181010,Brass Chembu Harjee No.10  KART  PCS BRASS CHEMBU HARJEE NO.10  KART,24
Brass Plate No. 12  SRJM K-P,BRASS PLATE NO. 12  SRJM,741999,Brass Plate No. 12  SRJM K-P BRASS PLATE NO. 12  SRJM,13
Brass Beeding Plate 8  KART  K-P,BRASS BEEDING PLATE 8  KART,74181010,Brass Beeding Plate 8  KART  K-P BRASS BEEDING PLATE 8  KART,24
Brass ANP L/W Vilakku 60 SRJM K-P,BRASS ANP L/W VILAKKU 60 SRJM,741810,Brass ANP L/W Vilakku 60 SRJM K-P BRASS ANP L/W VILAKKU 60 SRJM,9
Brass ANP L/W Vilakku 66 SRJM K-P,BRASS ANP L/W VILAKKU 66 SRJM,741810,Brass ANP L/W Vilakku 66 SRJM K-P BRASS ANP L/W VILAKKU 66 SRJM,9
Brass Coffe Dabara Set  SRJM PCS,BRASS COFFE DABARA SET  SRJM,741810,Brass Coffe Dabara Set  SRJM PCS BRASS COFFE DABARA SET  SRJM,9
Brass Deevla Arthi 3 SRJM K-P,BRASS DEEVLA ARTHI 3 SRJM,741810,Brass Deevla Arthi 3 SRJM K-P BRASS DEEVLA ARTHI 3 SRJM,9
Brass Kindi Spl 1 LW SRJM K-P,BRASS KINDI SPL 1  LW  SRJM,741810,Brass Kindi Spl 1 LW SRJM K-P BRASS KINDI SPL 1  LW  SRJM,9
Brass Kindi Spl 2  LW SRJM K-P,BRASS KINDI SPL 2 LW  SRJM,741810,Brass Kindi Spl 2  LW SRJM K-P BRASS KINDI SPL 2 LW  SRJM,9
Brass Palghat Arhi 2  SRJM PCS,BRASS PALGHAT ARHI 2  SRJM,741810,Brass Palghat Arhi 2  SRJM PCS BRASS PALGHAT ARHI 2  SRJM,9
Brass Kamakshi Deep Baby SRJM PCS,BRASS KAMAKSHI DEEP BABY SRJM,741810,Brass Kamakshi Deep Baby SRJM PCS BRASS KAMAKSHI DEEP BABY SRJM,9
Brass Kodai Vilakku 1 SRJM PCS,BRASS KODAI VILAKKU 1 SRJM,741810,Brass Kodai Vilakku 1 SRJM PCS BRASS KODAI VILAKKU 1 SRJM,9
Brass Kodai Vilakku 2 SRJM PCS,BRASS KODAI VILAKKU 2 SRJM,741810,Brass Kodai Vilakku 2 SRJM PCS BRASS KODAI VILAKKU 2 SRJM,9
Brass Plate 7 SRJM PCS,BRASS PLATE 7 SRJM,741810,Brass Plate 7 SRJM PCS BRASS PLATE 7 SRJM,9
Brass AKP Ganapathi Vilakku   BSPRN KG,BRASS AKP GANAPATHI VILAKKU   BSPRN,74181021,Brass AKP Ganapathi Vilakku   BSPRN KG BRASS AKP GANAPATHI VILAKKU   BSPRN,25
Brass AKP Vilakku 30 To 42  BSPRN KG,BRASS AKP VILAKKU 30 TO 42  BSPRN,74181021,Brass AKP Vilakku 30 To 42  BSPRN KG BRASS AKP VILAKKU 30 TO 42  BSPRN,25
Brass Bombay Bell Fine KART KG,BRASS BOMBAY BELL FINE KART,830621,Brass Bombay Bell Fine KART KG BRASS BOMBAY BELL FINE KART,16
Brass Tortoies Up Deepak  BNKI K-P,BRASS TORTOIES UP DEEPAK  BNKI,83062910,Brass Tortoies Up Deepak  BNKI K-P BRASS TORTOIES UP DEEPAK  BNKI,36
Brass Laddu Gopal Big   BNKI K-P,BRASS LADDU GOPAL BIG   BNKI,83062910,Brass Laddu Gopal Big   BNKI K-P BRASS LADDU GOPAL BIG   BNKI,36
Brass Kamal Ganesh   BNKI K-P,BRASS KAMAL GANESH   BNKI,83062910,Brass Kamal Ganesh   BNKI K-P BRASS KAMAL GANESH   BNKI,36
Brass Kamal Laxmi   BNKI K-P,BRASS KAMAL LAXMI   BNKI,83062910,Brass Kamal Laxmi   BNKI K-P BRASS KAMAL LAXMI   BNKI,36
Brass Kamal Ganeshh   BNKI K-P,BRASS KAMAL GANESHH   BNKI,83062910,Brass Kamal Ganeshh   BNKI K-P BRASS KAMAL GANESHH   BNKI,36
Brass Kamal Laxmii   BNKI K-P,BRASS KAMAL LAXMII   BNKI,83062910,Brass Kamal Laxmii   BNKI K-P BRASS KAMAL LAXMII   BNKI,36
BRASS MEDIUM ELEPHANT DESIGN  BNKI K-P,BRASS MEDIUM ELEPHANT DESIGN  BNKI,83062910,BRASS MEDIUM ELEPHANT DESIGN  BNKI K-P BRASS MEDIUM ELEPHANT DESIGN  BNKI,36
Brass Kamal Ganeshhh   BNKI K-P,BRASS KAMAL GANESHHH   BNKI,83062910,Brass Kamal Ganeshhh   BNKI K-P BRASS KAMAL GANESHHH   BNKI,36
Brass Panchamuki Ganesh    BNKI K-P,BRASS PANCHAMUKI GANESH    BNKI,83062910,Brass Panchamuki Ganesh    BNKI K-P BRASS PANCHAMUKI GANESH    BNKI,36
Brass Oval Base Ganesh   BNKI K-P,BRASS OVAL BASE GANESH   BNKI,83062910,Brass Oval Base Ganesh   BNKI K-P BRASS OVAL BASE GANESH   BNKI,36
Brass Oval Base Laxmi   BNKI K-P,BRASS OVAL BASE LAXMI   BNKI,83062910,Brass Oval Base Laxmi   BNKI K-P BRASS OVAL BASE LAXMI   BNKI,36
Brass Rocket Lamp 0 SRJM K-P,BRASS ROCKET LAMP 0 SRJM,741810,Brass Rocket Lamp 0 SRJM K-P BRASS ROCKET LAMP 0 SRJM,9
Brass Rocket Lamp 1 SRJM K-P,BRASS ROCKET LAMP 1 SRJM,741810,Brass Rocket Lamp 1 SRJM K-P BRASS ROCKET LAMP 1 SRJM,9
Brass Rocket Lamp 2 SRJM K-P,BRASS ROCKET LAMP 2 SRJM,741810,Brass Rocket Lamp 2 SRJM K-P BRASS ROCKET LAMP 2 SRJM,9
Brass Sheet Uruli10  SRJM K-P,BRASS SHEET URULI10  SRJM,741810,Brass Sheet Uruli10  SRJM K-P BRASS SHEET URULI10  SRJM,9
Brass Sheet Uruli11  SRJM K-P,BRASS SHEET URULI11  SRJM,741810,Brass Sheet Uruli11  SRJM K-P BRASS SHEET URULI11  SRJM,9
Brass Sheet Uruli 12  SRJM K-P,BRASS SHEET URULI 12  SRJM,741810,Brass Sheet Uruli 12  SRJM K-P BRASS SHEET URULI 12  SRJM,9
Brass Sheet Uruli 14 SRJM K-P,BRASS SHEET URULI 14 SRJM,741810,Brass Sheet Uruli 14 SRJM K-P BRASS SHEET URULI 14 SRJM,9
Brass Arthi 5 Step  SRJM K-P,BRASS ARTHI 5 STEP  SRJM,741810,Brass Arthi 5 Step  SRJM K-P BRASS ARTHI 5 STEP  SRJM,9
Brass Kindi Spl 3 LW SRJM  K-P,BRASS KINDI SPL 3 LW SRJM,741810,Brass Kindi Spl 3 LW SRJM  K-P BRASS KINDI SPL 3 LW SRJM,9
Brass Kindi Spl 4 LW  SRJM  K-P,BRASS KINDI SPL 4 LW  SRJM,741810,Brass Kindi Spl 4 LW  SRJM  K-P BRASS KINDI SPL 4 LW  SRJM,9
Brass Sheet Uruli 8   SRJM        K-P,BRASS SHEET URULI 8   SRJM,741810,Brass Sheet Uruli 8   SRJM        K-P BRASS SHEET URULI 8   SRJM,9
Brass Sheet Uruli 9   SRJM       K-P,BRASS SHEET URULI 9   SRJM,741810,Brass Sheet Uruli 9   SRJM       K-P BRASS SHEET URULI 9   SRJM,9
Brass Agardan Sampat  3  SRJM     PCS,BRASS AGARDAN SAMPAT  3  SRJM,741810,Brass Agardan Sampat  3  SRJM     PCS BRASS AGARDAN SAMPAT  3  SRJM,9
Brass Agardan Kalash No.   2   SRJM     PCS,BRASS AGARDAN KALASH NO.   2   SRJM,741810,Brass Agardan Kalash No.   2   SRJM     PCS BRASS AGARDAN KALASH NO.   2   SRJM,9
BRASS HANDLE KOMCHA PLATE -13 RSH . K-P,BRASS HANDLE KOMCHA PLATE -13 RSH .,741999,BRASS HANDLE KOMCHA PLATE -13 RSH . K-P BRASS HANDLE KOMCHA PLATE -13 RSH .,13
Brass Para No 2.5  KSM  PCS,BRASS PARA NO 2.5  KSM,741999,Brass Para No 2.5  KSM  PCS BRASS PARA NO 2.5  KSM,13
Brass Para No 3 KSM PCS,BRASS PARA NO 3 KSM,74199930,Brass Para No 3 KSM PCS BRASS PARA NO 3 KSM,29
Brass Para No 3.5 KSM  PCS,BRASS PARA NO 3.5 KSM,74199930,Brass Para No 3.5 KSM  PCS BRASS PARA NO 3.5 KSM,29
Brass Para No 4 KSM  PCS,BRASS PARA NO 4 KSM,74199930,Brass Para No 4 KSM  PCS BRASS PARA NO 4 KSM,29
Brass Kerala KTR Vilakku No 14  ZST PCS,BRASS KERALA KTR VILAKKU NO 14  ZST,74199930,Brass Kerala KTR Vilakku No 14  ZST PCS BRASS KERALA KTR VILAKKU NO 14  ZST,29
Brass Hanuman Standing Gol Base Bnki  K-P,BRASS HANUMAN STANDING GOL BASE BNKI,83062910,Brass Hanuman Standing Gol Base Bnki  K-P BRASS HANUMAN STANDING GOL BASE BNKI,36
Brass Gannesh   Bnki  K-P,BRASS GANNESH   BNKI,83062910,Brass Gannesh   Bnki  K-P BRASS GANNESH   BNKI,36
Brass Fruit  Gannesh   Bnki  K-P,BRASS FRUIT  GANNESH   BNKI,83062910,Brass Fruit  Gannesh   Bnki  K-P BRASS FRUIT  GANNESH   BNKI,36
Brass Sleeping Vishnu    Bnki  K-P,BRASS SLEEPING VISHNU    BNKI,83062910,Brass Sleeping Vishnu    Bnki  K-P BRASS SLEEPING VISHNU    BNKI,36
Brass Etching Plate 8 SHILP K-P,BRASS ETCHING PLATE 8 SHILP,741810,Brass Etching Plate 8 SHILP K-P BRASS ETCHING PLATE 8 SHILP,9
Brass Sheet Uruli 5   SRJM K-P,BRASS SHEET URULI 5   SRJM,741810,Brass Sheet Uruli 5   SRJM K-P BRASS SHEET URULI 5   SRJM,9
Brass Sheet Uruli 6   SRJM K-P,BRASS SHEET URULI 6   SRJM,741810,Brass Sheet Uruli 6   SRJM K-P BRASS SHEET URULI 6   SRJM,9
Brass Sheet Uruli 7   SRJM K-P,BRASS SHEET URULI 7   SRJM,741810,Brass Sheet Uruli 7   SRJM K-P BRASS SHEET URULI 7   SRJM,9
Brass Mukkali Stand 4  SAI  PCS,BRASS MUKKALI STAND 4  SAI,741999,Brass Mukkali Stand 4  SAI  PCS BRASS MUKKALI STAND 4  SAI,13
Brass Mukkali Stand 5  SAI   PCS,BRASS MUKKALI STAND 5  SAI,741999,Brass Mukkali Stand 5  SAI   PCS BRASS MUKKALI STAND 5  SAI,13
Brass Mukkali Stand 6  SAI   PCS,BRASS MUKKALI STAND 6  SAI,741999,Brass Mukkali Stand 6  SAI   PCS BRASS MUKKALI STAND 6  SAI,13
Brass Mukkali Stand 7   SAI  PCS,BRASS MUKKALI STAND 7   SAI,741999,Brass Mukkali Stand 7   SAI  PCS BRASS MUKKALI STAND 7   SAI,13
Brass Vel Whale Stand Gold 4  SAI   PCS,BRASS VEL WHALE STAND GOLD 4  SAI,74199930,Brass Vel Whale Stand Gold 4  SAI   PCS BRASS VEL WHALE STAND GOLD 4  SAI,29
Brass Vel Whale Stand Gold 6  SAI   PCS,BRASS VEL WHALE STAND GOLD 6  SAI,74199930,Brass Vel Whale Stand Gold 6  SAI   PCS BRASS VEL WHALE STAND GOLD 6  SAI,29
Brass Vel Whale Stand Gold 8  SAI   PCS,BRASS VEL WHALE STAND GOLD 8  SAI,74199930,Brass Vel Whale Stand Gold 8  SAI   PCS BRASS VEL WHALE STAND GOLD 8  SAI,29
Brass Vel Whale Stand Gold 10  SAI   PCS,BRASS VEL WHALE STAND GOLD 10  SAI,74199930,Brass Vel Whale Stand Gold 10  SAI   PCS BRASS VEL WHALE STAND GOLD 10  SAI,29
Copper Asta Laxmi Kudam 3  SAI   PCS,COPPER ASTA LAXMI KUDAM 3  SAI,741810,Copper Asta Laxmi Kudam 3  SAI   PCS COPPER ASTA LAXMI KUDAM 3  SAI,9
Copper Asta Laxmi Kudam 4  SAI   PCS,COPPER ASTA LAXMI KUDAM 4  SAI,741810,Copper Asta Laxmi Kudam 4  SAI   PCS COPPER ASTA LAXMI KUDAM 4  SAI,9
Copper Asta Laxmi Kudam 5  SAI   PCS,COPPER ASTA LAXMI KUDAM 5  SAI,741810,Copper Asta Laxmi Kudam 5  SAI   PCS COPPER ASTA LAXMI KUDAM 5  SAI,9
Brass Super Spl Uruli 1   SAI    PCS,BRASS SUPER SPL URULI 1   SAI,741810,Brass Super Spl Uruli 1   SAI    PCS BRASS SUPER SPL URULI 1   SAI,9
Brass Super Spl Uruli 2   SAI   PCS,BRASS SUPER SPL URULI 2   SAI,741810,Brass Super Spl Uruli 2   SAI   PCS BRASS SUPER SPL URULI 2   SAI,9
Brass Super Spl Uruli 3   SAI   PCS,BRASS SUPER SPL URULI 3   SAI,741810,Brass Super Spl Uruli 3   SAI   PCS BRASS SUPER SPL URULI 3   SAI,9
Brass Super Spl Uruli 5   SAI   PCS,BRASS SUPER SPL URULI 5   SAI,741810,Brass Super Spl Uruli 5   SAI   PCS BRASS SUPER SPL URULI 5   SAI,9
Brass Pan Diya 1   SAI   PCS,BRASS PAN DIYA 1   SAI,741810,Brass Pan Diya 1   SAI   PCS BRASS PAN DIYA 1   SAI,9
Brass Pan Diya 2   SAI   PCS,BRASS PAN DIYA 2   SAI,741810,Brass Pan Diya 2   SAI   PCS BRASS PAN DIYA 2   SAI,9
Brass Wall Kannadi Pari 1  SAI   PCS,BRASS WALL KANNADI PARI 1  SAI,741999,Brass Wall Kannadi Pari 1  SAI   PCS BRASS WALL KANNADI PARI 1  SAI,13
Brass Wall Kannadi Pari 2  SAI   PCS,BRASS WALL KANNADI PARI 2  SAI,741999,Brass Wall Kannadi Pari 2  SAI   PCS BRASS WALL KANNADI PARI 2  SAI,13
Brass Coffee Filter Spl   SAI   PCS,BRASS COFFEE FILTER SPL   SAI,741999,Brass Coffee Filter Spl   SAI   PCS BRASS COFFEE FILTER SPL   SAI,13
Brass Nadi Set Ring   SAI   PCS,BRASS NADI SET RING   SAI,741810,Brass Nadi Set Ring   SAI   PCS BRASS NADI SET RING   SAI,9
Brass Nadi Set ORD   SAI   PCS,BRASS NADI SET ORD   SAI,741810,Brass Nadi Set ORD   SAI   PCS BRASS NADI SET ORD   SAI,9
Brass ANP L/W Vilakku 42 SRJM K-P,BRASS ANP L/W VILAKKU 42 SRJM,741810,Brass ANP L/W Vilakku 42 SRJM K-P BRASS ANP L/W VILAKKU 42 SRJM,9
Brass ANP L/W Vilakku 48 SRJM K-P,BRASS ANP L/W VILAKKU 48 SRJM,741810,Brass ANP L/W Vilakku 48 SRJM K-P BRASS ANP L/W VILAKKU 48 SRJM,9
Brass Kindi Spl 3 SRJM K-P,BRASS KINDI SPL 3 SRJM,741810,Brass Kindi Spl 3 SRJM K-P BRASS KINDI SPL 3 SRJM,9
Brass Kindi Spl 5 SRJM K-P,BRASS KINDI SPL 5 SRJM,741810,Brass Kindi Spl 5 SRJM K-P BRASS KINDI SPL 5 SRJM,9
Brass Kindi Spl 6 SRJM K-P,BRASS KINDI SPL 6 SRJM,741810,Brass Kindi Spl 6 SRJM K-P BRASS KINDI SPL 6 SRJM,9
Brass Chain 100 SRJM K-P,BRASS CHAIN 100 SRJM,741910,Brass Chain 100 SRJM K-P BRASS CHAIN 100 SRJM,11
Brass Chain 150 SRJM K-P,BRASS CHAIN 150 SRJM,741910,Brass Chain 150 SRJM K-P BRASS CHAIN 150 SRJM,11
Brass Ag Rose  NO 1 SRJM PCS,BRASS AG ROSE  NO 1 SRJM,741810,Brass Ag Rose  NO 1 SRJM PCS BRASS AG ROSE  NO 1 SRJM,9
Brass Ag Rose  NO 2 SRJM PCS,BRASS AG ROSE  NO 2 SRJM,741810,Brass Ag Rose  NO 2 SRJM PCS BRASS AG ROSE  NO 2 SRJM,9
Brass Ag Rose  NO 3 SRJM PCS,BRASS AG ROSE  NO 3 SRJM,741810,Brass Ag Rose  NO 3 SRJM PCS BRASS AG ROSE  NO 3 SRJM,9
Brass Sara Vilakku 2 SRJM PCS,BRASS SARA VILAKKU 2 SRJM,741810,Brass Sara Vilakku 2 SRJM PCS BRASS SARA VILAKKU 2 SRJM,9
Brass Sara Vilakku 3 SRJM PCS,BRASS SARA VILAKKU 3 SRJM,741810,Brass Sara Vilakku 3 SRJM PCS BRASS SARA VILAKKU 3 SRJM,9
Brass Sara Vilakku 4 SRJM PCS,BRASS SARA VILAKKU 4 SRJM,741810,Brass Sara Vilakku 4 SRJM PCS BRASS SARA VILAKKU 4 SRJM,9
Brass Sara Vilakku 5 SRJM PCS,BRASS SARA VILAKKU 5 SRJM,741810,Brass Sara Vilakku 5 SRJM PCS BRASS SARA VILAKKU 5 SRJM,9
Brass Sara Vilakku 6 SRJM PCS,BRASS SARA VILAKKU 6 SRJM,741810,Brass Sara Vilakku 6 SRJM PCS BRASS SARA VILAKKU 6 SRJM,9
Brass Sara Vilakku 7 SRJM PCS,BRASS SARA VILAKKU 7 SRJM,741810,Brass Sara Vilakku 7 SRJM PCS BRASS SARA VILAKKU 7 SRJM,9
Brass Sara Vilakku 8 SRJM PCS,BRASS SARA VILAKKU 8 SRJM,741810,Brass Sara Vilakku 8 SRJM PCS BRASS SARA VILAKKU 8 SRJM,9
Brass ANP Vilakku  POP KG,BRASS ANP VILAKKU  POP,741999,Brass ANP Vilakku  POP KG BRASS ANP VILAKKU  POP,13
BRASS KTR NC M.W VILAKKU 12  POP KG,BRASS KTR NC M.W VILAKKU 12  POP,741999,BRASS KTR NC M.W VILAKKU 12  POP KG BRASS KTR NC M.W VILAKKU 12  POP,13
Brass Kindi Spl 4 SRJM K-P,BRASS KINDI SPL 4 SRJM,741810,Brass Kindi Spl 4 SRJM K-P BRASS KINDI SPL 4 SRJM,9
Brass Kavedi Bell 10 SRJM K-P,BRASS KAVEDI BELL 10 SRJM,741810,Brass Kavedi Bell 10 SRJM K-P BRASS KAVEDI BELL 10 SRJM,9
Brass Kavedi Bell 120 SRJM K-P,BRASS KAVEDI BELL 120 SRJM,741810,Brass Kavedi Bell 120 SRJM K-P BRASS KAVEDI BELL 120 SRJM,9
Brass U Bowl LW 00  SRJM PCS,BRASS U BOWL LW 00  SRJM,741810,Brass U Bowl LW 00  SRJM PCS BRASS U BOWL LW 00  SRJM,9
Brass U Bowl LW 0  SRJM PCS,BRASS U BOWL LW 0  SRJM,741810,Brass U Bowl LW 0  SRJM PCS BRASS U BOWL LW 0  SRJM,9
Brass U Bowl LW 1 SRJM PCS,BRASS U BOWL LW 1 SRJM,741810,Brass U Bowl LW 1 SRJM PCS BRASS U BOWL LW 1 SRJM,9
Brass Pyali Cup Nandha 0 SRJM PCS,BRASS PYALI CUP NANDHA 0 SRJM,741810,Brass Pyali Cup Nandha 0 SRJM PCS BRASS PYALI CUP NANDHA 0 SRJM,9
Brass Para 7 SRJM K-P,BRASS PARA 7 SRJM,741810,Brass Para 7 SRJM K-P BRASS PARA 7 SRJM,9
Brass Tower Ag  Om Design  BSH PCS,BRASS TOWER AG  OM DESIGN  BSH,741999,Brass Tower Ag  Om Design  BSH PCS BRASS TOWER AG  OM DESIGN  BSH,13
Brass Tower Ag  Flower Design  BSH PCS,BRASS TOWER AG  FLOWER DESIGN  BSH,741999,Brass Tower Ag  Flower Design  BSH PCS BRASS TOWER AG  FLOWER DESIGN  BSH,13
Brass Anandha Agardan  BSH PCS,BRASS ANANDHA AGARDAN  BSH,741999,Brass Anandha Agardan  BSH PCS BRASS ANANDHA AGARDAN  BSH,13
Brass Luxury Pooja Set  BSH PCS,BRASS LUXURY POOJA SET  BSH,741999,Brass Luxury Pooja Set  BSH PCS BRASS LUXURY POOJA SET  BSH,13
Wood Jewel Box Kerala 6*4*5   MENH    PCS,WOOD JEWEL BOX KERALA 6*4*5   MENH,44190010,Wood Jewel Box Kerala 6*4*5   MENH    PCS WOOD JEWEL BOX KERALA 6*4*5   MENH,20
Wood Jewel Box Kerala 9*7*8   MENH   PCS,WOOD JEWEL BOX KERALA 9*7*8   MENH,44190010,Wood Jewel Box Kerala 9*7*8   MENH   PCS WOOD JEWEL BOX KERALA 9*7*8   MENH,20
Brass Karumbu Kamakshi 5  MRC K-P,BRASS KARUMBU KAMAKSHI 5  MRC,741810,Brass Karumbu Kamakshi 5  MRC K-P BRASS KARUMBU KAMAKSHI 5  MRC,9
Brass Karumbu Kamakshi 4 MRC K-P,BRASS KARUMBU KAMAKSHI 4  MRC,741810,Brass Karumbu Kamakshi 4 MRC K-P BRASS KARUMBU KAMAKSHI 4  MRC,9
Brass Karumbu Kamakshi 7  MRC PCS,BRASS KARUMBU KAMAKSHI 7  MRC,741810,Brass Karumbu Kamakshi 7  MRC PCS BRASS KARUMBU KAMAKSHI 7  MRC,9
Brass Karumbu Kamakshi 6  MRC PCS,BRASS KARUMBU KAMAKSHI 6  MRC,741810,Brass Karumbu Kamakshi 6  MRC PCS BRASS KARUMBU KAMAKSHI 6  MRC,9
Brass New Kirishna 3.4    GV     K-P,BRASS NEW KIRISHNA 3.4  GV,83062910,Brass New Kirishna 3.4    GV     K-P BRASS NEW KIRISHNA 3.4  GV,36
Brass New Kirishna  Kamal Base 410 GV     pcs,BRASS NEW KIRISHNA  KAMAL BASE 410 GV,83062910,Brass New Kirishna  Kamal Base 410 GV     pcs BRASS NEW KIRISHNA  KAMAL BASE 410 GV,36
Brass  Kirishna 280 GV   pcs,BRASS  KIRISHNA 280 GV,83062910,Brass  Kirishna 280 GV   pcs BRASS  KIRISHNA 280 GV,36
Brass  Krishna LW102    BNKI     K-P,BRASS KRISHNA  LW102    BNKI,83062910,Brass  Krishna LW102    BNKI     K-P BRASS KRISHNA  LW102    BNKI,36
Brass Elephant Desingn 190  BNKI    K-P,BRASS ELEPHANT DESINGN 190  BNKI,83062910,Brass Elephant Desingn 190  BNKI    K-P BRASS ELEPHANT DESINGN 190  BNKI,36
Brass Kirishna Round Base LW104  BNKI    K-P,BRASS KIRISHNA ROUND BASE LW104  BNKI,83062910,Brass Kirishna Round Base LW104  BNKI    K-P BRASS KIRISHNA ROUND BASE LW104  BNKI,36
Brass Tort Shank Chakra Deepak LA386  BNKI      K-P,BRASS  TORT SHANK CHAKRA DEEPAK LA386  BNKI,83062910,Brass Tort Shank Chakra Deepak LA386  BNKI      K-P BRASS  TORT SHANK CHAKRA DEEPAK LA386  BNKI,36
Brass Krishna KR280   BNKI    K-P,BRASS KRISHNA KR280    BNKI,83062910,Brass Krishna KR280   BNKI    K-P BRASS KRISHNA KR280    BNKI,36
Brass Krishna KR329      BNKI       K-P,BRASS KRISHNA KR280    BNKI,83062910,Brass Krishna KR329      BNKI       K-P BRASS KRISHNA KR280    BNKI,36
Brass Krishna KR340    BNKI     K-P,BRASS KRISHNA KR340    BNKI,83062910,Brass Krishna KR340    BNKI     K-P BRASS KRISHNA KR340    BNKI,36
Brass Krishna KR387    BNKI    K-P,BRASS KRISHNA KR387    BNKI,83062910,Brass Krishna KR387    BNKI    K-P BRASS KRISHNA KR387    BNKI,36
Brass Kamal Krishna KR419    BNKI      K-P,BRASS KAMAL KRISHNA KR419    BNKI,83062910,Brass Kamal Krishna KR419    BNKI      K-P BRASS KAMAL KRISHNA KR419    BNKI,36
Brass Kamal Krishna KR205    BNKI     K-P,BRASS KAMAL KRISHNA KR205    BNKI,83062910,Brass Kamal Krishna KR205    BNKI     K-P BRASS KAMAL KRISHNA KR205    BNKI,36
Brass Krishna KR330    BNKI    K-P,BRASS KRISHNA KR330    BNKI,83062910,Brass Krishna KR330    BNKI    K-P BRASS KRISHNA KR330    BNKI,36
Brass Jhaad Krishna KR393    BNKI      K-P,BRASS JHAAD KRISHNA KR393    BNKI,83062910,Brass Jhaad Krishna KR393    BNKI      K-P BRASS JHAAD KRISHNA KR393    BNKI,36
Brass  Krishna Dev  KR347    BNKI,BRASS  KRISHNA DEV  KR347    BNKI,83062910,Brass  Krishna Dev  KR347    BNKI BRASS  KRISHNA DEV  KR347    BNKI,36
Brass Kamal Krishna Standing   LW105    BNKI    K-P,BRASS KAMAL KRISHNA STANDING   LW105    BNKI,83062910,Brass Kamal Krishna Standing   LW105    BNKI    K-P BRASS KAMAL KRISHNA STANDING   LW105    BNKI,36
Brass Kindi Spl  7   SRJM    K-P,BRASS KINDI SPL  7   SRJM,741810,Brass Kindi Spl  7   SRJM    K-P BRASS KINDI SPL  7   SRJM,9
Brass Kindi Spl  8   SRJM    K-P,BRASS KINDI SPL  8   SRJM,741810,Brass Kindi Spl  8   SRJM    K-P BRASS KINDI SPL  8   SRJM,9
Copper Montha  7   LVP   K-P,COPPER MONTHA  7   LVP,741810,Copper Montha  7   LVP   K-P COPPER MONTHA  7   LVP,9
Copper Montha  8   LVP    K-P,COPPER MONTHA  8   LVP,741810,Copper Montha  8   LVP    K-P COPPER MONTHA  8   LVP,9
Copper Montha  9   LVP   K-P,COPPER MONTHA  9   LVP,741810,Copper Montha  9   LVP   K-P COPPER MONTHA  9   LVP,9
Copper Montha  10   LVP   K-P,COPPER MONTHA  10   LVP,741810,Copper Montha  10   LVP   K-P COPPER MONTHA  10   LVP,9
Brass Kum Kum Box Salaidar  RMH  PCS,BRASS KUM KUM BOX SALAIDAR  RMH,74199930,Brass Kum Kum Box Salaidar  RMH  PCS BRASS KUM KUM BOX SALAIDAR  RMH,29
BRASS 130 WIND CHIMES PYALA   RMH,BRASS 130 WIND CHIMES PYALA   RMH,741999,BRASS 130 WIND CHIMES PYALA   RMH BRASS 130 WIND CHIMES PYALA   RMH,13
BRASS 125 WIND CHIMES PIPE   RMH  PCS,BRASS 125 WIND CHIMES PIPE   RMH,741999,BRASS 125 WIND CHIMES PIPE   RMH  PCS BRASS 125 WIND CHIMES PIPE   RMH,13
Brass AKP Spl RSH Vilakku 9  SRJM PCS,BRASS AKP SPL RSH VILAKKU 9  SRJM,741810,Brass AKP Spl RSH Vilakku 9  SRJM PCS BRASS AKP SPL RSH VILAKKU 9  SRJM,9
Brass Kindi Spl 5 LW  SRJM   K-P,BRASS KINDI SPL 5 LW  SRJM,741810,Brass Kindi Spl 5 LW  SRJM   K-P BRASS KINDI SPL 5 LW  SRJM,9
Brass Hand Mirror No. 2  POP  PCS,BRASS HAND MIRROR NO. 2  POP,741999,Brass Hand Mirror No. 2  POP  PCS BRASS HAND MIRROR NO. 2  POP,13
Brass Hand Mirror No. 3  POP  PCS,BRASS HAND MIRROR NO. 3  POP,741999,Brass Hand Mirror No. 3  POP  PCS BRASS HAND MIRROR NO. 3  POP,13
BRASS ROCKET LAMP 0   POP   K-P,BRASS ROCKET LAMP 0   POP,741980,BRASS ROCKET LAMP 0   POP   K-P BRASS ROCKET LAMP 0   POP,12
Brass Rocket Lamp 1   POP   K-P,BRASS ROCKET LAMP 1   POP,74199930,Brass Rocket Lamp 1   POP   K-P BRASS ROCKET LAMP 1   POP,29
Brass Rocket Lamp 2   POP   K-P,BRASS ROCKET LAMP 2   POP,74199930,Brass Rocket Lamp 2   POP   K-P BRASS ROCKET LAMP 2   POP,29
Brass Rocket Lamp 3   POP   K-P,BRASS ROCKET LAMP 3   POP,741999,Brass Rocket Lamp 3   POP   K-P BRASS ROCKET LAMP 3   POP,13
Brass Rocket Lamp 4   POP   K-P,BRASS ROCKET LAMP 4   POP,74199930,Brass Rocket Lamp 4   POP   K-P BRASS ROCKET LAMP 4   POP,29
Brass Rocket Lamp 5   POP   K-P,BRASS ROCKET LAMP 5   POP,74199930,Brass Rocket Lamp 5   POP   K-P BRASS ROCKET LAMP 5   POP,29
Brass AKP vilakku 26 TO 28 BSPRN   KG,BRASS AKP VILAKKU 26 TO 28 BSPRN,74181010,Brass AKP vilakku 26 TO 28 BSPRN   KG BRASS AKP VILAKKU 26 TO 28 BSPRN,24
Brass Krishna  4  SBLH   k-p,BRASS KRISHNA  4  SBLH,830629,Brass Krishna  4  SBLH   k-p BRASS KRISHNA  4  SBLH,17
Brass AKP Nilavilakku 10 TO 24 SSM   KG,BRASS AKP NILAVILAKKU 10 TO 24 SSM,74181010,Brass AKP Nilavilakku 10 TO 24 SSM   KG BRASS AKP NILAVILAKKU 10 TO 24 SSM,24
Brass TCR Vilakku LW 14  SRJM   K-P,BRASS TCR VILAKKU LW 14  SRJM,741810,Brass TCR Vilakku LW 14  SRJM   K-P BRASS TCR VILAKKU LW 14  SRJM,9
Brass Super Kindi MH 2  SRJM    K-P,BRASS SUPER KINDI MH 2  SRJM,741810,Brass Super Kindi MH 2  SRJM    K-P BRASS SUPER KINDI MH 2  SRJM,9
Brass Kindi Spl 6.5  SRJM   K-P,BRASS KINDI SPL 6.5  SRJM,741810,Brass Kindi Spl 6.5  SRJM   K-P BRASS KINDI SPL 6.5  SRJM,9
Brass Full Para  4  TO 11 5  SWA   KG,BRASS FULL PARA  4  TO 11 5  SWA,74181010,Brass Full Para  4  TO 11 5  SWA   KG BRASS FULL PARA  4  TO 11 5  SWA,24
Brass Latkan Kunda LW 4  DHIN  K-P,BRASS LATKAN KUNDA LW 4  DHIN,741999,Brass Latkan Kunda LW 4  DHIN  K-P BRASS LATKAN KUNDA LW 4  DHIN,13
White Royal Krishna  MHDH      PCS,WHITE ROYAL KRISHNA  MHDH,830621,White Royal Krishna  MHDH      PCS WHITE ROYAL KRISHNA  MHDH,16
White Raj Krishna  MHDH    PCS,WHITE RAJ KRISHNA  MHDH,830621,White Raj Krishna  MHDH    PCS WHITE RAJ KRISHNA  MHDH,16
White  Pital Krishna  MHDH     PCS,WHITE  PITAL KRISHNA  MHDH,830621,White  Pital Krishna  MHDH     PCS WHITE  PITAL KRISHNA  MHDH,16
White  Royal  Krishna Small   MHDH    PCS,WHITE  ROYAL  KRISHNA SMALL   MHDH,830621,White  Royal  Krishna Small   MHDH    PCS WHITE  ROYAL  KRISHNA SMALL   MHDH,16
White  Flower  Krishna  MHDH    PCS,WHITE  FLOWER  KRISHNA  MHDH,830621,White  Flower  Krishna  MHDH    PCS WHITE  FLOWER  KRISHNA  MHDH,16
White  Gopal  Krishna  MHDH     PSC,WHITE  GOPAL  KRISHNA  MHDH,830621,White  Gopal  Krishna  MHDH     PSC WHITE  GOPAL  KRISHNA  MHDH,16
White  Shyam   Krishna  MHDH    PSC,WHITE  SHYAM   KRISHNA  MHDH,830621,White  Shyam   Krishna  MHDH    PSC WHITE  SHYAM   KRISHNA  MHDH,16
White   Krishna Small  MHDH   PSC,WHITE   KRISHNA SMALL  MHDH,830621,White   Krishna Small  MHDH   PSC WHITE   KRISHNA SMALL  MHDH,16
White   Krishna  V.Small  MHDH  PCS,WHITE   KRISHNA  V.SMALL  MHDH,830621,White   Krishna  V.Small  MHDH  PCS WHITE   KRISHNA  V.SMALL  MHDH,16
Brass Deevla Arthi 4 SRJM   K-P,BRASS DEEVLA ARTHI 4 SRJM,741810,Brass Deevla Arthi 4 SRJM   K-P BRASS DEEVLA ARTHI 4 SRJM,9
Brass Asta Laxmi Lotta 8 SAI     PCS,BRASS ASTA LAXMI LOTTA 8 SAI,741999,Brass Asta Laxmi Lotta 8 SAI     PCS BRASS ASTA LAXMI LOTTA 8 SAI,13
Brass  Halwa Plate 1  SAI    PCS,BRASS  HALWA PLATE 1  SAI,741810,Brass  Halwa Plate 1  SAI    PCS BRASS  HALWA PLATE 1  SAI,9
Brass  Halwa Plate 2  SAI    PCS,BRASS  HALWA PLATE 2  SAI,741810,Brass  Halwa Plate 2  SAI    PCS BRASS  HALWA PLATE 2  SAI,9
Brass  Halwa Plate 3  SAI   PCS,BRASS  HALWA PLATE 3  SAI,741810,Brass  Halwa Plate 3  SAI   PCS BRASS  HALWA PLATE 3  SAI,9
Brass  Halwa Plate 4  SAI    PCS,BRASS  HALWA PLATE 4  SAI,741810,Brass  Halwa Plate 4  SAI    PCS BRASS  HALWA PLATE 4  SAI,9
Brass  Halwa Plate 5  SAI     PCS,BRASS  HALWA PLATE 5  SAI,741810,Brass  Halwa Plate 5  SAI     PCS BRASS  HALWA PLATE 5  SAI,9
Brass  Halwa Plate 6  SAI     PCS,BRASS  HALWA PLATE 6  SAI,741810,Brass  Halwa Plate 6  SAI     PCS BRASS  HALWA PLATE 6  SAI,9
Brass  Halwa Plate 7  SAI     PCS,BRASS  HALWA PLATE 7  SAI,741810,Brass  Halwa Plate 7  SAI     PCS BRASS  HALWA PLATE 7  SAI,9
Brass Super Spl Uruli 4   SAI   PCS,BRASS SUPER SPL URULI 4   SAI,741810,Brass Super Spl Uruli 4   SAI   PCS BRASS SUPER SPL URULI 4   SAI,9
Brass Super Spl Uruli  6   SAI    PCS,BRASS SUPER SPL URULI  6   SAI,741810,Brass Super Spl Uruli  6   SAI    PCS BRASS SUPER SPL URULI  6   SAI,9
Brass KTR M.W Deeep 14   SAI    K-P,BRASS KTR M.W DEEEP 14   SAI,741999,Brass KTR M.W Deeep 14   SAI    K-P BRASS KTR M.W DEEEP 14   SAI,13
BRASS Spoon Arthi  2 AMRM   K-P,BRASS SPOON ARTHI  2 AMRM,741999,BRASS Spoon Arthi  2 AMRM   K-P BRASS SPOON ARTHI  2 AMRM,13
Brass Spoon Arthi Lw 0 AMRM   PCS,BRASS SPOON ARTHI LW 0 AMRM,741999,Brass Spoon Arthi Lw 0 AMRM   PCS BRASS SPOON ARTHI LW 0 AMRM,13
Brass Spoon Arthi Lw 1 AMRM    PCS,BRASS SPOON ARTHI LW 1 AMRM,741999,Brass Spoon Arthi Lw 1 AMRM    PCS BRASS SPOON ARTHI LW 1 AMRM,13
Brass Padam Pyali 0  BSH   PCS,BRASS PADAM PYALI 0  BSH,741999,Brass Padam Pyali 0  BSH   PCS BRASS PADAM PYALI 0  BSH,13
Brass Nanda Jyothi Spl 1 BSH  Pcs,BRASS NANDA JYOTHI SPL 1 BSH,741999,Brass Nanda Jyothi Spl 1 BSH  Pcs BRASS NANDA JYOTHI SPL 1 BSH,13
Brass Nanda Jyothi Spl 2  BSH  PCS,BRASS NANDA JYOTHI SPL 2  BSH,741999,Brass Nanda Jyothi Spl 2  BSH  PCS BRASS NANDA JYOTHI SPL 2  BSH,13
Brass Nanda Jyothi Spl 3  BSH   Pcs,BRASS NANDA JYOTHI SPL 3  BSH,741999,Brass Nanda Jyothi Spl 3  BSH   Pcs BRASS NANDA JYOTHI SPL 3  BSH,13
Brass Dhoop Arthi 6  SHLP   Pcs,BRASS DHOOP ARTHI 6  SHLP,741810,Brass Dhoop Arthi 6  SHLP   Pcs BRASS DHOOP ARTHI 6  SHLP,9
Brass 5 Arti - RSH   K-P,BRASS 5 ARTI - RSH .,741999,Brass 5 Arti - RSH   K-P BRASS 5 ARTI - RSH .,13
Brass Para  7  SRJM   K-P,BRASS PARA  7  SRJM,741810,Brass Para  7  SRJM   K-P BRASS PARA  7  SRJM,9
Brass Para  7.5 P SRJM   K-P,BRASS PARA  7.5 P SRJM,741810,Brass Para  7.5 P SRJM   K-P BRASS PARA  7.5 P SRJM,9
Brass Para  7.5 D  SRJM  K-P,BRASS PARA  7.5 D  SRJM,741810,Brass Para  7.5 D  SRJM  K-P BRASS PARA  7.5 D  SRJM,9
Brass Para  8.5   SRJM   K-P,BRASS PARA  8.5   SRJM,741810,Brass Para  8.5   SRJM   K-P BRASS PARA  8.5   SRJM,9
Brass Kuber Kamakshi 2  SHLP    PCS,BRASS KUBER KAMAKSHI 2  SHLP,741810,Brass Kuber Kamakshi 2  SHLP    PCS BRASS KUBER KAMAKSHI 2  SHLP,9
Brass Uruli  3  SHLP   PCS,BRASS URULI  3  SHLP,741810,Brass Uruli  3  SHLP   PCS BRASS URULI  3  SHLP,9
Brass Etching plate  10 SHILP    K-P,BRASS ETCHING PLATE 10  SHILP                    .,741810,Brass Etching plate  10 SHILP    K-P BRASS ETCHING PLATE 10  SHILP                    .,9
Brass Etching Plate 12 SHILP     K-P,BRASS ETCHING PLATE 12 SHILP                    .,741810,Brass Etching Plate 12 SHILP     K-P BRASS ETCHING PLATE 12 SHILP                    .,9
Brass Etching Plate 14 SHILP   K-P,BRASS ETCHING PLATE 14 SHILP                    .,741810,Brass Etching Plate 14 SHILP   K-P BRASS ETCHING PLATE 14 SHILP                    .,9
Brass Pyali Cup Nandha 1 SRJM   PCS,BRASS PYALI CUP NANDHA 1 SRJM,741810,Brass Pyali Cup Nandha 1 SRJM   PCS BRASS PYALI CUP NANDHA 1 SRJM,9
Brass Pyali Cup Nandha  2  SRJM     PCS,BRASS PYALI CUP NANDHA  2  SRJM,741810,Brass Pyali Cup Nandha  2  SRJM     PCS BRASS PYALI CUP NANDHA  2  SRJM,9
Brass Pyali Cup Nandha  3   SRJM     PCS,BRASS PYALI CUP NANDHA  3   SRJM,741810,Brass Pyali Cup Nandha  3   SRJM     PCS BRASS PYALI CUP NANDHA  3   SRJM,9
Brass Pyali Cup Nandha  4   SRJM   PCS,BRASS PYALI CUP NANDHA  4   SRJM,741810,Brass Pyali Cup Nandha  4   SRJM   PCS BRASS PYALI CUP NANDHA  4   SRJM,9
Brass Kerala Jaad LW  10  SRJM    PCS,BRASS KERALA JAAD LW  10  SRJM,741810,Brass Kerala Jaad LW  10  SRJM    PCS BRASS KERALA JAAD LW  10  SRJM,9
Brass Kerala Jaad LW  12  SRJM   PCS,BRASS KERALA JAAD LW  12  SRJM,741810,Brass Kerala Jaad LW  12  SRJM   PCS BRASS KERALA JAAD LW  12  SRJM,9
Brass  Kerala Jaad Heavy  8  SRJM    K-P,BRASS  KERALA JAAD HEAVY  8  SRJM,741810,Brass  Kerala Jaad Heavy  8  SRJM    K-P BRASS  KERALA JAAD HEAVY  8  SRJM,9
Brass  Kerala Jaad Heavy  14  SRJM    K-P,BRASS  KERALA JAAD HEAVY  14  SRJM,741810,Brass  Kerala Jaad Heavy  14  SRJM    K-P BRASS  KERALA JAAD HEAVY  14  SRJM,9
Brass  Kerala Jaad Heavy  12  SRJM   K-P,BRASS  KERALA JAAD HEAVY  12  SRJM,741810,Brass  Kerala Jaad Heavy  12  SRJM   K-P BRASS  KERALA JAAD HEAVY  12  SRJM,9
Brass Palaghat Arthi UMA  0  SRJM    PCS,BRASS PALAGHAT ARTHI UMA  0  SRJM,741810,Brass Palaghat Arthi UMA  0  SRJM    PCS BRASS PALAGHAT ARTHI UMA  0  SRJM,9
Brass Palaghat Arthi UMA  1  SRJM   PCS,BRASS PALAGHAT ARTHI UMA  1  SRJM,741810,Brass Palaghat Arthi UMA  1  SRJM   PCS BRASS PALAGHAT ARTHI UMA  1  SRJM,9
Brass Palaghat Arthi UMA  2  SRJM    PCS,BRASS PALAGHAT ARTHI UMA  2  SRJM,741810,Brass Palaghat Arthi UMA  2  SRJM    PCS BRASS PALAGHAT ARTHI UMA  2  SRJM,9
Brass Mini Latken  1  POP   PCS,BRASS MINI LATKEN  1  POP,74199930,Brass Mini Latken  1  POP   PCS BRASS MINI LATKEN  1  POP,29
Brass Mini Latken  2  POP    PCS,BRASS MINI LATKEN  2  POP,74199930,Brass Mini Latken  2  POP    PCS BRASS MINI LATKEN  2  POP,29
Brass Mini Latken  3   POP    PCS,BRASS MINI LATKEN  3   POP,74199930,Brass Mini Latken  3   POP    PCS BRASS MINI LATKEN  3   POP,29
Brass Akp Deluxe 1  POP    PCS,BRASS AKP DELUXE 1  POP,74199930,Brass Akp Deluxe 1  POP    PCS BRASS AKP DELUXE 1  POP,29
Brass Akp Deluxe 2  POP    PCS,BRASS AKP DELUXE 2  POP,74199930,Brass Akp Deluxe 2  POP    PCS BRASS AKP DELUXE 2  POP,29
Brass Akp Deluxe  3  POP    PCS,BRASS AKP DELUXE  3  POP,74199930,Brass Akp Deluxe  3  POP    PCS BRASS AKP DELUXE  3  POP,29
Brass Akp Deluxe  4  POP    PCS,BRASS AKP DELUXE  4  POP,74199930,Brass Akp Deluxe  4  POP    PCS BRASS AKP DELUXE  4  POP,29
Brass Akp Deluxe  5   POP     PCS,BRASS AKP DELUXE  5   POP,74199930,Brass Akp Deluxe  5   POP     PCS BRASS AKP DELUXE  5   POP,29
Brass Akp Deluxe  6   POP    PCS,BRASS AKP DELUXE  6   POP,74199930,Brass Akp Deluxe  6   POP    PCS BRASS AKP DELUXE  6   POP,29
Brass Akp Deluxe  7  POP    PCS,BRASS AKP DELUXE  7  POP,74199930,Brass Akp Deluxe  7  POP    PCS BRASS AKP DELUXE  7  POP,29
Brass Akp Deluxe  8  POP    PCS,BRASS AKP DELUXE  8  POP,74199930,Brass Akp Deluxe  8  POP    PCS BRASS AKP DELUXE  8  POP,29
Brass Akp Deluxe  9   POP    PCS,BRASS AKP DELUXE  9   POP,74199930,Brass Akp Deluxe  9   POP    PCS BRASS AKP DELUXE  9   POP,29
Brass Akp Deluxe  10  POP    PCS,BRASS AKP DELUXE  10  POP,74199930,Brass Akp Deluxe  10  POP    PCS BRASS AKP DELUXE  10  POP,29
Brass Agardan P Jali  5  POP   PCS,BRASS AGARDAN P JALI  5  POP,74199930,Brass Agardan P Jali  5  POP   PCS BRASS AGARDAN P JALI  5  POP,29
Brass Agardan P Jali  6 POP    PCS,BRASS AGARDAN P JALI  6 POP,74199930,Brass Agardan P Jali  6 POP    PCS BRASS AGARDAN P JALI  6 POP,29
Brass Agardan P Jali  7  POP   PCS,BRASS AGARDAN P JALI  7  POP,74199930,Brass Agardan P Jali  7  POP   PCS BRASS AGARDAN P JALI  7  POP,29
Brass Boat Lamp   POP     KG,BRASS BOAT LAMP   POP,74199930,Brass Boat Lamp   POP     KG BRASS BOAT LAMP   POP,29
Brass Uruli LW   POP      KG,BRASS URULI LW   POP,74181021,Brass Uruli LW   POP      KG BRASS URULI LW   POP,25
Brass TCR Vilakku LW 11  SRJM    k-p,BRASS TCR VILAKKU LW 11  SRJM,741810,Brass TCR Vilakku LW 11  SRJM    k-p BRASS TCR VILAKKU LW 11  SRJM,9
Brass TCR Vilakku LW 12  SRJM      K-P,BRASS TCR VILAKKU LW 12  SRJM,741810,Brass TCR Vilakku LW 12  SRJM      K-P BRASS TCR VILAKKU LW 12  SRJM,9
rass Kottar Vilakku LW No.14  SRJM     K-P,BRASS KOTTAR VILAKKU LW NO.14  SRJM,741810,rass Kottar Vilakku LW No.14  SRJM     K-P BRASS KOTTAR VILAKKU LW NO.14  SRJM,9
Brass Half Para  6.5  ABS     K-P,BRASS HALF PARA  6.5  ABS,741810,Brass Half Para  6.5  ABS     K-P BRASS HALF PARA  6.5  ABS,9
Brass Akp Deep Fancy 3 KMLH     PCS,BRASS AKP DEEP FANCY 3 KMLH,741999,Brass Akp Deep Fancy 3 KMLH     PCS BRASS AKP DEEP FANCY 3 KMLH,13
Brass Akp Deep Fancy 5  KMLH    PCS,BRASS AKP DEEP FANCY 5  KMLH,741999,Brass Akp Deep Fancy 5  KMLH    PCS BRASS AKP DEEP FANCY 5  KMLH,13
Brass Akp Deep Fancy 6  KMLH     PCS,BRASS AKP DEEP FANCY 6  KMLH,741999,Brass Akp Deep Fancy 6  KMLH     PCS BRASS AKP DEEP FANCY 6  KMLH,13
Brass Akp Deep Fancy 7  KMLH     PCS,BRASS AKP DEEP FANCY 7  KMLH,741999,Brass Akp Deep Fancy 7  KMLH     PCS BRASS AKP DEEP FANCY 7  KMLH,13
Brass Akp Deep Fancy  10  KMLH     PCS,BRASS AKP DEEP FANCY  10   KMLH,741999,Brass Akp Deep Fancy  10  KMLH     PCS BRASS AKP DEEP FANCY  10   KMLH,13
Brass Pagdri Ganesh Medium  BNKI     K-P,BRASS PAGDRI GANESH MEDIUM  BNKI,83062910,Brass Pagdri Ganesh Medium  BNKI     K-P BRASS PAGDRI GANESH MEDIUM  BNKI,36
Brass Kalash Open L+G  BNKI     K-P,BRASS KALASH OPEN L+G  BNKI,83062910,Brass Kalash Open L+G  BNKI     K-P BRASS KALASH OPEN L+G  BNKI,36
Brass Yali Frame Ganesh  BNKI        K-P,BRASS YALI FRAME GANESH  BNKI,83062910,Brass Yali Frame Ganesh  BNKI        K-P BRASS YALI FRAME GANESH  BNKI,36
Brass Kalaash Open L+G  BNKI    K-P,BRASS KALAASH OPEN L+G  BNKI,83062910,Brass Kalaash Open L+G  BNKI    K-P BRASS KALAASH OPEN L+G  BNKI,36
Brass Squre Base Kamal Ganesh   BNKI    K-P,BRASS SQURE BASE KAMAL GANESH   BNKI,83062910,Brass Squre Base Kamal Ganesh   BNKI    K-P BRASS SQURE BASE KAMAL GANESH   BNKI,36
Brass Gole Base  Ganesh   BNKI     K-P,BRASS GOLE BASE  GANESH   BNKI,83062910,Brass Gole Base  Ganesh   BNKI     K-P BRASS GOLE BASE  GANESH   BNKI,36
Brass  Vishnu Maya   BNKI      K-P,BRASS  VISHNU MAYA   BNKI,83062910,Brass  Vishnu Maya   BNKI      K-P BRASS  VISHNU MAYA   BNKI,36
Brass  Gole Base Ganeshh   BNKI    K-P,BRASS  GOLE BASE GANESHH   BNKI,83062910,Brass  Gole Base Ganeshh   BNKI    K-P BRASS  GOLE BASE GANESHH   BNKI,36
Brass Appu Ganesh Medium  BNKI     K-P,BRASS APPU GANESH MEDIUM  BNKI,83062910,Brass Appu Ganesh Medium  BNKI     K-P BRASS APPU GANESH MEDIUM  BNKI,36
Brass Sitting Ganesh Kamal Base BNKI     K-P,BRASS SITTING GANESH KAMAL BASE BNKI,83062910,Brass Sitting Ganesh Kamal Base BNKI     K-P BRASS SITTING GANESH KAMAL BASE BNKI,36
Brass Standing Murugan With Big Base  BNKI    K-P,BRASS STANDING MURUGAN WITH BIG BASE  BNKI,83062910,Brass Standing Murugan With Big Base  BNKI    K-P BRASS STANDING MURUGAN WITH BIG BASE  BNKI,36
Brass Pagdri Ganesh Small  BNKI     K-P,BRASS PAGDRI GANESH SMALL  BNKI,83062910,Brass Pagdri Ganesh Small  BNKI     K-P BRASS PAGDRI GANESH SMALL  BNKI,36
Brass Kottar Vilakku Heavy 12  SRJM    K-P,BRASS KOTTAR VILAKKU HEAVY 12  SRJM,741810,Brass Kottar Vilakku Heavy 12  SRJM    K-P BRASS KOTTAR VILAKKU HEAVY 12  SRJM,9
Brass Kkrishna  BNKI      K-P,BRASS KKRISHNA  BNKI,83062910,Brass Kkrishna  BNKI      K-P BRASS KKRISHNA  BNKI,36
Brass Krishna  K Jhaad   BNKI    K-P,BRASS KRISHNA  K JHAAD   BNKI,83062910,Brass Krishna  K Jhaad   BNKI    K-P BRASS KRISHNA  K JHAAD   BNKI,36
Brass Guruvaayur Krishna    BNKI    K-P,BRASS GURUVAAYUR KRISHNA    BNKI,83062910,Brass Guruvaayur Krishna    BNKI    K-P BRASS GURUVAAYUR KRISHNA    BNKI,36
Brass Sitting Hanuman  BNKI       K-P,BRASS SITTING HANUMAN  BNKI,83062910,Brass Sitting Hanuman  BNKI       K-P BRASS SITTING HANUMAN  BNKI,36
Brass Krishna LW  BNKI    K-P,BRASS KRISHNA LW  BNKI,83062910,Brass Krishna LW  BNKI    K-P BRASS KRISHNA LW  BNKI,36
Brass Radha Krishna Set LW  BNKI      K-P,BRASS RADHA KRISHNA SET LW  BNKI,83062910,Brass Radha Krishna Set LW  BNKI      K-P BRASS RADHA KRISHNA SET LW  BNKI,36
W/M Gopi New Krishna  SGH     PCS,W/M GOPI NEW KRISHNA  SGH,83062910,W/M Gopi New Krishna  SGH     PCS W/M GOPI NEW KRISHNA  SGH,36
W/M  Royal Krishna  SGH     PCS,W/M  ROYAL KRISHNA  SGH,83062910,W/M  Royal Krishna  SGH     PCS W/M  ROYAL KRISHNA  SGH,36
Brass Pitcher With Ast Laxmi  BNKI    K-P,BRASS PITCHER WITH AST LAXMI  BNKI,83062910,Brass Pitcher With Ast Laxmi  BNKI    K-P BRASS PITCHER WITH AST LAXMI  BNKI,36
Brass Pitcher With Dasavatar  700 BNKI     K-P,BRASS PITCHER WITH DASAVATAR 700 BNKI,83062910,Brass Pitcher With Dasavatar  700 BNKI     K-P BRASS PITCHER WITH DASAVATAR 700 BNKI,36
Brass Pitcher With Dasavatar 500 BNKI     K-P,BRASS PITCHER WITH DASAVATAR 500 BNKI,83062910,Brass Pitcher With Dasavatar 500 BNKI     K-P BRASS PITCHER WITH DASAVATAR 500 BNKI,36
Brass Urli Katora  10  BNKI    K-P,BRASS URLI KATORA  10  BNKI,83062910,Brass Urli Katora  10  BNKI    K-P BRASS URLI KATORA  10  BNKI,36
Brass Urli Katora  12  BNKI    K-P,BRASS URLI KATORA  12  BNKI,83062910,Brass Urli Katora  12  BNKI    K-P BRASS URLI KATORA  12  BNKI,36
Brass Choki Hanuman  BNKI     K-P,BRASS CHOKI HANUMAN  BNKI,83062910,Brass Choki Hanuman  BNKI     K-P BRASS CHOKI HANUMAN  BNKI,36
Brass Hanuman Sitting BNKI      K-P,BRASS HANUMAN SITTING BNKI,83062910,Brass Hanuman Sitting BNKI      K-P BRASS HANUMAN SITTING BNKI,36
Brass Sitting   Hanuman  BNKI    K-P,BRASS SITTING   HANUMAN  BNKI,83062910,Brass Sitting   Hanuman  BNKI    K-P BRASS SITTING   HANUMAN  BNKI,36
Brass Murugan  BNKI     K-P,BRASS MURUGAN  BNKI,83062910,Brass Murugan  BNKI     K-P BRASS MURUGAN  BNKI,36
Brass Standing Hanuman  BNKI      K-P,BRASS STANDING HANUMAN  BNKI,83062910,Brass Standing Hanuman  BNKI      K-P BRASS STANDING HANUMAN  BNKI,36
Brass  Murughan  BNKI     K-P,BRASS  MURUGHAN  BNKI,83062910,Brass  Murughan  BNKI     K-P BRASS  MURUGHAN  BNKI,36
Brass  Elephant Design   BNKI    K-P,BRASS  ELEPHANT DESIGN   BNKI,83062910,Brass  Elephant Design   BNKI    K-P BRASS  ELEPHANT DESIGN   BNKI,36
Brass  Satiya Deepak   BNKI    K-P,BRASS  SATIYA DEEPAK   BNKI,83062910,Brass  Satiya Deepak   BNKI    K-P BRASS  SATIYA DEEPAK   BNKI,36
Brass  Ram Darwar  BNKI     K-P,BRASS  RAM DARWAR  BNKI,83062910,Brass  Ram Darwar  BNKI     K-P BRASS  RAM DARWAR  BNKI,36
Brass Kamal L+G  Set  BNKI     K-P,BRASS KAMAL L+G  SET  BNKI,83062910,Brass Kamal L+G  Set  BNKI     K-P BRASS KAMAL L+G  SET  BNKI,36
Brass Koda Wall  12  KPS       PCS,BRASS KODA WALL  12  KPS,741999,Brass Koda Wall  12  KPS       PCS BRASS KODA WALL  12  KPS,13
Brass Koda Wall  18  KPS     PCS,BRASS KODA WALL  18  KPS,741999,Brass Koda Wall  18  KPS     PCS BRASS KODA WALL  18  KPS,13
Brass Koda Wall  24  KPS      PCS,BRASS KODA WALL  24  KPS,741999,Brass Koda Wall  24  KPS      PCS BRASS KODA WALL  24  KPS,13
Brass Koda Wall  30  KPS       PCS,BRASS KODA WALL  30  KPS,741999,Brass Koda Wall  30  KPS       PCS BRASS KODA WALL  30  KPS,13
Brass Koda Wall  32   KPS     PCS,BRASS KODA WALL  32   KPS,741999,Brass Koda Wall  32   KPS     PCS BRASS KODA WALL  32   KPS,13
Brass Koda Wall  With Iron 32   KPS     PCS,BRASS KODA WALL  WITH IRON 32   KPS,741999,Brass Koda Wall  With Iron 32   KPS     PCS BRASS KODA WALL  WITH IRON 32   KPS,13
Brass TCR Spl Vilakku  22   SRJM      PCS,BRASS TCR SPL VILAKKU  22   SRJM,741810,Brass TCR Spl Vilakku  22   SRJM      PCS BRASS TCR SPL VILAKKU  22   SRJM,9
Brass TCR Spl Vilakku  24   SRJM     PCS,BRASS TCR SPL VILAKKU  24   SRJM,741810,Brass TCR Spl Vilakku  24   SRJM     PCS BRASS TCR SPL VILAKKU  24   SRJM,9
Brass Uruli Lw  1  POP     PCS,BRASS URULI LW  1  POP .,74181021,Brass Uruli Lw  1  POP     PCS BRASS URULI LW  1  POP .,25
Brass Uruli Lw  2  POP     PCS,BRASS URULI LW  2  POP .,74181021,Brass Uruli Lw  2  POP     PCS BRASS URULI LW  2  POP .,25
Brass Uruli Lw  4  POP      PCS,BRASS URULI LW  4  POP,74181021,Brass Uruli Lw  4  POP      PCS BRASS URULI LW  4  POP,25
Brass Uruli Lw  5   POP     PCS,BRASS URULI LW  5   POP,74181021,Brass Uruli Lw  5   POP     PCS BRASS URULI LW  5   POP,25
Brass Uruli Lw  6   POP     PCS,BRASS URULI LW  6   POP,74181021,Brass Uruli Lw  6   POP     PCS BRASS URULI LW  6   POP,25
Brass  Beeding Plate Ring 6  RAJTN     K-P,BRASS  BEEDING PLATE RING 6  RAJTN,741810,Brass  Beeding Plate Ring 6  RAJTN     K-P BRASS  BEEDING PLATE RING 6  RAJTN,9
Brass Para  6.5  SRJM      K-P,BRASS PARA  6.5  SRJM,741810,Brass Para  6.5  SRJM      K-P BRASS PARA  6.5  SRJM,9
Brass Para  6  SRJM     K-P,BRASS PARA  6  SRJM,741810,Brass Para  6  SRJM     K-P BRASS PARA  6  SRJM,9
Brass Para  5   SRJM      K-P,BRASS PARA  5   SRJM,741810,Brass Para  5   SRJM      K-P BRASS PARA  5   SRJM,9
Brass Para  4   SRJM     K-P,BRASS PARA  4   SRJM,741810,Brass Para  4   SRJM     K-P BRASS PARA  4   SRJM,9
Brass Bombay Bell  150 to 600  KART     KG,BRASS BOMBAY BELL  150 TO 600  KART,74181010,Brass Bombay Bell  150 to 600  KART     KG BRASS BOMBAY BELL  150 TO 600  KART,24
Brass Kavadi  Bell  20  SRJM     K-P,BRASS KAVADI  BELL  20  SRJM,741810,Brass Kavadi  Bell  20  SRJM     K-P BRASS KAVADI  BELL  20  SRJM,9
Brass Kindi Spl  Hvy  5 SRJM     K-P,BRASS KINDI SPL  HVY  5 SRJM,741810,Brass Kindi Spl  Hvy  5 SRJM     K-P BRASS KINDI SPL  HVY  5 SRJM,9
Brass  Krishna  KR316   BNKI     K-P,BRASS  KRISHNA  KR316   BNKI,83062910,Brass  Krishna  KR316   BNKI     K-P BRASS  KRISHNA  KR316   BNKI,36
Brass Frame Attukal Devi   BNKI       K-P,BRASS FRAME ATTUKAL DEVI   BNKI,83062910,Brass Frame Attukal Devi   BNKI       K-P BRASS FRAME ATTUKAL DEVI   BNKI,36
Brass Frame Dasavtar Krishna  BNKI       K-P,BRASS FRAME DASAVTAR KRISHNA  BNKI,83062910,Brass Frame Dasavtar Krishna  BNKI       K-P BRASS FRAME DASAVTAR KRISHNA  BNKI,36
Brass Vishnu Maya Frame  BNKI     K-P,BRASS VISHNU MAYA FRAME  BNKI,83062910,Brass Vishnu Maya Frame  BNKI     K-P BRASS VISHNU MAYA FRAME  BNKI,36
Brass Frrame  Vishnu Maya  BNKI    K-P,BRASS FRRAME  VISHNU MAYA  BNKI,83062910,Brass Frrame  Vishnu Maya  BNKI    K-P BRASS FRRAME  VISHNU MAYA  BNKI,36
Brass Kamal Lekshmi  LW  BNKI    K-P,BRASS KAMAL LEKSHMI LW  BNKI,83062910,Brass Kamal Lekshmi  LW  BNKI    K-P BRASS KAMAL LEKSHMI LW  BNKI,36
Brass Kamal Ganesh  LW  BNKI     K-P,BRASS KAMAL GANESH  LW  BNKI,83062910,Brass Kamal Ganesh  LW  BNKI     K-P BRASS KAMAL GANESH  LW  BNKI,36
Brass Squre Choki Lekshmi LW  BNKI    K-P,BRASS SQURE CHOKI LEKSHMI LW  BNKI,83062910,Brass Squre Choki Lekshmi LW  BNKI    K-P BRASS SQURE CHOKI LEKSHMI LW  BNKI,36
Brass Squre Choki Ganesh  LW  BNKI    K-P,BRASS SQURE CHOKI GANESH  LW  BNKI,83062910,Brass Squre Choki Ganesh  LW  BNKI    K-P BRASS SQURE CHOKI GANESH  LW  BNKI,36
Brass Design Jaali Laxmi Deepak BNKI     K-P,BRASS DESIGN JAALI LAXMI DEEPAK BNKI,83062910,Brass Design Jaali Laxmi Deepak BNKI     K-P BRASS DESIGN JAALI LAXMI DEEPAK BNKI,36
Brass Cow Krishna 5  GV      K-P,BRASS COW KRISHNA 5  GV,83062910,Brass Cow Krishna 5  GV      K-P BRASS COW KRISHNA 5  GV,36
Brass Padmanabha Swamy 3.5  GV     K-P,BRASS PADMANABHA SWAMY 3.5  GV,83062910,Brass Padmanabha Swamy 3.5  GV     K-P BRASS PADMANABHA SWAMY 3.5  GV,36
Brass Vishnu Laxmi 4.5  GV     K-P,BRASS VISHNU LAXMI 4.5  GV,83062910,Brass Vishnu Laxmi 4.5  GV     K-P BRASS VISHNU LAXMI 4.5  GV,36
Brass Ganesh 1.25   GV    K-P,BRASS GANESH 1.25   GV,83062910,Brass Ganesh 1.25   GV    K-P BRASS GANESH 1.25   GV,36
Brass  Ayyappa   6  GV      K-P,BRASS  AYYAPPA  6  GV,83062910,Brass  Ayyappa   6  GV      K-P BRASS  AYYAPPA  6  GV,36
Brass Ramdarwar  4  GV   K-P,BRASS RAMDARWAR  4  GV,83062910,Brass Ramdarwar  4  GV   K-P BRASS RAMDARWAR  4  GV,36
Brass Deepak LW  2  GV   K-P,BRASS DEEPAK LW  2  GV,83062910,Brass Deepak LW  2  GV   K-P BRASS DEEPAK LW  2  GV,36
Brass Dagru Ganesh  2.5  GV     K-P,BRASS DAGRU GANESH  2.5  GV,83062910,Brass Dagru Ganesh  2.5  GV     K-P BRASS DAGRU GANESH  2.5  GV,36
Brass  TCR MW 14 to 20  Vilakku   POP     KG,BRASS  TCR MW 14 TO 20  VILAKKU   POP,74199930,Brass  TCR MW 14 to 20  Vilakku   POP     KG BRASS  TCR MW 14 TO 20  VILAKKU   POP,29
BRASS  KTR  NC  MW VILAKKU 14TO26  POP    KG,BRASS  KTR  NC  MW VILAKKU 14TO26   POP,741980,BRASS  KTR  NC  MW VILAKKU 14TO26  POP    KG BRASS  KTR  NC  MW VILAKKU 14TO26   POP,12
Brass Pooja Kindi 000 Casting Spl DHIN     PCS,BRASS POOJA KINDI 000 CASTING SPL DHIN,741810,Brass Pooja Kindi 000 Casting Spl DHIN     PCS BRASS POOJA KINDI 000 CASTING SPL DHIN,9
Brass Pooja Kindi 00 Casting Spl DHIN    PCS,BRASS POOJA KINDI 00 CASTING SPL DHIN,741810,Brass Pooja Kindi 00 Casting Spl DHIN    PCS BRASS POOJA KINDI 00 CASTING SPL DHIN,9
Brass Briyani Handi No. 3  MUGHB  K-P,BRASS BRIYANI HANDI NO. 3  MUGHB,741810,Brass Briyani Handi No. 3  MUGHB  K-P BRASS BRIYANI HANDI NO. 3  MUGHB,9
Brass Briyani Handi No. 4  MUGHB  K-P,BRASS BRIYANI HANDI NO. 4  MUGHB,741810,Brass Briyani Handi No. 4  MUGHB  K-P BRASS BRIYANI HANDI NO. 4  MUGHB,9
Brass Briyani Handi No. 5  MUGHB  PCS,BRASS BRIYANI HANDI NO. 5  MUGHB,741810,Brass Briyani Handi No. 5  MUGHB  PCS BRASS BRIYANI HANDI NO. 5  MUGHB,9
Brass Etching Handi No. 1  MUGHB  K-P,BRASS ETCHING HANDI NO. 1  MUGHB,741810,Brass Etching Handi No. 1  MUGHB  K-P BRASS ETCHING HANDI NO. 1  MUGHB,9
Brass Etching Handi No. 2  MUGHB  K-P,BRASS ETCHING HANDI NO. 2  MUGHB,741810,Brass Etching Handi No. 2  MUGHB  K-P BRASS ETCHING HANDI NO. 2  MUGHB,9
Brass Etching Handi No. 3  MUGHB  K-P,BRASS ETCHING HANDI NO. 3  MUGHB,741810,Brass Etching Handi No. 3  MUGHB  K-P BRASS ETCHING HANDI NO. 3  MUGHB,9
Brass Lagan No. 1  MUGHB  K-P,BRASS LAGAN NO. 1  MUGHB,741810,Brass Lagan No. 1  MUGHB  K-P BRASS LAGAN NO. 1  MUGHB,9
Brass Lagan No. 2  MUGHB  K-P,BRASS LAGAN NO. 2  MUGHB,741810,Brass Lagan No. 2  MUGHB  K-P BRASS LAGAN NO. 2  MUGHB,9
Brass Lagan No. 3  MUGHB  K-P,BRASS LAGAN NO. 3  MUGHB,741810,Brass Lagan No. 3  MUGHB  K-P BRASS LAGAN NO. 3  MUGHB,9
Brass Mughlai Deg No. 2  MUGHB  K-P,BRASS MUGHLAI DEG NO. 2  MUGHB,741810,Brass Mughlai Deg No. 2  MUGHB  K-P BRASS MUGHLAI DEG NO. 2  MUGHB,9
Brass Mughlai Deg No. 3  MUGHB  K-P,BRASS MUGHLAI DEG NO. 3  MUGHB,741810,Brass Mughlai Deg No. 3  MUGHB  K-P BRASS MUGHLAI DEG NO. 3  MUGHB,9
Brass Patili Kalam No. 2  MUGHB  K-P,BRASS PATILI KALAM NO. 2  MUGHB,741810,Brass Patili Kalam No. 2  MUGHB  K-P BRASS PATILI KALAM NO. 2  MUGHB,9
Brass Patili Kalam No. 3  MUGHB  K-P,BRASS PATILI KALAM NO. 3  MUGHB,741810,Brass Patili Kalam No. 3  MUGHB  K-P BRASS PATILI KALAM NO. 3  MUGHB,9
Brass Patili Kalam No. 4  MUGHB  K-P,BRASS PATILI KALAM NO. 4  MUGHB,741810,Brass Patili Kalam No. 4  MUGHB  K-P BRASS PATILI KALAM NO. 4  MUGHB,9
Brass Elephant Uruli No. 8  MUGHB  K-P,BRASS ELEPHANT URULI NO. 8  MUGHB,741810,Brass Elephant Uruli No. 8  MUGHB  K-P BRASS ELEPHANT URULI NO. 8  MUGHB,9
Brass Elephant Uruli No. 10  MUGHB  K-P,BRASS ELEPHANT URULI NO. 10  MUGHB,741810,Brass Elephant Uruli No. 10  MUGHB  K-P BRASS ELEPHANT URULI NO. 10  MUGHB,9
Brass Elephant Uruli No. 12  MUGHB  K-P,BRASS ELEPHANT URULI NO. 12  MUGHB,741810,Brass Elephant Uruli No. 12  MUGHB  K-P BRASS ELEPHANT URULI NO. 12  MUGHB,9
Brass Laddoo Box No. 2  MUGHB  K-P,BRASS LADDOO BOX NO. 2  MUGHB,741810,Brass Laddoo Box No. 2  MUGHB  K-P BRASS LADDOO BOX NO. 2  MUGHB,9
Brass Laddoo Box No. 3  MUGHB  K-P,BRASS LADDOO BOX NO. 3  MUGHB,741810,Brass Laddoo Box No. 3  MUGHB  K-P BRASS LADDOO BOX NO. 3  MUGHB,9
Brass Laddoo Box No. 4  MUGHB  K-P,BRASS LADDOO BOX NO. 4  MUGHB,741810,Brass Laddoo Box No. 4  MUGHB  K-P BRASS LADDOO BOX NO. 4  MUGHB,9
Brass Masala Box No. 6  MUGHB  K-P,BRASS MASALA BOX NO. 6  MUGHB,741810,Brass Masala Box No. 6  MUGHB  K-P BRASS MASALA BOX NO. 6  MUGHB,9
Brass Masala Box No. 7  MUGHB  K-P,BRASS MASALA BOX NO. 7  MUGHB,741810,Brass Masala Box No. 7  MUGHB  K-P BRASS MASALA BOX NO. 7  MUGHB,9
Brass Kangura Plate No. 8  MUGHB  K-P,BRASS KANGURA PLATE NO. 8  MUGHB,741810,Brass Kangura Plate No. 8  MUGHB  K-P BRASS KANGURA PLATE NO. 8  MUGHB,9
Brass Kangura Plate No. 10  MUGHB  K-P,BRASS KANGURA PLATE NO. 10  MUGHB,741810,Brass Kangura Plate No. 10  MUGHB  K-P BRASS KANGURA PLATE NO. 10  MUGHB,9
Brass Kangura Plate No. 12  MUGHB  K-P,BRASS KANGURA PLATE NO. 12  MUGHB,741810,Brass Kangura Plate No. 12  MUGHB  K-P BRASS KANGURA PLATE NO. 12  MUGHB,9
Brass Lotus Fruit Plate No. 8  MUGHB  K-P,BRASS LOTUS FRUIT PLATE NO. 8  MUGHB,741810,Brass Lotus Fruit Plate No. 8  MUGHB  K-P BRASS LOTUS FRUIT PLATE NO. 8  MUGHB,9
Brass Carving Bowl No. 8  MUGHB  K-P,BRASS CARVING BOWL NO. 8  MUGHB,741810,Brass Carving Bowl No. 8  MUGHB  K-P BRASS CARVING BOWL NO. 8  MUGHB,9
Brass Ubba Square No. 1  MUGHB  K-P,BRASS UBBA SQUARE NO. 1  MUGHB,741810,Brass Ubba Square No. 1  MUGHB  K-P BRASS UBBA SQUARE NO. 1  MUGHB,9
Brass Ubba Square No. 2  MUGHB  K-P,BRASS UBBA SQUARE NO. 2  MUGHB,741810,Brass Ubba Square No. 2  MUGHB  K-P BRASS UBBA SQUARE NO. 2  MUGHB,9
Brass Ubba Square No. 3  MUGHB  K-P,BRASS UBBA SQUARE NO. 3  MUGHB,741810,Brass Ubba Square No. 3  MUGHB  K-P BRASS UBBA SQUARE NO. 3  MUGHB,9
Brass Sheet Plain Uruli No. 8  MUGHB  K-P,BRASS SHEET PLAIN URULI NO. 8  MUGHB,741810,Brass Sheet Plain Uruli No. 8  MUGHB  K-P BRASS SHEET PLAIN URULI NO. 8  MUGHB,9
Brass Sheet Plain Uruli No. 10  MUGHB  K-P,BRASS SHEET PLAIN URULI NO. 10  MUGHB,741810,Brass Sheet Plain Uruli No. 10  MUGHB  K-P BRASS SHEET PLAIN URULI NO. 10  MUGHB,9
Brass Kindi Spl  1  SRJM      K-P,BRASS KINDI SPL  1  SRJM,741810,Brass Kindi Spl  1  SRJM      K-P BRASS KINDI SPL  1  SRJM,9
Brass Kindi Spl  2  SRJM     K-P,BRASS KINDI SPL  2  SRJM,741810,Brass Kindi Spl  2  SRJM     K-P BRASS KINDI SPL  2  SRJM,9
Brass Kum Kum Poonam 1 SRJM      PCS,BRASS KUM KUM POONAM 1 SRJM,741810,Brass Kum Kum Poonam 1 SRJM      PCS BRASS KUM KUM POONAM 1 SRJM,9
Brass Kum Kum Poonam 2 SRJM      PCS,BRASS KUM KUM POONAM 2 SRJM,741810,Brass Kum Kum Poonam 2 SRJM      PCS BRASS KUM KUM POONAM 2 SRJM,9
Brass Kum Kum Poonam 3 SRJM    PCS,BRASS KUM KUM POONAM 3 SRJM,741810,Brass Kum Kum Poonam 3 SRJM    PCS BRASS KUM KUM POONAM 3 SRJM,9
Brass D- Lotta  No 3 FIOE PCS,BRASS D- LOTTA  NO 3 FIOE,741999,Brass D- Lotta  No 3 FIOE PCS BRASS D- LOTTA  NO 3 FIOE,13
Brass D- Lotta  No 4 FIOE PCS,BRASS D- LOTTA  NO 4 FIOE,741999,Brass D- Lotta  No 4 FIOE PCS BRASS D- LOTTA  NO 4 FIOE,13
Brass D- Lotta  No 6 FIOE PCS,BRASS D- LOTTA  NO 6 FIOE,741999,Brass D- Lotta  No 6 FIOE PCS BRASS D- LOTTA  NO 6 FIOE,13
Brass D- Lotta  No 7 FIOE PCS,BRASS D- LOTTA  NO 7 FIOE,741999,Brass D- Lotta  No 7 FIOE PCS BRASS D- LOTTA  NO 7 FIOE,13
Brass Ganesh Palna BNKI      K-P,BRASS GANESH PALNA BNKI,83062910,Brass Ganesh Palna BNKI      K-P BRASS GANESH PALNA BNKI,36
Brass  Ganesh  Palna BNKI     K-P,BRASS  GANESH  PALNA BNKI,83062910,Brass  Ganesh  Palna BNKI     K-P BRASS  GANESH  PALNA BNKI,36
Brass Radha Krishna  Palna BNKI     K-P,BRASS RADHA KRISHNA  PALNA BNKI,83062910,Brass Radha Krishna  Palna BNKI     K-P BRASS RADHA KRISHNA  PALNA BNKI,36
Brass Laxmi Squre Kamal Base BNKI     K-P,BRASS LAXMI SQURE KAMAL BASE BNKI,83062910,Brass Laxmi Squre Kamal Base BNKI     K-P BRASS LAXMI SQURE KAMAL BASE BNKI,36
Brass Matka  Laxmi With  Kamal BNKI     K-P,BRASS MATKA  LAXMI WITH  KAMAL BNKI,83062910,Brass Matka  Laxmi With  Kamal BNKI     K-P BRASS MATKA  LAXMI WITH  KAMAL BNKI,36
Brass  Cow  Krishna    BNKI     K-P,BRASS  COW  KRISHNA    BNKI,83062910,Brass  Cow  Krishna    BNKI     K-P BRASS  COW  KRISHNA    BNKI,36
W. Pooja Box  Peacock  6*4 SBNH   PCS,W. POOJA BOX  PEACOCK  6*4 SBNH,442090,W. Pooja Box  Peacock  6*4 SBNH   PCS W. POOJA BOX  PEACOCK  6*4 SBNH,2
W. Pooja Box  Peacock  7*5  SBNH      PCS,W. POOJA BOX  PEACOCK  7*5  SBNH,442090,W. Pooja Box  Peacock  7*5  SBNH      PCS W. POOJA BOX  PEACOCK  7*5  SBNH,2
Brass Frame Murugan 3940  2.1  SBLH      K-P,BRASS FRAME MURUGAN 3940  2.1  SBLH,830629,Brass Frame Murugan 3940  2.1  SBLH      K-P BRASS FRAME MURUGAN 3940  2.1  SBLH,17
Brass Vishnu Laxmi 3102  9  SBLH     K-P,BRASS VISHNU LAXMI 3102  9  SBLH,830629,Brass Vishnu Laxmi 3102  9  SBLH     K-P BRASS VISHNU LAXMI 3102  9  SBLH,17
Brass Durga 3591  3  SBLH    K-P,BRASS DURGA 3591  3  SBLH,830629,Brass Durga 3591  3  SBLH    K-P BRASS DURGA 3591  3  SBLH,17
Brass Shiv Parivar 3548  1.8  SBLH     K-P,BRASS SHIV PARIVAR 3548  1.8  SBLH,830629,Brass Shiv Parivar 3548  1.8  SBLH     K-P BRASS SHIV PARIVAR 3548  1.8  SBLH,17
Brass T Balaji 3542  2.1  SBLH     K-P,BRASS T BALAJI 3542  2.1  SBLH,830629,Brass T Balaji 3542  2.1  SBLH     K-P BRASS T BALAJI 3542  2.1  SBLH,17
Brass Frame Ganesh 3616  4.5  SBLH    K-P,BRASS FRAME GANESH 3616  4.5  SBLH,830629,Brass Frame Ganesh 3616  4.5  SBLH    K-P BRASS FRAME GANESH 3616  4.5  SBLH,17
Brass Frame Laxmi 3616  3.9  SBLH    K-P,BRASS FRAME LAXMI 3616  3.9  SBLH,830629,Brass Frame Laxmi 3616  3.9  SBLH    K-P BRASS FRAME LAXMI 3616  3.9  SBLH,17
Brass Frame Saraswathi 3616  3.9  SBLH   K-P,BRASS FRAME SARASWATHI 3616  3.9  SBLH,830629,Brass Frame Saraswathi 3616  3.9  SBLH   K-P BRASS FRAME SARASWATHI 3616  3.9  SBLH,17
Brass Frame Ganesh 3693  1  SBLH      K-P,BRASS FRAME GANESH 3693  1  SBLH,830629,Brass Frame Ganesh 3693  1  SBLH      K-P BRASS FRAME GANESH 3693  1  SBLH,17
Brass Frame Laxmi 3693  1  SBLH    K-P,BRASS FRAME LAXMI 3693  1  SBLH,830629,Brass Frame Laxmi 3693  1  SBLH    K-P BRASS FRAME LAXMI 3693  1  SBLH,17
Brass Frame Sarasvathi  3693  1  SBLH     K-P,BRASS FRAME SARASVATHI  3693  1  SBLH,830629,Brass Frame Sarasvathi  3693  1  SBLH     K-P BRASS FRAME SARASVATHI  3693  1  SBLH,17
Brass Jhoola Matki Krishna 3673  3.3  SBLH     K-P,BRASS JHOOLA MATKI KRISHNA 3673  3.3  SBLH,830629,Brass Jhoola Matki Krishna 3673  3.3  SBLH     K-P BRASS JHOOLA MATKI KRISHNA 3673  3.3  SBLH,17
Brass Frame Ramdarbar 3672  2.5 SBLH    K-P,BRASS FRAME RAMDARBAR 3672  2.5 SBLH,830629,Brass Frame Ramdarbar 3672  2.5 SBLH    K-P BRASS FRAME RAMDARBAR 3672  2.5 SBLH,17
Brass Ganesh 3810  15 SBLH    K-P,BRASS GANESH 3810  15 SBLH,830629,Brass Ganesh 3810  15 SBLH    K-P BRASS GANESH 3810  15 SBLH,17
Brass Frame Ganesh 3677  1.5  SBLH     K-P,BRASS FRAME GANESH 3677  1.5  SBLH,830629,Brass Frame Ganesh 3677  1.5  SBLH     K-P BRASS FRAME GANESH 3677  1.5  SBLH,17
Brass Frame Laxmi 3677  1.3  SBLH    K-P,BRASS FRAME LAXMI 3677  1.3  SBLH,830629,Brass Frame Laxmi 3677  1.3  SBLH    K-P BRASS FRAME LAXMI 3677  1.3  SBLH,17
BRASS JOINT RADHA KRISHNA BNKI  K-P,BRASS JOINT RADHA KRISHNA BNKI,74181021,BRASS JOINT RADHA KRISHNA BNKI  K-P BRASS JOINT RADHA KRISHNA BNKI,25
Brass Buddha BNKI K-P,BRASS BUDDHA BNKI,74181021,Brass Buddha BNKI K-P BRASS BUDDHA BNKI,25
Brass Dot Buddha Base BNKI K-P,BRASS DOT BUDDHA BASE BNKI,74181021,Brass Dot Buddha Base BNKI K-P BRASS DOT BUDDHA BASE BNKI,25
Brass  Buddha BU-121 BNKI K-P,BRASS  BUDDHA BU-121 BNKI,74181021,Brass  Buddha BU-121 BNKI K-P BRASS  BUDDHA BU-121 BNKI,25
Brass History  Buddha BNKI K-P,BRASS HISTORY BUDDHA BNKI,74181021,Brass History  Buddha BNKI K-P BRASS HISTORY BUDDHA BNKI,25
Brass  Buddha Base BNKI K-P,BRASS  BUDDHA BASE BNKI,74181021,Brass  Buddha Base BNKI K-P BRASS  BUDDHA BASE BNKI,25
Brass Natraj BNKI K-P,BRASS NATRAJ BNKI,83062910,Brass Natraj BNKI K-P BRASS NATRAJ BNKI,36
Brass Dot Elephant BNK I K-P,BRASS DOT ELEPHANT BNKI,74181021,Brass Dot Elephant BNK I K-P BRASS DOT ELEPHANT BNKI,25
Brass Design Elephant BNKI K-P,BRASS DESIGN ELEPHANT BNKI,74181021,Brass Design Elephant BNKI K-P BRASS DESIGN ELEPHANT BNKI,25
Brass Budda BU182  BNKI K-P,BRASS BUDDA BU182  BNKI,74181021,Brass Budda BU182  BNKI K-P BRASS BUDDA BU182  BNKI,25
Brass Elephant Ast Laxmi  BNKI K-P,BRASS ELEPHANT AST LAXMI  BNKI,74181021,Brass Elephant Ast Laxmi  BNKI K-P BRASS ELEPHANT AST LAXMI  BNKI,25
Brass Ast Laxmi Elephant   BNKI K-P,BRASS AST LAXMI ELEPHANT   BNKI,74181021,Brass Ast Laxmi Elephant   BNKI K-P BRASS AST LAXMI ELEPHANT   BNKI,25
Brass Elephant Multiple   BNKI K-P,BRASS ELEPHANT MULTIPLE   BNKI,74181021,Brass Elephant Multiple   BNKI K-P BRASS ELEPHANT MULTIPLE   BNKI,25
Brass Standing Hanuman   BNKI K-P,BRASS STANDING HANUMAN   BNKI,74181021,Brass Standing Hanuman   BNKI K-P BRASS STANDING HANUMAN   BNKI,25
Brass Standing Krishna   BNKI K-P,BRASS STANDING KRISHNA   BNKI,74181021,Brass Standing Krishna   BNKI K-P BRASS STANDING KRISHNA   BNKI,25
Brass Cow Krishna Standing  BNKI K-P,BRASS COW KRISHNA STANDING  BNKI,74181021,Brass Cow Krishna Standing  BNKI K-P BRASS COW KRISHNA STANDING  BNKI,25
PRABHA ARCH-54 KART PCS,PRABHA ARCH-54 KART,74181010,PRABHA ARCH-54 KART PCS PRABHA ARCH-54 KART,24
PRABHA ARCH SPL-48 KART PCS,PRABHA ARCH SPL-48 KART,74181010,PRABHA ARCH SPL-48 KART PCS PRABHA ARCH SPL-48 KART,24
Brass Para  9.5P   SRJM   K-P,BRASS PARA  9.5P   SRJM,741810,Brass Para  9.5P   SRJM   K-P BRASS PARA  9.5P   SRJM,9
Brass Para  9.5D   SRJM    K-P,BRASS PARA  9.5D   SRJM,741810,Brass Para  9.5D   SRJM    K-P BRASS PARA  9.5D   SRJM,9
Brass Para  10.5P   SRJM   K-P,BRASS PARA  10.5P   SRJM,741810,Brass Para  10.5P   SRJM   K-P BRASS PARA  10.5P   SRJM,9
Brass Kerala Jaad Heavy 10   SRJM   K-P,BRASS KERALA JAAD HEAVY 10   SRJM,741810,Brass Kerala Jaad Heavy 10   SRJM   K-P BRASS KERALA JAAD HEAVY 10   SRJM,9
Brass Kamakshi Deep Mini  SRJM  PCS,BRASS KAMAKSHI DEEP MINI  SRJM,741999,Brass Kamakshi Deep Mini  SRJM  PCS BRASS KAMAKSHI DEEP MINI  SRJM,13
Brass Pooja Kindi 0 Casting Spl DHIN   K-P,BRASS POOJA KINDI 0 CASTING SPL DHIN,741810,Brass Pooja Kindi 0 Casting Spl DHIN   K-P BRASS POOJA KINDI 0 CASTING SPL DHIN,9
Brass Pooja Kindi 1 Casting Spl DHIN   K-P,BRASS POOJA KINDI 1 CASTING SPL DHIN,741810,Brass Pooja Kindi 1 Casting Spl DHIN   K-P BRASS POOJA KINDI 1 CASTING SPL DHIN,9
Brass Pooja Kindi 2 Casting Spl DHIN   K-P,BRASS POOJA KINDI 2 CASTING SPL DHIN,741810,Brass Pooja Kindi 2 Casting Spl DHIN   K-P BRASS POOJA KINDI 2 CASTING SPL DHIN,9
Brass Padam Payali 0  DHIN   K-P,BRASS PADAM PAYALI 0  DHIN,741810,Brass Padam Payali 0  DHIN   K-P BRASS PADAM PAYALI 0  DHIN,9
Brass Padam Payali 1  DHIN   K-P,BRASS PADAM PAYALI 1  DHIN,741810,Brass Padam Payali 1  DHIN   K-P BRASS PADAM PAYALI 1  DHIN,9
Brass  BASKET 949-1 IHC  K-P,BRASS  BASKET 949-1 IHC,741999,Brass  BASKET 949-1 IHC  K-P BRASS  BASKET 949-1 IHC,13
Brass  BASKET 949-2 IHC K-P,BRASS  BASKET 949-2 IHC,741999,Brass  BASKET 949-2 IHC K-P BRASS  BASKET 949-2 IHC,13
Brass  BASKET 949-3 IHC K-P,BRASS  BASKET 949-3 IHC,741999,Brass  BASKET 949-3 IHC K-P BRASS  BASKET 949-3 IHC,13
Brass Mahabharath Vilakku 12 to 20  SAI KG,BRASS MAHABHARATH VILAKKU 12 TO 20  SAI,74199930,Brass Mahabharath Vilakku 12 to 20  SAI KG BRASS MAHABHARATH VILAKKU 12 TO 20  SAI,29
Brass Mahabharath Vilakku 24 to 60  SAI KG,BRASS MAHABHARATH VILAKKU 24 TO 60  SAI,74199930,Brass Mahabharath Vilakku 24 to 60  SAI KG BRASS MAHABHARATH VILAKKU 24 TO 60  SAI,29
Brass Wedding Parath 14 DPE K-P,BRASS WEDDING PARATH  14 DPE,741810,Brass Wedding Parath 14 DPE K-P BRASS WEDDING PARATH  14 DPE,9
Brass Wedding Parath  15 DPE K-P,BRASS WEDDING PARATH  15 DPE,741810,Brass Wedding Parath  15 DPE K-P BRASS WEDDING PARATH  15 DPE,9
Brass Wedding Parath  17 DPE K-P,BRASS WEDDING PARATH  17 DPE,741810,Brass Wedding Parath  17 DPE K-P BRASS WEDDING PARATH  17 DPE,9
Brass Design Parath  17 DPE K-P,BRASS DESIGN PARATH  17 DPE,741810,Brass Design Parath  17 DPE K-P BRASS DESIGN PARATH  17 DPE,9
Brass Design Parath  18 DPE K-P,BRASS DESIGN PARATH  18 DPE,741810,Brass Design Parath  18 DPE K-P BRASS DESIGN PARATH  18 DPE,9
Brass Design Parath  19 DPE K-P,BRASS DESIGN PARATH  19 DPE,741810,Brass Design Parath  19 DPE K-P BRASS DESIGN PARATH  19 DPE,9
Brass Pooja Basket No. 1 MUGHB K-P,BRASS POOJA BASKET NO. 1 MUGHB,741810,Brass Pooja Basket No. 1 MUGHB K-P BRASS POOJA BASKET NO. 1 MUGHB,9
Brass Pooja Basket No. 2 MUGHB K-P,BRASS POOJA BASKET NO. 2 MUGHB,741810,Brass Pooja Basket No. 2 MUGHB K-P BRASS POOJA BASKET NO. 2 MUGHB,9
Brass Pooja Basket No. 3 MUGHB K-P,BRASS POOJA BASKET NO. 3 MUGHB,741810,Brass Pooja Basket No. 3 MUGHB K-P BRASS POOJA BASKET NO. 3 MUGHB,9
Brass Deepa Sthambham - SWA KG,BRASS DEEPA STHAMBHAM - SWA,74181010,Brass Deepa Sthambham - SWA KG BRASS DEEPA STHAMBHAM - SWA,24
Brass Rudrakshi Deep 5 Peacok  SWA PCS,BRASS RUDRAKSHI DEEP 5 PEACOK  SWA,741810,Brass Rudrakshi Deep 5 Peacok  SWA PCS BRASS RUDRAKSHI DEEP 5 PEACOK  SWA,9
Brass Rudrakshi Deep 3 Peacok  SWA PCS,BRASS RUDRAKSHI DEEP 3 PEACOK  SWA,741810,Brass Rudrakshi Deep 3 Peacok  SWA PCS BRASS RUDRAKSHI DEEP 3 PEACOK  SWA,9
Brass Agal Vel 6 Deep  SWA PCS,BRASS AGAL VEL 6 DEEP  SWA,741810,Brass Agal Vel 6 Deep  SWA PCS BRASS AGAL VEL 6 DEEP  SWA,9
Brass Agal Om Vel 6 Deep  SWA PCS,BRASS AGAL OM VEL 6 DEEP  SWA,741810,Brass Agal Om Vel 6 Deep  SWA PCS BRASS AGAL OM VEL 6 DEEP  SWA,9
Copper Bowl  SWA PCS,COPPER BOWL  SWA,741810,Copper Bowl  SWA PCS COPPER BOWL  SWA,9
Brass Vadi Chilambu. 1 AZAD K-P,BRASS VADI CHILAMBU. 1 AZAD,741810,Brass Vadi Chilambu. 1 AZAD K-P BRASS VADI CHILAMBU. 1 AZAD,9
Brass Vadi Chilambu. 2 AZAD K-P,BRASS VADI CHILAMBU. 2 AZAD,741810,Brass Vadi Chilambu. 2 AZAD K-P BRASS VADI CHILAMBU. 2 AZAD,9
Brass Vadi Chilambu. 3 AZAD K-P,BRASS VADI CHILAMBU. 3 AZAD,741810,Brass Vadi Chilambu. 3 AZAD K-P BRASS VADI CHILAMBU. 3 AZAD,9
Brass  AKP  10 AZAD K-P,BRASS  AKP   10 AZAD,741810,Brass  AKP  10 AZAD K-P BRASS  AKP   10 AZAD,9
Brass  Krishna    BNKI K-P,BRASS  KRISHNA    BNKI,83062910,Brass  Krishna    BNKI K-P BRASS  KRISHNA    BNKI,36
Brass  Radha  BNKI K-P,BRASS  RADHA  BNKI,83062910,Brass  Radha  BNKI K-P BRASS  RADHA  BNKI,36
Brass Cow Calf Base  BNKI K-P,BRASS COW CALF BASE  BNKI,83062910,Brass Cow Calf Base  BNKI K-P BRASS COW CALF BASE  BNKI,36
Brass Small Cow Calf Base  BNKI K-P,BRASS SMALL COW CALF BASE  BNKI,83062910,Brass Small Cow Calf Base  BNKI K-P BRASS SMALL COW CALF BASE  BNKI,36
Brass Bigl Cow Calf Base  BNKI K-P,BRASS BIGL COW CALF BASE  BNKI,83062910,Brass Bigl Cow Calf Base  BNKI K-P BRASS BIGL COW CALF BASE  BNKI,36
Brass Durga  BNKI K-P,BRASS DURGA  BNKI,83062910,Brass Durga  BNKI K-P BRASS DURGA  BNKI,36
Brass Durgaa  BNKI K-P,BRASS DURGAA  BNKI,83062910,Brass Durgaa  BNKI K-P BRASS DURGAA  BNKI,36
Brass  Vigraham SSF Fine RADHM KG,BRASS  VIGRAHAM SSF FINE RADHM,83062910,Brass  Vigraham SSF Fine RADHM KG BRASS  VIGRAHAM SSF FINE RADHM,36
Brass  Vigraham SSF  RADHM KG,BRASS  VIGRAHAM SSF  RADHM,83062910,Brass  Vigraham SSF  RADHM KG BRASS  VIGRAHAM SSF  RADHM,36
Brass  Vigraham Regular  RADHM KG,BRASS  VIGRAHAM REGULAR  RADHM,83062910,Brass  Vigraham Regular  RADHM KG BRASS  VIGRAHAM REGULAR  RADHM,36
Brass  Vigraham SF  RADHM KG,BRASS  VIGRAHAM SF  RADHM,83062910,Brass  Vigraham SF  RADHM KG BRASS  VIGRAHAM SF  RADHM,36
Brass Kamal Ganesh L.W 40 RADHM K-P,BRASS KAMAL GANESH L.W   40 RADHM,83062910,Brass Kamal Ganesh L.W 40 RADHM K-P BRASS KAMAL GANESH L.W   40 RADHM,36
Brass Kamal  Laxmi L.W  40 RADHM K-P,BRASS KAMAL  LAXMI L.W  40 RADHM,83062910,Brass Kamal  Laxmi L.W  40 RADHM K-P BRASS KAMAL  LAXMI L.W  40 RADHM,36
Brass Kamal  Ganesh L.W  60 RADHM K-P,BRASS KAMAL  GANESH L.W  60 RADHM,83062910,Brass Kamal  Ganesh L.W  60 RADHM K-P BRASS KAMAL  GANESH L.W  60 RADHM,36
Brass Kamal  Laxmi L.W  60 RADHM K-P,BRASS KAMAL  LAXMI L.W  60 RADHM,83062910,Brass Kamal  Laxmi L.W  60 RADHM K-P BRASS KAMAL  LAXMI L.W  60 RADHM,36
Brass Kamal Ganesh L.W  120 RADHM K-P,BRASS KAMAL GANESH L.W  120 RADHM,83062910,Brass Kamal Ganesh L.W  120 RADHM K-P BRASS KAMAL GANESH L.W  120 RADHM,36
Brass Kamal Lakshmi L.W  120 RADHM K-P,BRASS KAMAL LAKSHMI L.W  120 RADHM,83062910,Brass Kamal Lakshmi L.W  120 RADHM K-P BRASS KAMAL LAKSHMI L.W  120 RADHM,36
White Natraj Solid 5 VHNR  MHDH   PCS,WHITE NATRAJ SOLID 5 VHNR  MHDH,830621,White Natraj Solid 5 VHNR  MHDH   PCS WHITE NATRAJ SOLID 5 VHNR  MHDH,16
White Natraj Solid 2  MHDH,WHITE NATRAJ SOLID 2  MHDH,830621,White Natraj Solid 2  MHDH WHITE NATRAJ SOLID 2  MHDH,16
Brass Wall State 1  KPS     PCS,BRASS WALL STATE 1  KPS,741999,Brass Wall State 1  KPS     PCS BRASS WALL STATE 1  KPS,13
Brass Wall State 2   KPS     PCS,BRASS WALL STATE 2   KPS,741999,Brass Wall State 2   KPS     PCS BRASS WALL STATE 2   KPS,13
Brass Wall State 3   KPS     PCS,BRASS WALL STATE 3   KPS,741999,Brass Wall State 3   KPS     PCS BRASS WALL STATE 3   KPS,13
Brass Wall State 4   KPS    PCS,BRASS WALL STATE 4   KPS,741999,Brass Wall State 4   KPS    PCS BRASS WALL STATE 4   KPS,13
Brass Mukkali Stand 8  SAI    PCS,BRASS MUKKALI STAND 8  SAI,741999,Brass Mukkali Stand 8  SAI    PCS BRASS MUKKALI STAND 8  SAI,13
Brass Glass Nanda Deep 1  SAI     PCS,BRASS GLASS NANDA DEEP 1  SAI,741999,Brass Glass Nanda Deep 1  SAI     PCS BRASS GLASS NANDA DEEP 1  SAI,13
Brass Glass Nanda Deep 2  SAI     PCS,BRASS GLASS NANDA DEEP 2  SAI,741999,Brass Glass Nanda Deep 2  SAI     PCS BRASS GLASS NANDA DEEP 2  SAI,13
Brass Glass Nanda Deep 3 SAI     PCS,BRASS GLASS NANDA DEEP 3 SAI,741999,Brass Glass Nanda Deep 3 SAI     PCS BRASS GLASS NANDA DEEP 3 SAI,13
Brass Ag Temple Dora 2 SAI     PCS,BRASS AG TEMPLE DORA 2 SAI,741999,Brass Ag Temple Dora 2 SAI     PCS BRASS AG TEMPLE DORA 2 SAI,13
Brass Ag Temple Dora 3 SAI     PCS,BRASS AG TEMPLE DORA 3 SAI,741999,Brass Ag Temple Dora 3 SAI     PCS BRASS AG TEMPLE DORA 3 SAI,13
Brass Ag  Matki 1  SAI    PCS,BRASS AG  MATKI 1  SAI,741999,Brass Ag  Matki 1  SAI    PCS BRASS AG  MATKI 1  SAI,13
Brass Ag  Matki  2  SAI    PCS,BRASS AG  MATKI  2  SAI,741999,Brass Ag  Matki  2  SAI    PCS BRASS AG  MATKI  2  SAI,13
Brass Ag  Matki  3  SAI    PCS,BRASS AG  MATKI  3  SAI,741999,Brass Ag  Matki  3  SAI    PCS BRASS AG  MATKI  3  SAI,13
Brass Balaji Head  3440 1.5   SBLH   K-P,BRASS BALAJI HEAD  3440 1.5   SBLH,83062990,Brass Balaji Head  3440 1.5   SBLH   K-P BRASS BALAJI HEAD  3440 1.5   SBLH,38
Brass Balaji Head  3441 1.7   SBLH   K-P,BRASS BALAJI HEAD  3441 1.7   SBLH,83062990,Brass Balaji Head  3441 1.7   SBLH   K-P BRASS BALAJI HEAD  3441 1.7   SBLH,38
Brass Ganesh 3809  9  SBLH    K-P,BRASS GANESH 3809  9  SBLH,83062990,Brass Ganesh 3809  9  SBLH    K-P BRASS GANESH 3809  9  SBLH,38
Brass Durga 3783  6  SBLH   K-P,BRASS DURGA 3783  6  SBLH,83062990,Brass Durga 3783  6  SBLH   K-P BRASS DURGA 3783  6  SBLH,38
Brass Nandhi 3857  3  SBLH   K-P,BRASS NANDHI 3857  3  SBLH,83062990,Brass Nandhi 3857  3  SBLH   K-P BRASS NANDHI 3857  3  SBLH,38
Brass Nandhi 3154  1.2  SBLH   K-P,BRASS NANDHI 3154  1.2  SBLH,83062990,Brass Nandhi 3154  1.2  SBLH   K-P BRASS NANDHI 3154  1.2  SBLH,38
Brass Ganesh Latkan  3485  1.7  SBLH   K-P,BRASS GANESH LATKAN  3485  1.7  SBLH,83062990,Brass Ganesh Latkan  3485  1.7  SBLH   K-P BRASS GANESH LATKAN  3485  1.7  SBLH,38
Brass Ganesh 3811  5   SBLH   K-P,BRASS GANESH 3811  5   SBLH,83062990,Brass Ganesh 3811  5   SBLH   K-P BRASS GANESH 3811  5   SBLH,38
Brass Kamal Ganesh 3614  3.5   SBLH   K-P,BRASS KAMAL GANESH 3614  3.5   SBLH,83062990,Brass Kamal Ganesh 3614  3.5   SBLH   K-P BRASS KAMAL GANESH 3614  3.5   SBLH,38
Brass Kamal Laxmi 3614  3   SBLH   K-P,BRASS KAMAL LAXMI 3614  3   SBLH,83062990,Brass Kamal Laxmi 3614  3   SBLH   K-P BRASS KAMAL LAXMI 3614  3   SBLH,38
Brass Kamal Saraswathi 3614  3   SBLH   K-P,BRASS KAMAL SARASWATHI 3614  3   SBLH,83062990,Brass Kamal Saraswathi 3614  3   SBLH   K-P BRASS KAMAL SARASWATHI 3614  3   SBLH,38
Brass Hanuman 3569  2.5   SBLH   K-P,BRASS HANUMAN 3569  2.5   SBLH,83062990,Brass Hanuman 3569  2.5   SBLH   K-P BRASS HANUMAN 3569  2.5   SBLH,38
Brass Ganesh 3763  5   SBLH   K-P,BRASS GANESH 3763  5   SBLH,83062990,Brass Ganesh 3763  5   SBLH   K-P BRASS GANESH 3763  5   SBLH,38
Brass Dasavthar 3946  14   SBLH   K-P,BRASS DASAVTHAR 3946  14   SBLH,83062990,Brass Dasavthar 3946  14   SBLH   K-P BRASS DASAVTHAR 3946  14   SBLH,38
Brass Diya Piyali 1 SPRT K-P,BRASS DIYA PIYALI 1 SPRT,741810,Brass Diya Piyali 1 SPRT K-P BRASS DIYA PIYALI 1 SPRT,9
Brass Diya Piyali 2 SPRT K-P,BRASS DIYA PIYALI 2 SPRT,741810,Brass Diya Piyali 2 SPRT K-P BRASS DIYA PIYALI 2 SPRT,9
Brass Diya Piyali 3 SPRT K-P,BRASS DIYA PIYALI 3 SPRT,741810,Brass Diya Piyali 3 SPRT K-P BRASS DIYA PIYALI 3 SPRT,9
Brass  Deepak NK7PM 10  SPRT PCS,BRASS  DEEPAK NK7PM 10  SPRT,741810,Brass  Deepak NK7PM 10  SPRT PCS BRASS  DEEPAK NK7PM 10  SPRT,9
Brass  Deepak DMNPM 11  SPRT PCS,BRASS  DEEPAK DMNPM 11  SPRT,741810,Brass  Deepak DMNPM 11  SPRT PCS BRASS  DEEPAK DMNPM 11  SPRT,9
Brass  Deepak MBNPM 19  SPRT PCS,BRASS  DEEPAK MBNPM 19  SPRT,741810,Brass  Deepak MBNPM 19  SPRT PCS BRASS  DEEPAK MBNPM 19  SPRT,9
Brass  Deepak NKNPK 13  SPRT PCS,BRASS  DEEPAK NKNPK 13  SPRT,741810,Brass  Deepak NKNPK 13  SPRT PCS BRASS  DEEPAK NKNPK 13  SPRT,9
Brass  Deepak NKNPM 13  SPRT PCS,BRASS  DEEPAK NKNPM 13  SPRT,741810,Brass  Deepak NKNPM 13  SPRT PCS BRASS  DEEPAK NKNPM 13  SPRT,9
Brass  Deepak Mayur Asan  SPRT PCS,BRASS  DEEPAK MAYUR ASAN  SPRT,741810,Brass  Deepak Mayur Asan  SPRT PCS BRASS  DEEPAK MAYUR ASAN  SPRT,9
Brass  Deepak NK7BM 24  SPRT PCS,BRASS  DEEPAK NK7BM 24  SPRT,741810,Brass  Deepak NK7BM 24  SPRT PCS BRASS  DEEPAK NK7BM 24  SPRT,9
Brass  Deepak NK7BM 21  SPRT PCS,BRASS  DEEPAK NK7BM 21  SPRT,741810,Brass  Deepak NK7BM 21  SPRT PCS BRASS  DEEPAK NK7BM 21  SPRT,9
Brass  Deepak NKNPM 11  SPRT PCS,BRASS  DEEPAK NKNPM 11  SPRT,741810,Brass  Deepak NKNPM 11  SPRT PCS BRASS  DEEPAK NKNPM 11  SPRT,9
Brass  Deepak NKNPM 10  SPRT PCS,BRASS  DEEPAK NKNPM 10  SPRT,741810,Brass  Deepak NKNPM 10  SPRT PCS BRASS  DEEPAK NKNPM 10  SPRT,9
Brass Deepak NK7BM 8 SPRT PCS,BRASS DEEPAK NK7BM 8 SPRT,741810,Brass Deepak NK7BM 8 SPRT PCS BRASS DEEPAK NK7BM 8 SPRT,9
Brass Latkan Murga 7B SPRT,BRASS LATKAN MURGA 7B SPRT,741810,Brass Latkan Murga 7B SPRT BRASS LATKAN MURGA 7B SPRT,9
Brass AKP Deep Fancy No. 4  KMLH PCS,BRASS AKP DEEP FANCY NO. 4  KMLH,741999,Brass AKP Deep Fancy No. 4  KMLH PCS BRASS AKP DEEP FANCY NO. 4  KMLH,13
White Natraj Solid GIN  MHDH   PCS,WHITE NATRAJ SOLID GIN  MHDH,830621,White Natraj Solid GIN  MHDH   PCS WHITE NATRAJ SOLID GIN  MHDH,16
White Natraj Jali SWRM   MHDH   PCS,WHITE NATRAJ JALI SWRM   MHDH,830621,White Natraj Jali SWRM   MHDH   PCS WHITE NATRAJ JALI SWRM   MHDH,16
White Natraj Solid VNHR  MHDH   PCS,WHITE NATRAJ SOLID VNHR  MHDH,830621,White Natraj Solid VNHR  MHDH   PCS WHITE NATRAJ SOLID VNHR  MHDH,16
White Natraj Solid ARVM  MHDH   PCS,WHITE NATRAJ SOLID ARVM  MHDH,830621,White Natraj Solid ARVM  MHDH   PCS WHITE NATRAJ SOLID ARVM  MHDH,16
Brass Kadai No. 2  EMB  PCS,BRASS KADAI NO. 2  EMB,741810,Brass Kadai No. 2  EMB  PCS BRASS KADAI NO. 2  EMB,9
Brass Kadai No. 3  EMB  PCS,BRASS KADAI NO. 3  EMB,741810,Brass Kadai No. 3  EMB  PCS BRASS KADAI NO. 3  EMB,9
Brass Ast  Ganeshh   BNKI K-P,BRASS AST  GANESHH   BNKI,83062910,Brass Ast  Ganeshh   BNKI K-P BRASS AST  GANESHH   BNKI,36
Brass Shiviling   BNKI K-P,BRASS SHIVILING   BNKI,83062910,Brass Shiviling   BNKI K-P BRASS SHIVILING   BNKI,36
Brass Nag  Shiviling   BNKI K-P,BRASS NAG  SHIVILING   BNKI,83062910,Brass Nag  Shiviling   BNKI K-P BRASS NAG  SHIVILING   BNKI,36
Brass   Shiva   BNKI K-P,BRASS   SHIVA   BNKI,83062910,Brass   Shiva   BNKI K-P BRASS   SHIVA   BNKI,36
Brass  Sun Rath   BNKI K-P,BRASS  SUN RATH   BNKI,83062910,Brass  Sun Rath   BNKI K-P BRASS  SUN RATH   BNKI,36
Brass  Shiviling Single Fave   BNKI K-P,BRASS  SHIVILING SINGLE FAVE   BNKI,83062910,Brass  Shiviling Single Fave   BNKI K-P BRASS  SHIVILING SINGLE FAVE   BNKI,36
Brass Nag  Shivilingg   BNKI K-P,BRASS NAG  SHIVILINGG   BNKI,83062910,Brass Nag  Shivilingg   BNKI K-P BRASS NAG  SHIVILINGG   BNKI,36
Brass Merry With Baby   BNKI K-P,BRASS MERRY WITH BABY   BNKI,83062910,Brass Merry With Baby   BNKI K-P BRASS MERRY WITH BABY   BNKI,36
Brass Cow Calf   BNKI K-P,BRASS COW CALF   BNKI,83062910,Brass Cow Calf   BNKI K-P BRASS COW CALF   BNKI,36
Brass Cow Calf  Laxmi Ganesh  BNKI K-P,BRASS COW CALF  LAXMI GANESH  BNKI,83062910,Brass Cow Calf  Laxmi Ganesh  BNKI K-P BRASS COW CALF  LAXMI GANESH  BNKI,36
Brass Cow Calf Dot   BNKI K-P,BRASS COW CALF DOT   BNKI,83062910,Brass Cow Calf Dot   BNKI K-P BRASS COW CALF DOT   BNKI,36
Brass Laxmi  With Pentagun Base   BNKI K-P,BRASS LAXMI  WITH PENTAGUN BASE   BNKI,83062910,Brass Laxmi  With Pentagun Base   BNKI K-P BRASS LAXMI  WITH PENTAGUN BASE   BNKI,36
Brass Ganesh  With Pentagun Base  BNKI K-P,BRASS GANESH  WITH PENTAGUN BASE  BNKI,83062910,Brass Ganesh  With Pentagun Base  BNKI K-P BRASS GANESH  WITH PENTAGUN BASE  BNKI,36
Brass Cow Calf Laxmi Ganesh  BNKI K-P,BRASS COW CALF LAXMI GANESH  BNKI,83062910,Brass Cow Calf Laxmi Ganesh  BNKI K-P BRASS COW CALF LAXMI GANESH  BNKI,36
Brass  Ganesh Oval Base  BNKI K-P,BRASS  GANESH OVAL BASE BNKI,83062910,Brass  Ganesh Oval Base  BNKI K-P BRASS  GANESH OVAL BASE BNKI,36
Brass  Laxmi Oval Base BNKI K-P,BRASS  LAXMI OVAL BASE BNKI,83062910,Brass  Laxmi Oval Base BNKI K-P BRASS  LAXMI OVAL BASE BNKI,36
Brass  Kamal Ganesh  BNKI K-P,BRASS  KAMAL GANESH  BNKI,83062910,Brass  Kamal Ganesh  BNKI K-P BRASS  KAMAL GANESH  BNKI,36
Brass Ganesh Head With Devi & S+C  BNKI     K-P,BRASS GANESH HEAD WITH DEVI & S+C  BNKI,83062910,Brass Ganesh Head With Devi & S+C  BNKI     K-P BRASS GANESH HEAD WITH DEVI & S+C  BNKI,36
Brass Laxmi  BNKI K-P,BRASS LAXMI  BNKI,83062910,Brass Laxmi  BNKI K-P BRASS LAXMI  BNKI,36
Brass Saraswathi BNKI K-P,BRASS SARASWATHI BNKI,83062910,Brass Saraswathi BNKI K-P BRASS SARASWATHI BNKI,36
Brass Saraswathi Oval Base BNKI K-P,BRASS SARASWATHI OVAL BASE BNKI,83062910,Brass Saraswathi Oval Base BNKI K-P BRASS SARASWATHI OVAL BASE BNKI,36
Brass Laxmi Oval Base BNKI K-P,BRASS LAXMI OVAL BASE BNKI,83062910,Brass Laxmi Oval Base BNKI K-P BRASS LAXMI OVAL BASE BNKI,36
Brass Ganesh Oval Base BNKI K-P,BRASS GANESH OVAL BASE BNKI,83062910,Brass Ganesh Oval Base BNKI K-P BRASS GANESH OVAL BASE BNKI,36
BrassCow Calf Met  BNKI K-P,BRASSCOW CALF MET  BNKI,83062910,BrassCow Calf Met  BNKI K-P BRASSCOW CALF MET  BNKI,36
Brass Pan Cow Calf   BNKI,BRASS PAN COW CALF   BNKI,83062910,Brass Pan Cow Calf   BNKI BRASS PAN COW CALF   BNKI,36
Brass Coww Calf Met  BNKI   K-P,BRASS COWW CALF MET  BNKI,83062910,Brass Coww Calf Met  BNKI   K-P BRASS COWW CALF MET  BNKI,36
Brass Laxmi Gold Base   BNKI K-P,BRASS LAXMI GOLD BASE   BNKI,83062910,Brass Laxmi Gold Base   BNKI K-P BRASS LAXMI GOLD BASE   BNKI,36
Brass Cow calf God   BNKI K-P,BRASS COW CALF GOD   BNKI,83062910,Brass Cow calf God   BNKI K-P BRASS COW CALF GOD   BNKI,36
Brass Standing Hanuman  BNKI K-P,BRASS STANDING HANUMAN  BNKI,83062910,Brass Standing Hanuman  BNKI K-P BRASS STANDING HANUMAN  BNKI,36
Brass Durga Base  BNKI K-P,BRASS DURGA BASE  BNKI,83062910,Brass Durga Base  BNKI K-P BRASS DURGA BASE  BNKI,36
Brass Laxmi Pentagun Base  BNKI K-P,BRASS LAXMI PENTAGUN BASE  BNKI,83062910,Brass Laxmi Pentagun Base  BNKI K-P BRASS LAXMI PENTAGUN BASE  BNKI,36
Brass Ganesh Pentagun Base  BNKI K-P,BRASS GANESH PENTAGUN BASE  BNKI,83062910,Brass Ganesh Pentagun Base  BNKI K-P BRASS GANESH PENTAGUN BASE  BNKI,36
Brass Sofa Ganesh  BNKI K-P,BRASS SOFA GANESH  BNKI,83062910,Brass Sofa Ganesh  BNKI K-P BRASS SOFA GANESH  BNKI,36
Brass Kamal Ganesh  BNKI,BRASS KAMAL GANESH  BNKI,83062910,Brass Kamal Ganesh  BNKI BRASS KAMAL GANESH  BNKI,36
Brass Square Base Laxmi  BNKI K-P,BRASS SQUARE BASE LAXMI  BNKI,83062910,Brass Square Base Laxmi  BNKI K-P BRASS SQUARE BASE LAXMI  BNKI,36
Brass Square Base Ganesh  BNKI K-P,BRASS SQUARE BASE GANESH  BNKI,83062910,Brass Square Base Ganesh  BNKI K-P BRASS SQUARE BASE GANESH  BNKI,36
Brass Ganesh Gol Base  BNKI K-P,BRASS GANESH GOL BASE  BNKI,83062910,Brass Ganesh Gol Base  BNKI K-P BRASS GANESH GOL BASE  BNKI,36
Brass Laxmi Gol Base  BNKI K-P,BRASS LAXMI GOL BASE  BNKI,83062910,Brass Laxmi Gol Base  BNKI K-P BRASS LAXMI GOL BASE  BNKI,36
Brass Kamal Ganesh -Rah   BNKI   K-P,BRASS KAMAL GANESH -RAH  BNKI,83062910,Brass Kamal Ganesh -Rah   BNKI   K-P BRASS KAMAL GANESH -RAH  BNKI,36
Brass Kali 106  BNKI K-P,BRASS KALI 106  BNKI,83062910,Brass Kali 106  BNKI K-P BRASS KALI 106  BNKI,36
Brass Kali 119  BNKI K-P,BRASS KALI 119  BNKI,83062910,Brass Kali 119  BNKI K-P BRASS KALI 119  BNKI,36
Brass ShankChakraCharanNamahHangingPlate BNKI K-P,BRASS SHANKCHAKRACHARANNAMAHHANGINGPLATE BNKI,83062910,Brass ShankChakraCharanNamahHangingPlate BNKI K-P BRASS SHANKCHAKRACHARANNAMAHHANGINGPLATE BNKI,36
Brass  Ganesh Oval Base BNKI K-P,BRASS  GANESH OVAL BASE BNKI,83062910,Brass  Ganesh Oval Base BNKI K-P BRASS  GANESH OVAL BASE BNKI,36
Brass   Ganesh Kamal BNKI PCS,BRASS  GANESH KAMAL BNKI,83062910,Brass   Ganesh Kamal BNKI PCS BRASS  GANESH KAMAL BNKI,36
Brass  Shivlingam  BNKI     K-P,BRASS  SHIVLINGAM  BNKI,83062910,Brass  Shivlingam  BNKI     K-P BRASS  SHIVLINGAM  BNKI,36
Brass  Shiva 296 BNKI K-P,BRASS  SHIVA 296 BNKI,83062910,Brass  Shiva 296 BNKI K-P BRASS  SHIVA 296 BNKI,36
Brass Joint Radha Krishna BNKI K-P,BRASS JOINT RADHA KRISHNA BNKI,83062910,Brass Joint Radha Krishna BNKI K-P BRASS JOINT RADHA KRISHNA BNKI,36
Brass Saraswathi Pentagun Base  BNKI K-P,BRASS SARASWATHI PENTAGUN BASE  BNKI,83062910,Brass Saraswathi Pentagun Base  BNKI K-P BRASS SARASWATHI PENTAGUN BASE  BNKI,36
Brass Jisas Cross BNKI K-P,BRASS JISAS CROSS BNKI,83062910,Brass Jisas Cross BNKI K-P BRASS JISAS CROSS BNKI,36
Brass Standing Hanuman Namaskaar  BNKI K-P,BRASS STANDING HANUMAN NAMASKAAR  BNKI,74181021,Brass Standing Hanuman Namaskaar  BNKI K-P BRASS STANDING HANUMAN NAMASKAAR  BNKI,25
Brass Shiva 279  BNKI K-P,BRASS SHIVA 279  BNKI,74181021,Brass Shiva 279  BNKI K-P BRASS SHIVA 279  BNKI,25
Brass Dristi Ganesh  BNKI K-P,BRASS DRISTI GANESH  BNKI,74181021,Brass Dristi Ganesh  BNKI K-P BRASS DRISTI GANESH  BNKI,25
Brass Dansing Ganesh  BNKI K-P,BRASS DANSING GANESH  BNKI,74181021,Brass Dansing Ganesh  BNKI K-P BRASS DANSING GANESH  BNKI,25
Brass Kamal Laxmi 269   BNKI K-P,BRASS KAMAL LAXMI 269   BNKI,83062910,Brass Kamal Laxmi 269   BNKI K-P BRASS KAMAL LAXMI 269   BNKI,36
Brass Shiviling Mahakal    BNKI K-P,BRASS SHIVILING MAHAKAL    BNKI,83062910,Brass Shiviling Mahakal    BNKI K-P BRASS SHIVILING MAHAKAL    BNKI,36
Brass Saraswathi Oval Base 335 BNKI K-P,BRASS SARASWATHI OVAL BASE 335 BNKI,83062910,Brass Saraswathi Oval Base 335 BNKI K-P BRASS SARASWATHI OVAL BASE 335 BNKI,36
Brass Laxmi Oval Base 335 BNKI K-P,BRASS LAXMI OVAL BASE 335 BNKI,83062910,Brass Laxmi Oval Base 335 BNKI K-P BRASS LAXMI OVAL BASE 335 BNKI,36
Brass Ganesh Oval Base 335 BNKI K-P,BRASS GANESH OVAL BASE 335 BNKI,83062910,Brass Ganesh Oval Base 335 BNKI K-P BRASS GANESH OVAL BASE 335 BNKI,36
Brass  Double Choki Ganesh BNKI K-P,BRASS  DOUBLE CHOKI GANESH BNKI,83062910,Brass  Double Choki Ganesh BNKI K-P BRASS  DOUBLE CHOKI GANESH BNKI,36
Brass Kamal Ganesh 256  BNKI K-P,BRASS KAMAL GANESH 256  BNKI,83062910,Brass Kamal Ganesh 256  BNKI K-P BRASS KAMAL GANESH 256  BNKI,36
Brass Kamal Laxmi 256  BNKI K-P,BRASS KAMAL LAXMI 256  BNKI,83062910,Brass Kamal Laxmi 256  BNKI K-P BRASS KAMAL LAXMI 256  BNKI,36
Brass Square Base Ganesh BNKI  PCS,BRASS SQUARE BASE GANESH BNKI,83062910,Brass Square Base Ganesh BNKI  PCS BRASS SQUARE BASE GANESH BNKI,36
Brass  Kamal Ganesh 352  BNKI K-P,BRASS  KAMAL GANESH 352  BNKI,83062910,Brass  Kamal Ganesh 352  BNKI K-P BRASS  KAMAL GANESH 352  BNKI,36
Brass Ast Ganesh  BNKI,BRASS AST GANESH  BNKI,83062910,Brass Ast Ganesh  BNKI BRASS AST GANESH  BNKI,36
Brass Attukal Bhagavathi   BNKI     K-P,BRASS ATTUKAL BHAGAVATHI   BNKI,83062910,Brass Attukal Bhagavathi   BNKI     K-P BRASS ATTUKAL BHAGAVATHI   BNKI,36
Brass Ganesh Oval Base  BNKI   K-P,BRASS GANESH OVAL BASE  BNKI,83062910,Brass Ganesh Oval Base  BNKI   K-P BRASS GANESH OVAL BASE  BNKI,36
Brass Laxmi Oval Base  BNKI   K-P,BRASS LAXMI OVAL BASE  BNKI,83062910,Brass Laxmi Oval Base  BNKI   K-P BRASS LAXMI OVAL BASE  BNKI,36
Brass Kindi Spl POP 5 SRJM     K-P,BRASS KINDI SPL POP 5 SRJM,741810,Brass Kindi Spl POP 5 SRJM     K-P BRASS KINDI SPL POP 5 SRJM,9
Brass Kindi Spl POP 6 SRJM      K-P,BRASS KINDI SPL POP 6 SRJM,741810,Brass Kindi Spl POP 6 SRJM      K-P BRASS KINDI SPL POP 6 SRJM,9
Brass Kuber Deep-000  KMLH PCS,BRASS KUBER DEEP-000  KMLH,741999,Brass Kuber Deep-000  KMLH PCS BRASS KUBER DEEP-000  KMLH,13
Brass Kuber Deep-00  KMLH PCS,BRASS KUBER DEEP-00  KMLH,741999,Brass Kuber Deep-00  KMLH PCS BRASS KUBER DEEP-00  KMLH,13
Brass Kuber Deep-0  KMLH PCS,BRASS KUBER DEEP-0  KMLH,741999,Brass Kuber Deep-0  KMLH PCS BRASS KUBER DEEP-0  KMLH,13
Brass Kuber Deep-1  KMLH PCS,BRASS KUBER DEEP-1  KMLH,741999,Brass Kuber Deep-1  KMLH PCS BRASS KUBER DEEP-1  KMLH,13
Brass Kuber Deep-2  KMLH PCS,BRASS KUBER DEEP-2  KMLH,741999,Brass Kuber Deep-2  KMLH PCS BRASS KUBER DEEP-2  KMLH,13
Brass Kuber Deep-3  KMLH PCS,BRASS KUBER DEEP-3  KMLH,741999,Brass Kuber Deep-3  KMLH PCS BRASS KUBER DEEP-3  KMLH,13
Brass Chimil SD Poonam-1  KMLH PCS,BRASS CHIMIL SD POONAM-1  KMLH,741999,Brass Chimil SD Poonam-1  KMLH PCS BRASS CHIMIL SD POONAM-1  KMLH,13
Copper Pancha Pathram Sada -2  KMLH PCS,COPPER PANCHA PATHRAM SADA -2  KMLH,741810,Copper Pancha Pathram Sada -2  KMLH PCS COPPER PANCHA PATHRAM SADA -2  KMLH,9
Brass Gulab Pash 16 (P Chemb)  KMLH PCS,BRASS GULAB PASH 16 (P CHEMB)  KMLH,741999,Brass Gulab Pash 16 (P Chemb)  KMLH PCS BRASS GULAB PASH 16 (P CHEMB)  KMLH,13
Brass Deepam Stmbh 7L   KPS   K-P,BRASS DEEPAM STMBH 7L   KPS,741999,Brass Deepam Stmbh 7L   KPS   K-P BRASS DEEPAM STMBH 7L   KPS,13
Brass Deepam Stmbh 5L   KPS   K-P,BRASS DEEPAM STMBH 5L   KPS,741999,Brass Deepam Stmbh 5L   KPS   K-P BRASS DEEPAM STMBH 5L   KPS,13
Brass Deepam Stmbh 3L   KPS   K-P,BRASS DEEPAM STMBH 3L   KPS,741999,Brass Deepam Stmbh 3L   KPS   K-P BRASS DEEPAM STMBH 3L   KPS,13
Brass Deepam Stmbh Round 7A   KPS   K-P,BRASS DEEPAM STMBH ROUND 7A   KPS,741999,Brass Deepam Stmbh Round 7A   KPS   K-P BRASS DEEPAM STMBH ROUND 7A   KPS,13
Brass Sheet Uruli 16   SRJM   K-P,BRASS SHEET URULI 16   SRJM,741810,Brass Sheet Uruli 16   SRJM   K-P BRASS SHEET URULI 16   SRJM,9
Brass AKP Lamp 5   SR   PCS,BRASS AKP LAMP 5   SR,741810,Brass AKP Lamp 5   SR   PCS BRASS AKP LAMP 5   SR,9
Brass AKP Lamp 6   SR   PCS,BRASS AKP LAMP 6   SR,741810,Brass AKP Lamp 6   SR   PCS BRASS AKP LAMP 6   SR,9
Brass AKP Lamp 7   SR   PCS,BRASS AKP LAMP 7   SR,741810,Brass AKP Lamp 7   SR   PCS BRASS AKP LAMP 7   SR,9
Brass AKP Lamp 9   SR   PCS,BRASS AKP LAMP 9   SR,741810,Brass AKP Lamp 9   SR   PCS BRASS AKP LAMP 9   SR,9
Brass AKP Lamp 10   SR   PCS,BRASS AKP LAMP 10   SR,741810,Brass AKP Lamp 10   SR   PCS BRASS AKP LAMP 10   SR,9
Brass Kerala Fancy Kalash No.6 SWT PCS,BRASS KERALA FANCY KALASH NO.6 SWT,74199930,Brass Kerala Fancy Kalash No.6 SWT PCS BRASS KERALA FANCY KALASH NO.6 SWT,29
Brass Kerala Fancy Kalash No.9 SWT PCS,BRASS KERALA FANCY KALASH NO.9 SWT,74199930,Brass Kerala Fancy Kalash No.9 SWT PCS BRASS KERALA FANCY KALASH NO.9 SWT,29
Brass Kerala Fancy Kalash No.10 SWT PCS,BRASS KERALA FANCY KALASH NO.10 SWT,74199930,Brass Kerala Fancy Kalash No.10 SWT PCS BRASS KERALA FANCY KALASH NO.10 SWT,29
Brass Kerala Fancy Kalash No.13 SWT PCS,BRASS KERALA FANCY KALASH NO.13 SWT,74199930,Brass Kerala Fancy Kalash No.13 SWT PCS BRASS KERALA FANCY KALASH NO.13 SWT,29
Brass Kerala Fancy Murga No.8 SWT PCS,BRASS KERALA FANCY MURGA NO.8 SWT,74199930,Brass Kerala Fancy Murga No.8 SWT PCS BRASS KERALA FANCY MURGA NO.8 SWT,29
Brass Kerala Fancy Murga No.7 SWT PCS,BRASS KERALA FANCY MURGA NO.7 SWT,74199930,Brass Kerala Fancy Murga No.7 SWT PCS BRASS KERALA FANCY MURGA NO.7 SWT,29
Brass Kerala Fancy Murga No.9 SWT PCS,BRASS KERALA FANCY MURGA NO.9 SWT,74199930,Brass Kerala Fancy Murga No.9 SWT PCS BRASS KERALA FANCY MURGA NO.9 SWT,29
Brass Kerala Fancy Murga No.10 SWT PCS,BRASS KERALA FANCY MURGA NO.10 SWT,74199930,Brass Kerala Fancy Murga No.10 SWT PCS BRASS KERALA FANCY MURGA NO.10 SWT,29
Brass Wedding Parath  16 DPE K-P,BRASS WEDDING PARATH  16 DPE,741810,Brass Wedding Parath  16 DPE K-P BRASS WEDDING PARATH  16 DPE,9
Brass Wedding Parath  18 DPE K-P,BRASS WEDDING PARATH  18 DPE,741810,Brass Wedding Parath  18 DPE K-P BRASS WEDDING PARATH  18 DPE,9
Brass Beeding Plate Ring DPE KG,BRASS BEEDING PLATE RING DPE,741810,Brass Beeding Plate Ring DPE KG BRASS BEEDING PLATE RING DPE,9
Brass Sheet Plain Uruli No. 12  MUGHB   K-P,BRASS SHEET PLAIN URULI NO. 12  MUGHB,741810,Brass Sheet Plain Uruli No. 12  MUGHB   K-P BRASS SHEET PLAIN URULI NO. 12  MUGHB,9
Brass Sheet Plain Uruli No. 4  MUGHB   K-P,BRASS SHEET PLAIN URULI NO. 4  MUGHB,741810,Brass Sheet Plain Uruli No. 4  MUGHB   K-P BRASS SHEET PLAIN URULI NO. 4  MUGHB,9
Copper Biriyani Handi 1  MUGHB    K-P,COPPER BIRIYANI HANDI 1  MUGHB,741810,Copper Biriyani Handi 1  MUGHB    K-P COPPER BIRIYANI HANDI 1  MUGHB,9
Copper Biriyani Handi 2  MUGHB   K-P,COPPER BIRIYANI HANDI 2  MUGHB,741810,Copper Biriyani Handi 2  MUGHB   K-P COPPER BIRIYANI HANDI 2  MUGHB,9
Copper Biriyani Handi 3  MUGHB   K-P,COPPER BIRIYANI HANDI 3  MUGHB,741810,Copper Biriyani Handi 3  MUGHB   K-P COPPER BIRIYANI HANDI 3  MUGHB,9
Brass  Chilambu   ABS     KG,BRASS  CHILAMBU   ABS,741810,Brass  Chilambu   ABS     KG BRASS  CHILAMBU   ABS,9
Brass TCR  MW Vilakku  ABS   KG,BRASS TCR  MW VILAKKU  ABS,741810,Brass TCR  MW Vilakku  ABS   KG BRASS TCR  MW VILAKKU  ABS,9
Brass Gulab Pash Agardan No.1  SAI PCS,BRASS GULAB PASH AGARDAN NO.1  SAI,741999,Brass Gulab Pash Agardan No.1  SAI PCS BRASS GULAB PASH AGARDAN NO.1  SAI,13
Brass Gulab Pash Agardan No.2  SAI PCS,BRASS GULAB PASH AGARDAN NO.2  SAI,741999,Brass Gulab Pash Agardan No.2  SAI PCS BRASS GULAB PASH AGARDAN NO.2  SAI,13
Brass Gulab Pash Agardan No.3  SAI PCS,BRASS GULAB PASH AGARDAN NO.3  SAI,741999,Brass Gulab Pash Agardan No.3  SAI PCS BRASS GULAB PASH AGARDAN NO.3  SAI,13
Brass Super SPL TCR 20  SAI PCS,BRASS SUPER SPL TCR 20   SAI,741999,Brass Super SPL TCR 20  SAI PCS BRASS SUPER SPL TCR 20   SAI,13
White Ganesh gole   17 AND   PCS,WHITE GANESH GOLE  17 AND,83061000,White Ganesh gole   17 AND   PCS WHITE GANESH GOLE  17 AND,33
WHITE GANESH MAHARAJA  BIG 16.75  AND   PCS,WHITE GANESH MAHARAJA  BIG 16.75 AND,83061000,WHITE GANESH MAHARAJA  BIG 16.75  AND   PCS WHITE GANESH MAHARAJA  BIG 16.75 AND,33
WHITE GANESH CHOWKI NEW  AND    PCS,WHITE GANESH CHOWKI NEW  AND,83061000,WHITE GANESH CHOWKI NEW  AND    PCS WHITE GANESH CHOWKI NEW  AND,33
White Ganesh Gole  14.5  AND   PCS,WHITE GANESH GOLE 14.5  AND,83061000,White Ganesh Gole  14.5  AND   PCS WHITE GANESH GOLE 14.5  AND,33
White Ganesh Kamal Big  13 AND   PCS,WHITE GANESH KAMAL BIG 13 AND,83061000,White Ganesh Kamal Big  13 AND   PCS WHITE GANESH KAMAL BIG 13 AND,33
White Ganesh Kamal Small 10.5 AND    PCS,WHITE GANESH KAMAL SMALL 10.5 AND,83061000,White Ganesh Kamal Small 10.5 AND    PCS WHITE GANESH KAMAL SMALL 10.5 AND,33
White Ganesh Chowki 11  AND    PCS,WHITE GANESH CHOWKI  11 AND,83061000,White Ganesh Chowki 11  AND    PCS WHITE GANESH CHOWKI  11 AND,33
White Ganesh   11.5  AND    PCS,WHITE GANESH  11.5  AND,83061000,White Ganesh   11.5  AND    PCS WHITE GANESH  11.5  AND,33
WHITE GANESH 6 CORNER 9.75  AND   PCS,WHITE GANESH 6 CORNER 9.75  AND   PCS,83061000,WHITE GANESH 6 CORNER 9.75  AND   PCS WHITE GANESH 6 CORNER 9.75  AND   PCS,33
WHITE GANESH GOLE SMALL  AND   PCS,WHITE GANESH GOLE SMALL  AND,83061000,WHITE GANESH GOLE SMALL  AND   PCS WHITE GANESH GOLE SMALL  AND,33
White Ganesh Gole Kamal  7 AND   PCS,WHITE GANESH GOLE KAMAL 7 AND,83061000,White Ganesh Gole Kamal  7 AND   PCS WHITE GANESH GOLE KAMAL 7 AND,33
White Ganesh Chowki Small  5.5 AND   PCS,WHITE GANESH CHOWKI SMALL  5.5 AND,83061000,White Ganesh Chowki Small  5.5 AND   PCS WHITE GANESH CHOWKI SMALL  5.5 AND,33
White Ganesh Gole Small 5.5  AND  PCS,WHITE GANESH GOLE SMALL 5.5  AND,83061000,White Ganesh Gole Small 5.5  AND  PCS WHITE GANESH GOLE SMALL 5.5  AND,33
White Natraj Medium 23  AND  PCS,WHITE NATRAJ MEDIUM 23  AND,83061000,White Natraj Medium 23  AND  PCS WHITE NATRAJ MEDIUM 23  AND,33
White Natraj  Small 11  AND    PCS,WHITE NATRAJ  SMALL 11  AND,83061000,White Natraj  Small 11  AND    PCS WHITE NATRAJ  SMALL 11  AND,33
WHITE NATRAJ  5.5  AND   PCS,WHITE NATRAJ  5.5  AND,83061000,WHITE NATRAJ  5.5  AND   PCS WHITE NATRAJ  5.5  AND,33
White Radha Krishna Plain  11  AND   PCS,WHITE RADHA KRISHNA PLAIN 11  AND,83061000,White Radha Krishna Plain  11  AND   PCS WHITE RADHA KRISHNA PLAIN 11  AND,33
WHITE RADHA KRISHNA  10  AND   PCS,WHITE RADHA KRISHNA  10  AND,83061000,WHITE RADHA KRISHNA  10  AND   PCS WHITE RADHA KRISHNA  10  AND,33
White Radha Krishna 8.5 AND    PCS,WHITE RADHA KRISHNA 8.5 AND,83061000,White Radha Krishna 8.5 AND    PCS WHITE RADHA KRISHNA 8.5 AND,33
White Radha Krishna  6.5  AND   PCS,WHITE RADHA KRISHNA  6.5  AND,83061000,White Radha Krishna  6.5  AND   PCS WHITE RADHA KRISHNA  6.5  AND,33
White  Krishna Gole New 22  AND   PCS,WHITE  KRISHNA GOLE NEW 22  AND,83061000,White  Krishna Gole New 22  AND   PCS WHITE  KRISHNA GOLE NEW 22  AND,33
White Saras Set Big  AND   PCS,WHITE SARAS SET BIG  AND,83061000,White Saras Set Big  AND   PCS WHITE SARAS SET BIG  AND,33
White Saras Set Medium   AND   PCS,WHITE SARAS SET MEDIUM   AND,83061000,White Saras Set Medium   AND   PCS WHITE SARAS SET MEDIUM   AND,33
WHITE SARAS SET 14  AND   PCS,WHITE SARAS SET 14 AND,83061000,WHITE SARAS SET 14  AND   PCS WHITE SARAS SET 14 AND,33
WHITE SARAS SET  10.75  AND   PCS,WHITE SARAS SET  10.75   AND,83061000,WHITE SARAS SET  10.75  AND   PCS WHITE SARAS SET  10.75   AND,33
White Ganesh Maharajaa Small 10 AND   PCS,WHITE GANESH MAHARAJAA  SMALL 10 AND,83061000,White Ganesh Maharajaa Small 10 AND   PCS WHITE GANESH MAHARAJAA  SMALL 10 AND,33
White Ganesh Maharaja Medium  12 AND   PCS,WHITE GANESH MAHARAJA MEDIUM 12 AND,83061000,White Ganesh Maharaja Medium  12 AND   PCS WHITE GANESH MAHARAJA MEDIUM 12 AND,33
Wood Masala  Box 12 Parts   MENH PCS,WOOD MASALA  BOX 12 PARTS   MENH,44190010,Wood Masala  Box 12 Parts   MENH PCS WOOD MASALA  BOX 12 PARTS   MENH,20
Brass Ganesh Oval Base 3587   4.8   SBLH   K-P,BRASS GANESH OVAL BASE 3587  4.8   SBLH,83062990,Brass Ganesh Oval Base 3587   4.8   SBLH   K-P BRASS GANESH OVAL BASE 3587  4.8   SBLH,38
Brass Laxmi Oval Base 3587  3.6   SBLH   K-P,BRASS LAXMI OVAL BASE 3587  3.6   SBLH,83062990,Brass Laxmi Oval Base 3587  3.6   SBLH   K-P BRASS LAXMI OVAL BASE 3587  3.6   SBLH,38
Brass Saraswathi Oval Base 3587  3.7   SBLH   K-P,BRASS SARASWATHI OVAL BASE 3587  3.7   SBLH,83062990,Brass Saraswathi Oval Base 3587  3.7   SBLH   K-P BRASS SARASWATHI OVAL BASE 3587  3.7   SBLH,38
Brass Kamal Ganesh 3556  7   SBLH   K-P,BRASS KAMAL GANESH 3556  7   SBLH,83062990,Brass Kamal Ganesh 3556  7   SBLH   K-P BRASS KAMAL GANESH 3556  7   SBLH,38
Brass Kamal Laxmi 3556  6   SBLH   K-P,BRASS KAMAL LAXMI 3556  6   SBLH,83062990,Brass Kamal Laxmi 3556  6   SBLH   K-P BRASS KAMAL LAXMI 3556  6   SBLH,38
Brass Kamal Saraswathi 3556  6.3   SBLH   K-P,BRASS KAMAL SARASWATHI 3556  6.3   SBLH,83062990,Brass Kamal Saraswathi 3556  6.3   SBLH   K-P BRASS KAMAL SARASWATHI 3556  6.3   SBLH,38
Brass Ganesh 3808  7.5   SBLH   K-P,BRASS GANESH 3808  7.5   SBLH,83062990,Brass Ganesh 3808  7.5   SBLH   K-P BRASS GANESH 3808  7.5   SBLH,38
Brass T Balaji 3541  4   SBLH   K-P,BRASS T BALAJI 3541  4   SBLH,83062990,Brass T Balaji 3541  4   SBLH   K-P BRASS T BALAJI 3541  4   SBLH,38
Brass Frame Balaji  9.5   SBLH   K-P,BRASS FRAME BALAJI  9.5   SBLH,83062990,Brass Frame Balaji  9.5   SBLH   K-P BRASS FRAME BALAJI  9.5   SBLH,38
Brass Kamal Ganesh 3617  3   SBLH   K-P,BRASS KAMAL GANESH 3617  3   SBLH,83062990,Brass Kamal Ganesh 3617  3   SBLH   K-P BRASS KAMAL GANESH 3617  3   SBLH,38
Brass Kamal Laxmi 3617  2.5   SBLH   K-P,BRASS KAMAL LAXMI 3617  2.5   SBLH,83062990,Brass Kamal Laxmi 3617  2.5   SBLH   K-P BRASS KAMAL LAXMI 3617  2.5   SBLH,38
Brass Kamal Saraswathi 3617  2.8   SBLH   K-P,BRASS KAMAL SARASWATHI 3617  2.8   SBLH,83062990,Brass Kamal Saraswathi 3617  2.8   SBLH   K-P BRASS KAMAL SARASWATHI 3617  2.8   SBLH,38
Brass Lotus Ganesh  1.2   SBLH   K-P,BRASS LOTUS GANESH  1.2   SBLH,83062990,Brass Lotus Ganesh  1.2   SBLH   K-P BRASS LOTUS GANESH  1.2   SBLH,38
Brass Lotus Laxmi  1   SBLH   K-P,BRASS LOTUS LAXMI  1   SBLH,83062990,Brass Lotus Laxmi  1   SBLH   K-P BRASS LOTUS LAXMI  1   SBLH,38
Brass Lotus Saraswathi  1   SBLH   K-P,BRASS LOTUS SARASWATHI  1   SBLH,83062990,Brass Lotus Saraswathi  1   SBLH   K-P BRASS LOTUS SARASWATHI  1   SBLH,38
Brass Ganesh 2.5   SBLH   K-P,BRASS GANESH 2.5   SBLH,83062990,Brass Ganesh 2.5   SBLH   K-P BRASS GANESH 2.5   SBLH,38
Brass Gulab Pash 10 (P Chemb)  KMLH PCS,BRASS GULAB PASH 10 (P CHEMB)  KMLH,74199930,Brass Gulab Pash 10 (P Chemb)  KMLH PCS BRASS GULAB PASH 10 (P CHEMB)  KMLH,29
Brass AKP Deep Fancy 8  KMLH PCS,BRASS AKP DEEP FANCY 8  KMLH,74199930,Brass AKP Deep Fancy 8  KMLH PCS BRASS AKP DEEP FANCY 8  KMLH,29
Brass AKP Deep Fancy 9  KMLH PCS,BRASS AKP DEEP FANCY 9  KMLH,74199930,Brass AKP Deep Fancy 9  KMLH PCS BRASS AKP DEEP FANCY 9  KMLH,29
Brass Gulab Pash 12 (P Chemb)  KMLH PCS,BRASS GULAB PASH 12 (P CHEMB)  KMLH,74199930,Brass Gulab Pash 12 (P Chemb)  KMLH PCS BRASS GULAB PASH 12 (P CHEMB)  KMLH,29
Brass Sheet Plain Uruli No. 14  MUGHB K-P,BRASS SHEET PLAIN URULI NO. 14  MUGHB,741810,Brass Sheet Plain Uruli No. 14  MUGHB K-P BRASS SHEET PLAIN URULI NO. 14  MUGHB,9
Brass Sheet Plain Uruli No. 16  MUGHB K-P,BRASS SHEET PLAIN URULI NO. 16  MUGHB,741810,Brass Sheet Plain Uruli No. 16  MUGHB K-P BRASS SHEET PLAIN URULI NO. 16  MUGHB,9
Brass Sheet Plain Uruli No. 18  MUGHB K-P,BRASS SHEET PLAIN URULI NO. 18  MUGHB,741810,Brass Sheet Plain Uruli No. 18  MUGHB K-P BRASS SHEET PLAIN URULI NO. 18  MUGHB,9
Brass Ganesh Beeding Plate  DPE KG,BRASS GANESH BEEDING PLATE  DPE,741810,Brass Ganesh Beeding Plate  DPE KG BRASS GANESH BEEDING PLATE  DPE,9
"Brass Montha L,W No. 5  DPE PCS","BRASS MONTHA L,W NO .5  DPE",741810,"Brass Montha L,W No. 5  DPE PCS BRASS MONTHA L,W NO .5  DPE",9
"Brass Montha L,W No .6  DPE PCS","BRASS MONTHA L,W NO .6  DPE",741810,"Brass Montha L,W No .6  DPE PCS BRASS MONTHA L,W NO .6  DPE",9
"Brass Montha L,W No .7  DPE PCS","BRASS MONTHA L,W NO .7  DPE",741810,"Brass Montha L,W No .7  DPE PCS BRASS MONTHA L,W NO .7  DPE",9
"Brass Montha L,W No .8  DPE PCS","BRASS MONTHA L,W NO .8  DPE",741810,"Brass Montha L,W No .8  DPE PCS BRASS MONTHA L,W NO .8  DPE",9
"Copper  Montha L,W No .5  DPE PCS","COPPER  MONTHA L,W NO .5  DPE",741810,"Copper  Montha L,W No .5  DPE PCS COPPER  MONTHA L,W NO .5  DPE",9
"Copper  Montha L,W No .6  DPE PCS","COPPER  MONTHA L,W NO .6  DPE",741810,"Copper  Montha L,W No .6  DPE PCS COPPER  MONTHA L,W NO .6  DPE",9
"Copper  Montha L,W No .7  DPE PCS","COPPER  MONTHA L,W NO .7  DPE",741810,"Copper  Montha L,W No .7  DPE PCS COPPER  MONTHA L,W NO .7  DPE",9
COPPER  MONTHA L W  8 HARJEE BOX DPE PCS,COPPER  MONTHA L W  8  HARJEE BOX DPE,741810,COPPER  MONTHA L W  8 HARJEE BOX DPE PCS COPPER  MONTHA L W  8  HARJEE BOX DPE,9
COPPER  MONTHA L W 9  HARJEE BOX DPE PCS,COPPER  MONTHA L W 9 HARJEE BOX  DPE,741810,COPPER  MONTHA L W 9  HARJEE BOX DPE PCS COPPER  MONTHA L W 9 HARJEE BOX  DPE,9
Brass Pooja Lamb Deepastemph  AOS KG,BRASS POOJA LAMB DEEPASTEMPH  AOS,74199930,Brass Pooja Lamb Deepastemph  AOS KG BRASS POOJA LAMB DEEPASTEMPH  AOS,29
Brass AKP  8  SR PCS,BRASS AKP  8  SR,741810,Brass AKP  8  SR PCS BRASS AKP  8  SR,9
Brass Bell No 100  10  SLXT K-P,BRASS BELL NO 100  10  SLXT,83062120,Brass Bell No 100  10  SLXT K-P BRASS BELL NO 100  10  SLXT,34
Brass Paragi Chembu 4  SHILP  PCS,BRASS PARAGI CHEMBU 4  SHILP,741810,Brass Paragi Chembu 4  SHILP  PCS BRASS PARAGI CHEMBU 4  SHILP,9
Brass Paragi Chembu 6  SHILP  PCS,BRASS PARAGI CHEMBU 6  SHILP,741810,Brass Paragi Chembu 6  SHILP  PCS BRASS PARAGI CHEMBU 6  SHILP,9
Brass Astamangalam Set 6  SHILP  PCS,BRASS ASTAMANGALAM SET 6  SHLP,741810,Brass Astamangalam Set 6  SHILP  PCS BRASS ASTAMANGALAM SET 6  SHLP,9
Brass Astamangalam Set 8  SHLP  PCS,BRASS ASTAMANGALAM SET 8  SHLP,741810,Brass Astamangalam Set 8  SHLP  PCS BRASS ASTAMANGALAM SET 8  SHLP,9
Copper Hawan Kunda KART KG,COPPER HAWAN KUNDA KART,741810,Copper Hawan Kunda KART KG COPPER HAWAN KUNDA KART,9
Brass Karpoora Arthi    SWA KG,BRASS KARPOORA ARTHI    SWA,741810,Brass Karpoora Arthi    SWA KG BRASS KARPOORA ARTHI    SWA,9
Brass Ganapathi Vilakku 8 To 9  SWA KG,BRASS GANAPATHI VILAKKU  8 TO 9  SWA,741810,Brass Ganapathi Vilakku 8 To 9  SWA KG BRASS GANAPATHI VILAKKU  8 TO 9  SWA,9
Brasss Pooja Kindi 0 SWA PCS,BRASSS POOJA KINDI 0 SWA,741810,Brasss Pooja Kindi 0 SWA PCS BRASSS POOJA KINDI 0 SWA,9
Brass K Kindi 6 SWA  K-P,BRASS K KINDI 6 SWA,741810,Brass K Kindi 6 SWA  K-P BRASS K KINDI 6 SWA,9
Brass K Kindi 7 SWA K-P,BRASS K KINDI 7 SWA,741810,Brass K Kindi 7 SWA K-P BRASS K KINDI 7 SWA,9
Brass K Kindi 1 SWA K-P,BRASS K KINDI 1 SWA,741810,Brass K Kindi 1 SWA K-P BRASS K KINDI 1 SWA,9
Brass K Kindi 1 1/2  SWA K-P,BRASS K KINDI 1 1/2  SWA,741810,Brass K Kindi 1 1/2  SWA K-P BRASS K KINDI 1 1/2  SWA,9
Brass Ganesh Plate 9  GV K-P,BRASS GANESH PLATE 9  GV,83062910,Brass Ganesh Plate 9  GV K-P BRASS GANESH PLATE 9  GV,36
Brass Chowki Ast Ganesh 11.5  GV K-P,BRASS CHOWKI AST GANESH 11.5  GV,83062910,Brass Chowki Ast Ganesh 11.5  GV K-P BRASS CHOWKI AST GANESH 11.5  GV,36
Brass Kamal  Ganesh   GV K-P,BRASS KAMAL  GANESH   GV,83062910,Brass Kamal  Ganesh   GV K-P BRASS KAMAL  GANESH   GV,36
Brass New  Ganesh 5.5  GV K-P,BRASS NEW  GANESH 5.5  GV,83062910,Brass New  Ganesh 5.5  GV K-P BRASS NEW  GANESH 5.5  GV,36
Brass Murli  Ganesh 7  GV,BRASS MURLI  GANESH 7  GV,83062910,Brass Murli  Ganesh 7  GV BRASS MURLI  GANESH 7  GV,36
BRASS MONTHA 12  LVP K-P,BRASS MONTHA 12  LVP,741810,BRASS MONTHA 12  LVP K-P BRASS MONTHA 12  LVP,9
Brass Fancy Parath Lazer  LVP KG,BRASS FANCY PARATH LAZER  LVP,741810,Brass Fancy Parath Lazer  LVP KG BRASS FANCY PARATH LAZER  LVP,9
BRASS MONTHA 11 LVP K-P,BRASS MONTHA 11 LVP,741810,BRASS MONTHA 11 LVP K-P BRASS MONTHA 11 LVP,9
Brasss Pressure Cooker 5L  LVP PCS,BRASSS PRESSURE COOKER 5L  LVP,741810,Brasss Pressure Cooker 5L  LVP PCS BRASSS PRESSURE COOKER 5L  LVP,9
Brasss Pressure Cooker 3L  LVP PCS,BRASSS PRESSURE COOKER 3L  LVP,741810,Brasss Pressure Cooker 3L  LVP PCS BRASSS PRESSURE COOKER 3L  LVP,9
Brass K Kindi 5 SWA K-P,BRASS K KINDI 5 SWA,741810,Brass K Kindi 5 SWA K-P BRASS K KINDI 5 SWA,9
Brass covera vilakku  8  DHIN K-P,BRASS COVERA VILAKKU  8  DHIN,741999,Brass covera vilakku  8  DHIN K-P BRASS COVERA VILAKKU  8  DHIN,13
Brass Agarbatti Stand MW  RMH    PCS,BRASS AGARBATTI STAND MW  RMH,74199930,Brass Agarbatti Stand MW  RMH    PCS BRASS AGARBATTI STAND MW  RMH,29
Brass Nandhi Pooja Bell  RMH    KG,BRASS NANDHI POOJA BELL  RMH,83062920,Brass Nandhi Pooja Bell  RMH    KG BRASS NANDHI POOJA BELL  RMH,37
Brass Kindi  ABS KG,BRASS KINDI  ABS,741810,Brass Kindi  ABS KG BRASS KINDI  ABS,9
Brass Sankh Tray   ABS K-P,BRASS SANKH TRAY   ABS,741810,Brass Sankh Tray   ABS K-P BRASS SANKH TRAY   ABS,9
Brass Hand  Tray  ABS K-P,BRASS HAND  TRAY  ABS,741810,Brass Hand  Tray  ABS K-P BRASS HAND  TRAY  ABS,9
Brass Standing Krrishna  BNKI  K-P,BRASS STANDING KRRISHNA  BNKI,83062910,Brass Standing Krrishna  BNKI  K-P BRASS STANDING KRRISHNA  BNKI,36
Brass Standing Sqr Base Murugan with Peacock  BNKI  K-P,BRASS STANDING SQR BASE MURUGAN WITH PEACOCK  BNKI,741810,Brass Standing Sqr Base Murugan with Peacock  BNKI  K-P BRASS STANDING SQR BASE MURUGAN WITH PEACOCK  BNKI,9
Brass Nandhi  BNKI  K-P,BRASS NANDHI  BNKI,83062910,Brass Nandhi  BNKI  K-P BRASS NANDHI  BNKI,36
Brass Natrraj  BNKI  K-P,BRASS NATTRAJ  BNKI,83062910,Brass Natrraj  BNKI  K-P BRASS NATTRAJ  BNKI,36
Brass Natraj Oval BNKI    K-P,BRASS NATRAJ OVAL BNKI      .,83062910,Brass Natraj Oval BNKI    K-P BRASS NATRAJ OVAL BNKI      .,36
Brass Natrajj  BNKI      K-P,BRASS NATRAJJ  BNKI      .,83062910,Brass Natrajj  BNKI      K-P BRASS NATRAJJ  BNKI      .,36
Brass Natraaj  BNKI    K-P,BRASS NATRAAJ  BNKI,83062910,Brass Natraaj  BNKI    K-P BRASS NATRAAJ  BNKI,36
Brass Om Natraaj  BNKI    K-P,BRASS OM NATRAAJ  BNKI,83062910,Brass Om Natraaj  BNKI    K-P BRASS OM NATRAAJ  BNKI,36
Brass Kuber Deep Stand  000  KMLH  PCS,BRASS KUBER DEEP STAND  000  KMLH,74199930,Brass Kuber Deep Stand  000  KMLH  PCS BRASS KUBER DEEP STAND  000  KMLH,29
Brass Kuber Deep Stand  00  KMLH  PCS,BRASS KUBER DEEP STAND   00  KMLH,74199930,Brass Kuber Deep Stand  00  KMLH  PCS BRASS KUBER DEEP STAND   00  KMLH,29
Brass Kuber Deep Stand  1  KMLH   PCS,BRASS KUBER DEEP STAND  1  KMLH,74199930,Brass Kuber Deep Stand  1  KMLH   PCS BRASS KUBER DEEP STAND  1  KMLH,29
Brass Kuber Deep Stand  2  KMLH   PCS,BRASS KUBER DEEP STAND  2  KMLH,74199930,Brass Kuber Deep Stand  2  KMLH   PCS BRASS KUBER DEEP STAND  2  KMLH,29
Brass Kuber Deep Stand  3  KMLH  PCS,BRASS KUBER DEEP STAND  3  KMLH,74199930,Brass Kuber Deep Stand  3  KMLH  PCS BRASS KUBER DEEP STAND  3  KMLH,29
Brass Kuber Deep Stand  4  KMLH   PCS,BRASS KUBER DEEP STAND  4  KMLH,74199930,Brass Kuber Deep Stand  4  KMLH   PCS BRASS KUBER DEEP STAND  4  KMLH,29
Brass Kuber Deep Stand  5  KMLH   PCS,BRASS KUBER DEEP STAND  5  KMLH,74199930,Brass Kuber Deep Stand  5  KMLH   PCS BRASS KUBER DEEP STAND  5  KMLH,29
Brass Kuber Deep Stand  0  KMLH    PCS,BRASS KUBER DEEP STAND  0  KMLH,74199930,Brass Kuber Deep Stand  0  KMLH    PCS BRASS KUBER DEEP STAND  0  KMLH,29
Brass Tortoise Yantra 2 New Sapat  KMLH   PCS,BRASS TORTOISE YANTRA 2 NEW SAPAT  KMLH,74199930,Brass Tortoise Yantra 2 New Sapat  KMLH   PCS BRASS TORTOISE YANTRA 2 NEW SAPAT  KMLH,29
Brass Tortoise Yantra  3 New Sapat  KMLH   PCS,BRASS TORTOISE YANTRA  3 NEW SAPAT  KMLH,74199930,Brass Tortoise Yantra  3 New Sapat  KMLH   PCS BRASS TORTOISE YANTRA  3 NEW SAPAT  KMLH,29
Brass Tortoise Yantra  4 New Sapat  KMLH   PCS,BRASS TORTOISE YANTRA  4 NEW SAPAT  KMLH,74199930,Brass Tortoise Yantra  4 New Sapat  KMLH   PCS BRASS TORTOISE YANTRA  4 NEW SAPAT  KMLH,29
Brass Lalten Dia Matki  1   KMLH   PCS,BRASS LALTEN DIA MATKI  1   KMLH,74199930,Brass Lalten Dia Matki  1   KMLH   PCS BRASS LALTEN DIA MATKI  1   KMLH,29
Brass Lalten Dia Matki  2   KMLH   PCS,BRASS LALTEN DIA MATKI  2   KMLH,74199930,Brass Lalten Dia Matki  2   KMLH   PCS BRASS LALTEN DIA MATKI  2   KMLH,29
Brass Lalten Dia Matki  3   KMLH   PCS,BRASS LALTEN DIA MATKI  3   KMLH,74199930,Brass Lalten Dia Matki  3   KMLH   PCS BRASS LALTEN DIA MATKI  3   KMLH,29
Brass Lalten Dia Pipe  2 Crystal Deep   KMLH   PCS,BRASS LALTEN DIA PIPE  2 CRYSTAL DEEP   KMLH,74199930,Brass Lalten Dia Pipe  2 Crystal Deep   KMLH   PCS BRASS LALTEN DIA PIPE  2 CRYSTAL DEEP   KMLH,29
Brass Lalten Dia Pipe  3 Crystal Deep   KMLH   PCS,BRASS LALTEN DIA PIPE  3 CRYSTAL DEEP   KMLH,74199930,Brass Lalten Dia Pipe  3 Crystal Deep   KMLH   PCS BRASS LALTEN DIA PIPE  3 CRYSTAL DEEP   KMLH,29
Brass Karpoora Arthi SPL  6   KMLH   PCS,BRASS KARPOORA ARTHI SPL  6   KMLH,74199930,Brass Karpoora Arthi SPL  6   KMLH   PCS BRASS KARPOORA ARTHI SPL  6   KMLH,29
Brass Super Pooja Kindi 200 SAI   K-P,BRASS SUPER POOJA KINDI 200 SAI,741810,Brass Super Pooja Kindi 200 SAI   K-P BRASS SUPER POOJA KINDI 200 SAI,9
Brass Super Pooja Kindi 250 SAI   K-P,BRASS SUPER POOJA KINDI 250 SAI,741810,Brass Super Pooja Kindi 250 SAI   K-P BRASS SUPER POOJA KINDI 250 SAI,9
Brass Super Pooja Kindi 450 SAI   K-P,BRASS SUPER POOJA KINDI 450 SAI,741810,Brass Super Pooja Kindi 450 SAI   K-P BRASS SUPER POOJA KINDI 450 SAI,9
Brass Super Pooja Kindi 550 SAI   K-P,BRASS SUPER POOJA KINDI 550 SAI,741810,Brass Super Pooja Kindi 550 SAI   K-P BRASS SUPER POOJA KINDI 550 SAI,9
Brass Plain Kudam No. 3  SAI  PCS,BRASS PLAIN KUDAM NO. 3  SAI,741810,Brass Plain Kudam No. 3  SAI  PCS BRASS PLAIN KUDAM NO. 3  SAI,9
Brass Plain Kudam No. 4  SAI   PCS,BRASS PLAIN KUDAM NO. 4  SAI,741810,Brass Plain Kudam No. 4  SAI   PCS BRASS PLAIN KUDAM NO. 4  SAI,9
Brass Plain Kudam No. 5  SAI   PCS,BRASS PLAIN KUDAM NO. 5  SAI,741810,Brass Plain Kudam No. 5  SAI   PCS BRASS PLAIN KUDAM NO. 5  SAI,9
Copper Plain Kudam No. 3  SAI   PCS,COPPER PLAIN KUDAM NO. 3  SAI,741810,Copper Plain Kudam No. 3  SAI   PCS COPPER PLAIN KUDAM NO. 3  SAI,9
Copper Plain Kudam No. 4  SAI   PCS,COPPER PLAIN KUDAM NO. 4  SAI,741810,Copper Plain Kudam No. 4  SAI   PCS COPPER PLAIN KUDAM NO. 4  SAI,9
Copper Plain Kudam No. 5  SAI   PCS,COPPER PLAIN KUDAM NO. 5  SAI,741810,Copper Plain Kudam No. 5  SAI   PCS COPPER PLAIN KUDAM NO. 5  SAI,9
Brass K Fancy S Spl LW  19 POP   PCS,BRASS K FANCY S SPL LW  19 POP,74199930,Brass K Fancy S Spl LW  19 POP   PCS BRASS K FANCY S SPL LW  19 POP,29
"Brass Montha L,W No. 9   DPE","BRASS MONTHA L,W NO. 9   DPE",741810,"Brass Montha L,W No. 9   DPE BRASS MONTHA L,W NO. 9   DPE",9
Brass Bowl  DPE  KG,BRASS BOWL  DPE,741810,Brass Bowl  DPE  KG BRASS BOWL  DPE,9
Brass Karpoora Arthi 12    AMRM   K-P,BRASS KARPOORA ARTHI 12   AMRM,74199930,Brass Karpoora Arthi 12    AMRM   K-P BRASS KARPOORA ARTHI 12   AMRM,29
Brass Sanku Stand  1   AMRM   K-P,BRASS SANKU STAND  1   AMRM,74199930,Brass Sanku Stand  1   AMRM   K-P BRASS SANKU STAND  1   AMRM,29
Brass Sanku Stand  2   AMRM   K-P,BRASS SANKU STAND  2   AMRM,74199930,Brass Sanku Stand  2   AMRM   K-P BRASS SANKU STAND  2   AMRM,29
Brass Sanku Stand  3   AMRM    K-P,BRASS SANKU STAND  3   AMRM,74199930,Brass Sanku Stand  3   AMRM    K-P BRASS SANKU STAND  3   AMRM,29
Brass Sanku Stand Tipai 6   AMRM   PCS,BRASS SANKU STAND TIPAI 6   AMRM,74199930,Brass Sanku Stand Tipai 6   AMRM   PCS BRASS SANKU STAND TIPAI 6   AMRM,29
Brass Karpoora Arthi 8   AMRM   K-P,BRASS KARPOORA ARTHI 8   AMRM,74199930,Brass Karpoora Arthi 8   AMRM   K-P BRASS KARPOORA ARTHI 8   AMRM,29
Brass Karpoora Arthi 10   AMRM   K-P,BRASS KARPOORA ARTHI 10   AMRM,74199930,Brass Karpoora Arthi 10   AMRM   K-P BRASS KARPOORA ARTHI 10   AMRM,29
Brass Kerala Murga Sheet  2 Step   DHIN   PCS,BRASS KERALA MURGA SHEET  2 STEP   DHIN,74199930,Brass Kerala Murga Sheet  2 Step   DHIN   PCS BRASS KERALA MURGA SHEET  2 STEP   DHIN,29
Brass Padam Payali 2  DHIN   K-P,BRASS PADAM PAYALI 2  DHIN,741810,Brass Padam Payali 2  DHIN   K-P BRASS PADAM PAYALI 2  DHIN,9
Brass Padam Payali 3  DHIN   K-P,BRASS PADAM PAYALI 3  DHIN,741810,Brass Padam Payali 3  DHIN   K-P BRASS PADAM PAYALI 3  DHIN,9
Brass Padam Payali 4  DHIN   K-P,BRASS PADAM PAYALI 4  DHIN,741810,Brass Padam Payali 4  DHIN   K-P BRASS PADAM PAYALI 4  DHIN,9
Brass Padam Payali 5  DHIN   K-P,BRASS PADAM PAYALI 5  DHIN,741810,Brass Padam Payali 5  DHIN   K-P BRASS PADAM PAYALI 5  DHIN,9
Brass Padam Payali 6  DHIN   K-P,BRASS PADAM PAYALI 6  DHIN,741810,Brass Padam Payali 6  DHIN   K-P BRASS PADAM PAYALI 6  DHIN,9
BRASS LAXMI SINGHASAN LATKAN   DHIN   KG,BRASS LAXMI SINGHASAN LATKAN   DHIN,741980,BRASS LAXMI SINGHASAN LATKAN   DHIN   KG BRASS LAXMI SINGHASAN LATKAN   DHIN,12
Brass Cow Krishna   BNKI   K-P,BRASS COW KRISHNA   BNKI,83062910,Brass Cow Krishna   BNKI   K-P BRASS COW KRISHNA   BNKI,36
Brass Ast Ganesh SF  BNKI .   K-P,BRASS AST GANESH SF  BNKI .,83062910,Brass Ast Ganesh SF  BNKI .   K-P BRASS AST GANESH SF  BNKI .,36
Brass Vasthu Vilakk  8 to 12   SWA  KG,BRASS VASTHU VILAKK  8 TO 12   SWA,74181010,Brass Vasthu Vilakk  8 to 12   SWA  KG BRASS VASTHU VILAKK  8 TO 12   SWA,24
Brass Vasthu Vilakk  5 to 6   SWA   KG,BRASS VASTHU VILAKK  5 TO 6   SWA,74181010,Brass Vasthu Vilakk  5 to 6   SWA   KG BRASS VASTHU VILAKK  5 TO 6   SWA,24
BRASSS POOJA KINDI 1 SWA   PCS,BRASSS POOJA KINDI 1 SWA,741810,BRASSS POOJA KINDI 1 SWA   PCS BRASSS POOJA KINDI 1 SWA,9
Copper Spoon Medium  5  SBLH   K-P,COPPER SPOON MEDIUM  5  SBLH,741810,Copper Spoon Medium  5  SBLH   K-P COPPER SPOON MEDIUM  5  SBLH,9
Copper Havan Kunda 16 to 20  SBLH   KG,COPPER HAVAN KUNDA 16 TO 20   SBLH,741810,Copper Havan Kunda 16 to 20  SBLH   KG COPPER HAVAN KUNDA 16 TO 20   SBLH,9
Copper Havan Kunda 21 to 24   SBLH   KG,COPPER HAVAN KUNDA 21 TO 24   SBLH,741810,Copper Havan Kunda 21 to 24   SBLH   KG COPPER HAVAN KUNDA 21 TO 24   SBLH,9
Brass S+C+Nama Deep 0   KGB   PCS,BRASS S+C+NAMA DEEP 0   KGB,74199930,Brass S+C+Nama Deep 0   KGB   PCS BRASS S+C+NAMA DEEP 0   KGB,29
Brass S+C+Nama Deep 2   KGB   PCS,BRASS S+C+NAMA DEEP 2   KGB,74199930,Brass S+C+Nama Deep 2   KGB   PCS BRASS S+C+NAMA DEEP 2   KGB,29
Brass Flate Deep 1   KGB   PCS,BRASS FLATE DEEP 1   KGB,74199930,Brass Flate Deep 1   KGB   PCS BRASS FLATE DEEP 1   KGB,29
Brass Statues SF  BOTHR   KG,BRASS STATUES SF  BOTHR,83062910,Brass Statues SF  BOTHR   KG BRASS STATUES SF  BOTHR,36
BRASS POOJA KINDI 3 CASTING SPL DHIN   K-P,BRASS POOJA KINDI 3 CASTING SPL DHIN,741810,BRASS POOJA KINDI 3 CASTING SPL DHIN   K-P BRASS POOJA KINDI 3 CASTING SPL DHIN,9
Brass Pooja Kindi 4 Casting Spl DHIN   K-P,BRASS POOJA KINDI 4 CASTING SPL DHIN,741810,Brass Pooja Kindi 4 Casting Spl DHIN   K-P BRASS POOJA KINDI 4 CASTING SPL DHIN,9
Brass ICC Nali   MUTH   KG,BRASS ICC NALI   MUTH,74181021,Brass ICC Nali   MUTH   KG BRASS ICC NALI   MUTH,25
Brass Kavara Kerala Jharh   ZI   KG,BRASS KAVARA KERALA JHARH   ZI,74199930,Brass Kavara Kerala Jharh   ZI   KG BRASS KAVARA KERALA JHARH   ZI,29
Brass K Fancy S Spl LW  17 POP   PCS,BRASS K FANCY S SPL LW  17 POP,74199930,Brass K Fancy S Spl LW  17 POP   PCS BRASS K FANCY S SPL LW  17 POP,29
Brass Elephant Uruli No. 9  MUGHB   K-P,BRASS ELEPHANT URULI NO. 9  MUGHB,741810,Brass Elephant Uruli No. 9  MUGHB   K-P BRASS ELEPHANT URULI NO. 9  MUGHB,9
BRASS VEL 12 TO  48    SAI     KG,BRASS VEL 12 TO  48    SAI,74199930,BRASS VEL 12 TO  48    SAI     KG BRASS VEL 12 TO  48    SAI,29
BRASS SOOLAM  12 TO  42    SAI    KG,BRASS SOOLAM  12 TO  42    SAI,74199930,BRASS SOOLAM  12 TO  42    SAI    KG BRASS SOOLAM  12 TO  42    SAI,29
BRASS SPL DANCING GHUGHROO-14    MHST    PCS,BRASS SPL DANCING GHUGHROO- 14   MHST,83062910,BRASS SPL DANCING GHUGHROO-14    MHST    PCS BRASS SPL DANCING GHUGHROO- 14   MHST,36
BRASS SPL DANCING GHUGHROO- 12   MHST   PCS,BRASS SPL DANCING GHUGHROO- 12   MHST,83062910,BRASS SPL DANCING GHUGHROO- 12   MHST   PCS BRASS SPL DANCING GHUGHROO- 12   MHST,36
BRASS DANCING GHUGHROO PATTA 2 LINE  MHST  PCS,BRASS DANCING GHUGHROO PATTA 2 LINE  MHST,83061000,BRASS DANCING GHUGHROO PATTA 2 LINE  MHST  PCS BRASS DANCING GHUGHROO PATTA 2 LINE  MHST,33
BRASS DANCING GHUGHROO PATTA 3 LINE  MHST   PCS,BRASS DANCING GHUGHROO PATTA 3 LINE  MHST,83061000,BRASS DANCING GHUGHROO PATTA 3 LINE  MHST   PCS BRASS DANCING GHUGHROO PATTA 3 LINE  MHST,33
BRASS DANCING GHUGHROO PATTA 4 LINE  MHST   PCS,BRASS DANCING GHUGHROO PATTA 4 LINE  MHST,83061000,BRASS DANCING GHUGHROO PATTA 4 LINE  MHST   PCS BRASS DANCING GHUGHROO PATTA 4 LINE  MHST,33
BRASS SPL DANCING GHUGHROO PATTA 2 LINE  MHST   PCS,BRASS SPL DANCING GHUGHROO PATTA 2 LINE  MHST,83062910,BRASS SPL DANCING GHUGHROO PATTA 2 LINE  MHST   PCS BRASS SPL DANCING GHUGHROO PATTA 2 LINE  MHST,36
BRASS SPL DANCING GHUGHROO PATTA 3 LINE  MHST  PCS,BRASS SPL DANCING GHUGHROO PATTA 3 LINE  MHST,83062910,BRASS SPL DANCING GHUGHROO PATTA 3 LINE  MHST  PCS BRASS SPL DANCING GHUGHROO PATTA 3 LINE  MHST,36
BRASS SPL DANCING GHUGHROO PATTA 4 LINE  MHST   PCS,BRASS SPL DANCING GHUGHROO PATTA 4 LINE  MHST,83062910,BRASS SPL DANCING GHUGHROO PATTA 4 LINE  MHST   PCS BRASS SPL DANCING GHUGHROO PATTA 4 LINE  MHST,36
BRASS SPL DANCING GHUGHROO PATTA 5 LINE  MHST   PCS,BRASS SPL DANCING GHUGHROO PATTA 5 LINE  MHST,83062910,BRASS SPL DANCING GHUGHROO PATTA 5 LINE  MHST   PCS BRASS SPL DANCING GHUGHROO PATTA 5 LINE  MHST,36
BRASS MASSALA BOX  GIFT   PCS,BRASS MASSALA BOX  GIFT,74181021,BRASS MASSALA BOX  GIFT   PCS BRASS MASSALA BOX  GIFT,25
Brass Palakat Arthi 4 DHIN .   PCS,BRASS PALAKAT ARTHI 4 DHIN .,741810,Brass Palakat Arthi 4 DHIN .   PCS BRASS PALAKAT ARTHI 4 DHIN .,9
Brass Palakat Arthi 5 DHIN .   PCS,BRASS PALAKAT ARTHI 5 DHIN .,741810,Brass Palakat Arthi 5 DHIN .   PCS BRASS PALAKAT ARTHI 5 DHIN .,9
Brass Khalbatta (Idikal) 1 KATM .  K-P,BRASS KHALBATTA (IDIKAL) 1 KATM .,741810,Brass Khalbatta (Idikal) 1 KATM .  K-P BRASS KHALBATTA (IDIKAL) 1 KATM .,9
BRASSS POOJA KINDI 2 SWA   PCS,BRASSS POOJA KINDI 2 SWA,741810,BRASSS POOJA KINDI 2 SWA   PCS BRASSS POOJA KINDI 2 SWA,9
Brass Chinki Spl Manjira   MHST   KG,BRASS CHINKI SPL MANJIRA   MHST,92041000,Brass Chinki Spl Manjira   MHST   KG BRASS CHINKI SPL MANJIRA   MHST,40
Brass Chambu Lotta 0   SR   PCS,BRASS CHAMBU LOTTA 0   SR,741810,Brass Chambu Lotta 0   SR   PCS BRASS CHAMBU LOTTA 0   SR,9
Brass Chambu Lotta 1   SR   PCS,BRASS CHAMBU LOTTA 1   SR,741810,Brass Chambu Lotta 1   SR   PCS BRASS CHAMBU LOTTA 1   SR,9
Brass Chambu Lotta 2   SR   PCS,BRASS CHAMBU LOTTA 2   SR,741810,Brass Chambu Lotta 2   SR   PCS BRASS CHAMBU LOTTA 2   SR,9
BRASS SPL BELL NO 40  20  MHST   K-P,BRASS SPL BELL NO 40  20  MHST,83061000,BRASS SPL BELL NO 40  20  MHST   K-P BRASS SPL BELL NO 40  20  MHST,33
BRASS SPL BELL NO 30  35  MHST   K-P,BRASS SPL BELL NO 30  35  MHST,83061000,BRASS SPL BELL NO 30  35  MHST   K-P BRASS SPL BELL NO 30  35  MHST,33
BRASS SPL BELL NO 20  50  MHST   K-P,BRASS SPL BELL NO 20  50  MHST,83061000,BRASS SPL BELL NO 20  50  MHST   K-P BRASS SPL BELL NO 20  50  MHST,33
BRASS SPL BELL NO 18  60  MHST   K-P,BRASS SPL BELL NO 18  60  MHST,83061000,BRASS SPL BELL NO 18  60  MHST   K-P BRASS SPL BELL NO 18  60  MHST,33
BRASS SPL BELL NO 16  70  MHST   K-P,BRASS SPL BELL NO 16  70  MHST,83061000,BRASS SPL BELL NO 16  70  MHST   K-P BRASS SPL BELL NO 16  70  MHST,33
BRASS SPL  BELL NO. 8  110   MHST    K-P,BRASS SPL  BELL NO. 8  110  MHST,83061000,BRASS SPL  BELL NO. 8  110   MHST    K-P BRASS SPL  BELL NO. 8  110  MHST,33
BRASS SPL BELL NO 12  80  MHST   K-P,BRASS SPL BELL NO 12  80  MHST,83061000,BRASS SPL BELL NO 12  80  MHST   K-P BRASS SPL BELL NO 12  80  MHST,33
BRASS SPL BELL NO 10  100  MHST   K-P,BRASS SPL BELL NO 10  100  MHST,83061000,BRASS SPL BELL NO 10  100  MHST   K-P BRASS SPL BELL NO 10  100  MHST,33
Wood Polpat 3 Leg Ist 11 Spl   DIVI   PCS,WOOD POLPAT 3 LEG IST 11 SPL   DIVI,441900,Wood Polpat 3 Leg Ist 11 Spl   DIVI   PCS WOOD POLPAT 3 LEG IST 11 SPL   DIVI,1
Wood Polpat 3 Leg Ist 12 Spl   DIVI   PCS,WOOD POLPAT 3 LEG IST 12 SPL   DIVI,441900,Wood Polpat 3 Leg Ist 12 Spl   DIVI   PCS WOOD POLPAT 3 LEG IST 12 SPL   DIVI,1
Wood Akhand Polpat ASP 12*1.5   DIVI   PCS,WOOD AKHAND POLPAT ASP 12*1.5   DIVI,441900,Wood Akhand Polpat ASP 12*1.5   DIVI   PCS WOOD AKHAND POLPAT ASP 12*1.5   DIVI,1
Wood Polpat 3 Leg Ist 10 Spl   DIVI   PCS,WOOD POLPAT 3 LEG IST 10 SPL   DIVI,441900,Wood Polpat 3 Leg Ist 10 Spl   DIVI   PCS WOOD POLPAT 3 LEG IST 10 SPL   DIVI,1
Wood Akhand Polpat ASP 10*1.5   DIVI   PCS,WOOD AKHAND POLPAT ASP 10*1.5   DIVI,441900,Wood Akhand Polpat ASP 10*1.5   DIVI   PCS WOOD AKHAND POLPAT ASP 10*1.5   DIVI,1
Wood Roller W/O Handle White 14*2   DIVI   PCS,WOOD ROLLER W/O HANDLE WHITE 14*2   DIVI,441900,Wood Roller W/O Handle White 14*2   DIVI   PCS WOOD ROLLER W/O HANDLE WHITE 14*2   DIVI,1
Wood Roller Regular White 14*2   DIVI   PCS,WOOD ROLLER REGULAR WHITE 14*2   DIVI,441900,Wood Roller Regular White 14*2   DIVI   PCS WOOD ROLLER REGULAR WHITE 14*2   DIVI,1
W Massagers Long 2 Ball DIVI    PCS,W MASSAGERS LONG 2 BALL DIVI,441900,W Massagers Long 2 Ball DIVI    PCS W MASSAGERS LONG 2 BALL DIVI,1
W Massagers D 4 Ball DIVI   PCS,W MASSAGERS D 4 BALL DIVI,441900,W Massagers D 4 Ball DIVI   PCS W MASSAGERS D 4 BALL DIVI,1
W Massagers Half Round Cutter DIVI   PCS,W MASSAGERS HALF ROUND CUTTER DIVI,44201000,W Massagers Half Round Cutter DIVI   PCS W MASSAGERS HALF ROUND CUTTER DIVI,21
Wood Pop Up Tissue Holder DIVI   PCS,WOOD POP UP TISSUE HOLDER DIVI,441900,Wood Pop Up Tissue Holder DIVI   PCS WOOD POP UP TISSUE HOLDER DIVI,1
Brass Gaja Laxmi MR Spl   MRC   K-P,BRASS GAJA LAXMI MR SPL   MRC,741810,Brass Gaja Laxmi MR Spl   MRC   K-P BRASS GAJA LAXMI MR SPL   MRC,9
Copper Pancha Pathram 3  SHLP   PCS,COPPER PANCHA PATHRAM 3  SHLP,741810,Copper Pancha Pathram 3  SHLP   PCS COPPER PANCHA PATHRAM 3  SHLP,9
Brass Khumcha Plate Handle   RUCH   KG,BRASS KHUMCHA PLATE HANDLE   RUCH,741810,Brass Khumcha Plate Handle   RUCH   KG BRASS KHUMCHA PLATE HANDLE   RUCH,9
Brass Elephant Uruli No. 14  MUGHB   K-P,BRASS ELEPHANT URULI NO. 14  MUGHB,741810,Brass Elephant Uruli No. 14  MUGHB   K-P BRASS ELEPHANT URULI NO. 14  MUGHB,9
Standing Peacock Krishna Oval Base BNKI   K-P,STANDING PEACOCK KRISHNA OVAL BASE BNKI,83062910,Standing Peacock Krishna Oval Base BNKI   K-P STANDING PEACOCK KRISHNA OVAL BASE BNKI,36
Brass Frame Ram Darbar BNKI   K-P,BRASS FRAME RAM DARBAR BNKI,83062910,Brass Frame Ram Darbar BNKI   K-P BRASS FRAME RAM DARBAR BNKI,36
Brass Ram Darbar BNKI   K-P,BRASS RAM DARBAR BNKI,83062910,Brass Ram Darbar BNKI   K-P BRASS RAM DARBAR BNKI,36
Brass Eagle  BNKI   K-P,BRASS EAGLE  BNKI,83062910,Brass Eagle  BNKI   K-P BRASS EAGLE  BNKI,36
Sqr Base Standing RK With Peacock BNKI   K-P,SQR BASE STANDING RK WITH PEACOCK BNKI,83062910,Sqr Base Standing RK With Peacock BNKI   K-P SQR BASE STANDING RK WITH PEACOCK BNKI,36
Brass ANP Cross Vilakku   POP   KG,BRASS ANP CROSS VILAKKU   POP,74199930,Brass ANP Cross Vilakku   POP   KG BRASS ANP CROSS VILAKKU   POP,29
Brass Kansa Plate 9   POP    K-P,BRASS KANSA PLATE 9   POP,74181021,Brass Kansa Plate 9   POP    K-P BRASS KANSA PLATE 9   POP,25
Brass Kansa Plate 10   POP   K-P,BRASS KANSA PLATE 10   POP,74181021,Brass Kansa Plate 10   POP   K-P BRASS KANSA PLATE 10   POP,25
Brass C. Stand Isha 10  3 Wala KMLH   PCS,BRASS C. STAND ISHA 10  3 WALA KMLH,74199930,Brass C. Stand Isha 10  3 Wala KMLH   PCS BRASS C. STAND ISHA 10  3 WALA KMLH,29
Brass C. Stand Isha 10  5 Wala KMLH   PCS,BRASS C. STAND ISHA 10  5 WALA KMLH,74199930,Brass C. Stand Isha 10  5 Wala KMLH   PCS BRASS C. STAND ISHA 10  5 WALA KMLH,29
Brass W. Doop Arti Salaidar 3  KMLH   PCS,BRASS W. DOOP ARTI SALAIDAR 3  KMLH,74199930,Brass W. Doop Arti Salaidar 3  KMLH   PCS BRASS W. DOOP ARTI SALAIDAR 3  KMLH,29
Brass Kachua With Plate  5   KMLH   PCS,BRASS KACHUA WITH PLATE  5   KMLH,74199930,Brass Kachua With Plate  5   KMLH   PCS BRASS KACHUA WITH PLATE  5   KMLH,29
Brass C. Stand Haar 2 Batti  7   KMLH   PCS,BRASS C. STAND HAAR 2 BATTI  7   KMLH,74199930,Brass C. Stand Haar 2 Batti  7   KMLH   PCS BRASS C. STAND HAAR 2 BATTI  7   KMLH,29
Brass Trishul Gold Stand  10   KMLH   PCS,BRASS TRISHUL GOLD STAND  10   KMLH,74199930,Brass Trishul Gold Stand  10   KMLH   PCS BRASS TRISHUL GOLD STAND  10   KMLH,29
Brass Pyali Nanda Spl  1   KMLH   PCS,BRASS PYALI NANDA SPL  1   KMLH,74199930,Brass Pyali Nanda Spl  1   KMLH   PCS BRASS PYALI NANDA SPL  1   KMLH,29
Brass Pyali Nanda Spl  2   KMLH   PCS,BRASS PYALI NANDA SPL  2   KMLH,74199930,Brass Pyali Nanda Spl  2   KMLH   PCS BRASS PYALI NANDA SPL  2   KMLH,29
Brass Pyali Nanda Spl  3   KMLH  PCS,BRASS PYALI NANDA SPL  3   KMLH,74199930,Brass Pyali Nanda Spl  3   KMLH  PCS BRASS PYALI NANDA SPL  3   KMLH,29
Brass Nanda Deep MW 5   KMLH   PCS,BRASS NANDA DEEP MW 5   KMLH,74199930,Brass Nanda Deep MW 5   KMLH   PCS BRASS NANDA DEEP MW 5   KMLH,29
Brass Nanda Deep MW 6   KMLH   PCS,BRASS NANDA DEEP MW 6   KMLH,74199930,Brass Nanda Deep MW 6   KMLH   PCS BRASS NANDA DEEP MW 6   KMLH,29
Brass Kuber Deep Plain 3   KMLH    PCS,BRASS KUBER DEEP PLAIN 3   KMLH,74199930,Brass Kuber Deep Plain 3   KMLH    PCS BRASS KUBER DEEP PLAIN 3   KMLH,29
Brass Kuber Deep Stand Plain 1   KMLH   PCS,BRASS KUBER DEEP STAND PLAIN 1   KMLH,74199930,Brass Kuber Deep Stand Plain 1   KMLH   PCS BRASS KUBER DEEP STAND PLAIN 1   KMLH,29
Brass Kuber Deep Stand Plain 2   KMLH   PCS,BRASS KUBER DEEP STAND PLAIN 2   KMLH,74199930,Brass Kuber Deep Stand Plain 2   KMLH   PCS BRASS KUBER DEEP STAND PLAIN 2   KMLH,29
Brass Kuber Deep Stand Plain 3   KMLH   PCS,BRASS KUBER DEEP STAND PLAIN 3   KMLH,74199930,Brass Kuber Deep Stand Plain 3   KMLH   PCS BRASS KUBER DEEP STAND PLAIN 3   KMLH,29
Brass Kuber Deep New  1   KMLH   PCS,BRASS KUBER DEEP NEW  1   KMLH,74199930,Brass Kuber Deep New  1   KMLH   PCS BRASS KUBER DEEP NEW  1   KMLH,29
Brass Kuber Deep New  2   KMLH   PCS,BRASS KUBER DEEP NEW  2   KMLH,74199930,Brass Kuber Deep New  2   KMLH   PCS BRASS KUBER DEEP NEW  2   KMLH,29
Brass Kuber Deep New  4   KMLH   PCS,BRASS KUBER DEEP NEW  4   KMLH,74199930,Brass Kuber Deep New  4   KMLH   PCS BRASS KUBER DEEP NEW  4   KMLH,29
Brass Kamandalam  2   KMLH   PCS,BRASS KAMANDALAM  2   KMLH,74199930,Brass Kamandalam  2   KMLH   PCS BRASS KAMANDALAM  2   KMLH,29
Brass Kamandalam  4   KMLH   PCS,BRASS KAMANDALAM  4   KMLH,74199930,Brass Kamandalam  4   KMLH   PCS BRASS KAMANDALAM  4   KMLH,29
Brass Kamandalam  5   KMLH   PCS,BRASS KAMANDALAM  5   KMLH,74199930,Brass Kamandalam  5   KMLH   PCS BRASS KAMANDALAM  5   KMLH,29
Brass Natraj ji  6   KMLH   PCS,BRASS NATRAJ JI  6   KMLH,74199930,Brass Natraj ji  6   KMLH   PCS BRASS NATRAJ JI  6   KMLH,29
Brass Basket New Bidding  9   KMLH   K-P,BRASS BASKET NEW BIDDING  9   KMLH,74199930,Brass Basket New Bidding  9   KMLH   K-P BRASS BASKET NEW BIDDING  9   KMLH,29
Copper Udarni 19 GEJ 3   KMLH   PCS,COPPER UDARNI 19 GEJ 3   KMLH,74199930,Copper Udarni 19 GEJ 3   KMLH   PCS COPPER UDARNI 19 GEJ 3   KMLH,29
Brass Snake  4   KMLH   K-P,BRASS SNAKE  4   KMLH,74199930,Brass Snake  4   KMLH   K-P BRASS SNAKE  4   KMLH,29
Brass Snake  5   KMLH   K-P,BRASS SNAKE  5   KMLH,74199930,Brass Snake  5   KMLH   K-P BRASS SNAKE  5   KMLH,29
Brass Snake  6   KMLH   K-P,BRASS SNAKE  6   KMLH,74199930,Brass Snake  6   KMLH   K-P BRASS SNAKE  6   KMLH,29
Brass Kamandalam  3   KMLH   PCS,BRASS KAMANDALAM  3   KMLH,74199930,Brass Kamandalam  3   KMLH   PCS BRASS KAMANDALAM  3   KMLH,29
Brass KTR vilakku 14 TO 16 BSPRN   KG,BRASS KTR VILAKKU 14 TO 16 BSPRN,74181021,Brass KTR vilakku 14 TO 16 BSPRN   KG BRASS KTR VILAKKU 14 TO 16 BSPRN,25
Brass Sitting Punchmukhi Hanuman  BNKI   K-P,BRASS SITTING PUNCHMUKHI HANUMAN  BNKI,83062910,Brass Sitting Punchmukhi Hanuman  BNKI   K-P BRASS SITTING PUNCHMUKHI HANUMAN  BNKI,36
Brass Picher with Leaf  BNKI   K-P,BRASS PICHER WITH LEAF  BNKI,83062910,Brass Picher with Leaf  BNKI   K-P BRASS PICHER WITH LEAF  BNKI,36
Brass Horse   BNKI   K-P,BRASS HORSE   BNKI,83062910,Brass Horse   BNKI   K-P BRASS HORSE   BNKI,36
Brass T Balaji with Latkan   BNKI   K-P,BRASS T BALAJI WITH LATKAN   BNKI,83062910,Brass T Balaji with Latkan   BNKI   K-P BRASS T BALAJI WITH LATKAN   BNKI,36
Brass Garun Balaji Set   BNKI   K-P,BRASS GARUN BALAJI SET   BNKI,83062910,Brass Garun Balaji Set   BNKI   K-P BRASS GARUN BALAJI SET   BNKI,36
Brass Laughing Buddha With Coin  BNKI  K-P,BRASS LAUGHING BUDDHA WITH COIN  BNKI,83062910,Brass Laughing Buddha With Coin  BNKI  K-P BRASS LAUGHING BUDDHA WITH COIN  BNKI,36
Brass Frame Base Nandi Shiv Parvati  BNKI   K-P,BRASS FRAME BASE NANDI SHIV PARVATI  BNKI,83062910,Brass Frame Base Nandi Shiv Parvati  BNKI   K-P BRASS FRAME BASE NANDI SHIV PARVATI  BNKI,36
Brass Sitting Nandhi  BNKI   K-P,BRASS SITTING NANDHI  BNKI,83062910,Brass Sitting Nandhi  BNKI   K-P BRASS SITTING NANDHI  BNKI,36
Brass Square Base Standing RK   BNKI  K-P,BRASS SQUARE BASE STANDING RK   BNKI,83062910,Brass Square Base Standing RK   BNKI  K-P BRASS SQUARE BASE STANDING RK   BNKI,36
Brass T Balaji   BNKI   K-P,BRASS T BALAJI   BNKI,83062910,Brass T Balaji   BNKI   K-P BRASS T BALAJI   BNKI,36
Brass Vishnu Shank   BNKI  K-P,BRASS VISHNU SHANK   BNKI,83062910,Brass Vishnu Shank   BNKI  K-P BRASS VISHNU SHANK   BNKI,36
Brass Vishnu Shank    BNKI   K-P,BRASS VISHNU SHANK    BNKI,83062910,Brass Vishnu Shank    BNKI   K-P BRASS VISHNU SHANK    BNKI,36
Brass Frame Laxmi + Vishnu  BNKI   K-P,BRASS FRAME LAXMI + VISHNU  BNKI,83062910,Brass Frame Laxmi + Vishnu  BNKI   K-P BRASS FRAME LAXMI + VISHNU  BNKI,36
Brass Frame T Balaji with Latkan  BNKI   K-P,BRASS FRAME T BALAJI WITH LATKAN  BNKI,83062910,Brass Frame T Balaji with Latkan  BNKI   K-P BRASS FRAME T BALAJI WITH LATKAN  BNKI,36
Brass Anna Bell Latkan  BNKI   K-P,BRASS ANNA BELL LATKAN  BNKI,83062910,Brass Anna Bell Latkan  BNKI   K-P BRASS ANNA BELL LATKAN  BNKI,36
Brass Flower Shank   BNKI   K-P,BRASS FLOWER SHANK   BNKI,83062910,Brass Flower Shank   BNKI   K-P BRASS FLOWER SHANK   BNKI,36
Brass Sun Plate   BNKI   K-P,BRASS SUN PLATE   BNKI,83062910,Brass Sun Plate   BNKI   K-P BRASS SUN PLATE   BNKI,36
Brass Standing Punchmukhi Hanuman  BNKI  K-P,BRASS STANDING PUNCHMUKHI HANUMAN  BNKI,83062910,Brass Standing Punchmukhi Hanuman  BNKI  K-P BRASS STANDING PUNCHMUKHI HANUMAN  BNKI,36
Brass Horse  BNKI   K-P,BRASS HORSE  BNKI,83062910,Brass Horse  BNKI   K-P BRASS HORSE  BNKI,36
Brass Sun Plate  BNKI   K-P,BRASS SUN PLATE  BNKI,83062910,Brass Sun Plate  BNKI   K-P BRASS SUN PLATE  BNKI,36
Brass Kamal Balambika   BNKI   K-P,BRASS KAMAL BALAMBIKA   BNKI,83062910,Brass Kamal Balambika   BNKI   K-P BRASS KAMAL BALAMBIKA   BNKI,36
Brass Standing Hanuman  BNKI   K-P,BRASS STANDING HANUMAN  BNKI,83062910,Brass Standing Hanuman  BNKI   K-P BRASS STANDING HANUMAN  BNKI,36
Brass Kuber Laxmi  BNKI   K-P,BRASS KUBER LAXMI  BNKI,83062910,Brass Kuber Laxmi  BNKI   K-P BRASS KUBER LAXMI  BNKI,36
Brass Ganesh Shank   BNKI   K-P,BRASS GANESH SHANK   BNKI,83062910,Brass Ganesh Shank   BNKI   K-P BRASS GANESH SHANK   BNKI,36
Brass Akp Double Latken  POP   KG,BRASS AKP DOUBLE LATKEN  POP,74199930,Brass Akp Double Latken  POP   KG BRASS AKP DOUBLE LATKEN  POP,29
Brass Deep Lady   BANKI   K-P,BRASS DEEP LADY   BANKI,83062910,Brass Deep Lady   BANKI   K-P BRASS DEEP LADY   BANKI,36
BRASS STEP ARTHY  ( 5 STEP) AMRM  K-P,BRASS STEP ARTHY  (5 STEP) AMRM,741810,BRASS STEP ARTHY  ( 5 STEP) AMRM  K-P BRASS STEP ARTHY  (5 STEP) AMRM,9
Brass Candle Stand Fancy 2  AMRM  PCS,BRASS CANDLE STAND FANCY 2  AMRM,74199930,Brass Candle Stand Fancy 2  AMRM  PCS BRASS CANDLE STAND FANCY 2  AMRM,29
Brass Candle Stand Fancy 1  AMRM  PCS,BRASS CANDLE STAND FANCY 1  AMRM,74199930,Brass Candle Stand Fancy 1  AMRM  PCS BRASS CANDLE STAND FANCY 1  AMRM,29
Brass Candle Stand Fancy 3  AMRM  PCS,BRASS CANDLE STAND FANCY 3  AMRM,74199930,Brass Candle Stand Fancy 3  AMRM  PCS BRASS CANDLE STAND FANCY 3  AMRM,29
Brass Sev Sancha Ring 600  ART   PCS,BRASS SEV SANCHA RING 600  ART,741810,Brass Sev Sancha Ring 600  ART   PCS BRASS SEV SANCHA RING 600  ART,9
Brass Nanda Deep 1 MW  KMLH   PCS,BRASS NANDA DEEP 1 MW  KMLH,74199930,Brass Nanda Deep 1 MW  KMLH   PCS BRASS NANDA DEEP 1 MW  KMLH,29
Brass Nanda Deep 2  MW  KMLH  PCS,BRASS NANDA DEEP 2  MW  KMLH,74199930,Brass Nanda Deep 2  MW  KMLH  PCS BRASS NANDA DEEP 2  MW  KMLH,29
Brass Nanda Deep 3  MW  KMLH   PCS,BRASS NANDA DEEP 3  MW  KMLH,74199930,Brass Nanda Deep 3  MW  KMLH   PCS BRASS NANDA DEEP 3  MW  KMLH,29
Brass Nanda Deep 4  MW  KMLH   PCS,BRASS NANDA DEEP 4  MW  KMLH,74199930,Brass Nanda Deep 4  MW  KMLH   PCS BRASS NANDA DEEP 4  MW  KMLH,29
Brass Trishul Gold Stand  6   KMLH   PCS,BRASS TRISHUL GOLD STAND  6   KMLH,74199930,Brass Trishul Gold Stand  6   KMLH   PCS BRASS TRISHUL GOLD STAND  6   KMLH,29
Brass Trishul Gold Stand  8   KMLH   PCS,BRASS TRISHUL GOLD STAND  8   KMLH,74199930,Brass Trishul Gold Stand  8   KMLH   PCS BRASS TRISHUL GOLD STAND  8   KMLH,29
Brass Pyali Nandha Spl  0   KMLH   PCS,BRASS PYALI NANDHA SPL  0   KMLH,74199930,Brass Pyali Nandha Spl  0   KMLH   PCS BRASS PYALI NANDHA SPL  0   KMLH,29
Copper Pancha Pathram Sada - 3  KMLH  PCS,COPPER PANCHA PATHRAM SADA - 3  KMLH,741810,Copper Pancha Pathram Sada - 3  KMLH  PCS COPPER PANCHA PATHRAM SADA - 3  KMLH,9
Brass  Vigraham SSF.  RADHM   KG,BRASS  VIGRAHAM SSF.  RADHM,83062910,Brass  Vigraham SSF.  RADHM   KG BRASS  VIGRAHAM SSF.  RADHM,36
Brass Jhula Chain   RADHM   KG,BRASS JHULA CHAIN   RADHM,83062910,Brass Jhula Chain   RADHM   KG BRASS JHULA CHAIN   RADHM,36
Brass  TCR MW 11 to 12  Vilakku   POP   KG,BRASS  TCR MW 11 TO 12  VILAKKU   POP,74199930,Brass  TCR MW 11 to 12  Vilakku   POP   KG BRASS  TCR MW 11 TO 12  VILAKKU   POP,29
Brass  New Fine Ganesh 6.25   GV   K-P,BRASS  NEW FINE GANESH 6.25   GV,83062910,Brass  New Fine Ganesh 6.25   GV   K-P BRASS  NEW FINE GANESH 6.25   GV,36
Brass Lotus Ganesh 5   GV   K-P,BRASS LOTUS GANESH  5  GV,83062910,Brass Lotus Ganesh 5   GV   K-P BRASS LOTUS GANESH  5  GV,36
Brass Frame Varagi  4  GV   K-P,BRASS FRAME VARAGI  4  GV,83062910,Brass Frame Varagi  4  GV   K-P BRASS FRAME VARAGI  4  GV,36
Brass New Thrisul   GV    K-P,BRASS NEW THRISUL   GV,83062910,Brass New Thrisul   GV    K-P BRASS NEW THRISUL   GV,36
Brass Beeding Plate Ring   APMM   KG,BRASS BEEDING PLATE RING   APMM,741810,Brass Beeding Plate Ring   APMM   KG BRASS BEEDING PLATE RING   APMM,9
Brass Pottu Parath   APMM   KG,BRASS POTTU PARATH   APMM,741810,Brass Pottu Parath   APMM   KG BRASS POTTU PARATH   APMM,9
Wood Jewel Box F/C 10*6  MENH  pcs,WOOD JEWEL BOX F/C 10*6  MENH,44190010,Wood Jewel Box F/C 10*6  MENH  pcs WOOD JEWEL BOX F/C 10*6  MENH,20
Brass AKP (HK) Vilakku  5   DHIN    K-P,BRASS AKP (HK) VILAKKU  5   DHIN,74199930,Brass AKP (HK) Vilakku  5   DHIN    K-P BRASS AKP (HK) VILAKKU  5   DHIN,29
Brass AKP (HK) Vilakku  6   DHIN   K-P,BRASS AKP (HK) VILAKKU  6   DHIN,74199930,Brass AKP (HK) Vilakku  6   DHIN   K-P BRASS AKP (HK) VILAKKU  6   DHIN,29
Brass Trishul Gold Stand - 4   KMLH   PCS,BRASS TRISHUL GOLD STAND - 4   KMLH,74199930,Brass Trishul Gold Stand - 4   KMLH   PCS BRASS TRISHUL GOLD STAND - 4   KMLH,29
Brass SD Poonam  (Belgum)  2  KMLH   PCS,BRASS SD POONAM  (BELGUM)  2  KMLH,74199930,Brass SD Poonam  (Belgum)  2  KMLH   PCS BRASS SD POONAM  (BELGUM)  2  KMLH,29
Brass SD Danedar 3   KMLH   PCS,BRASS SD DANEDAR 3   KMLH,74199930,Brass SD Danedar 3   KMLH   PCS BRASS SD DANEDAR 3   KMLH,29
Brass SD Danedar 2   KMLH   PCS,BRASS SD DANEDAR 2   KMLH,74199930,Brass SD Danedar 2   KMLH   PCS BRASS SD DANEDAR 2   KMLH,29
Brass Karpoora Arthi Spl 3   KMLH   PCS,BRASS KARPOORA ARTHI SPL 3   KMLH,74199930,Brass Karpoora Arthi Spl 3   KMLH   PCS BRASS KARPOORA ARTHI SPL 3   KMLH,29
Brass Die Casting Kachua W/Plate  2   KMLH  PCS,BRASS DIE CASTING KACHUA W/PLATE  2   KMLH,74199930,Brass Die Casting Kachua W/Plate  2   KMLH  PCS BRASS DIE CASTING KACHUA W/PLATE  2   KMLH,29
Brass SD Danedar 0   KMLH   PCS,BRASS SD DANEDAR 0   KMLH,74199930,Brass SD Danedar 0   KMLH   PCS BRASS SD DANEDAR 0   KMLH,29
Brass SD Danedar 1   KMLH   PCS,BRASS SD DANEDAR 1   KMLH,74199930,Brass SD Danedar 1   KMLH   PCS BRASS SD DANEDAR 1   KMLH,29
Wooden Doop Arthi Plain  2   KMLH   PCS,WOODEN DOOP ARTHI PLAIN  2   KMLH,74199930,Wooden Doop Arthi Plain  2   KMLH   PCS WOODEN DOOP ARTHI PLAIN  2   KMLH,29
Brass Karpoor Lamp Spl 1  SAI   PCS,BRASS KARPOOR LAMP SPL 1  SAI,74199930,Brass Karpoor Lamp Spl 1  SAI   PCS BRASS KARPOOR LAMP SPL 1  SAI,29
Brass Karpoor Lamp Spl 2  SAI   PCS,BRASS KARPOOR LAMP SPL 2  SAI,74199930,Brass Karpoor Lamp Spl 2  SAI   PCS BRASS KARPOOR LAMP SPL 2  SAI,29
Brass Spl Gold Deevla Whale  1  SAI   PCS,BRASS SPL GOLD DEEVLA WHALE  1  SAI,74199930,Brass Spl Gold Deevla Whale  1  SAI   PCS BRASS SPL GOLD DEEVLA WHALE  1  SAI,29
Brass Spl Gold Deevla Whale  2  SAI   PCS,BRASS SPL GOLD DEEVLA WHALE  2  SAI,74199930,Brass Spl Gold Deevla Whale  2  SAI   PCS BRASS SPL GOLD DEEVLA WHALE  2  SAI,29
Brass Shiva Lingam  2  SAI   PCS,BRASS SHIVA LINGAM  2  SAI,74199930,Brass Shiva Lingam  2  SAI   PCS BRASS SHIVA LINGAM  2  SAI,29
Brass Shiva Lingam  3  SAI   PCS,BRASS SHIVA LINGAM  3  SAI,74199930,Brass Shiva Lingam  3  SAI   PCS BRASS SHIVA LINGAM  3  SAI,29
Brass Shiva Lingam  4  SAI   PCS,BRASS SHIVA LINGAM  4  SAI,74199930,Brass Shiva Lingam  4  SAI   PCS BRASS SHIVA LINGAM  4  SAI,29
Brass Shiva Lingam  5  SAI   PCS,BRASS SHIVA LINGAM  5  SAI,74199930,Brass Shiva Lingam  5  SAI   PCS BRASS SHIVA LINGAM  5  SAI,29
Brass Kerala Fancy Kalash 4  SWA    PCS,BRASS KERALA FANCY KALASH 4  SWA,741810,Brass Kerala Fancy Kalash 4  SWA    PCS BRASS KERALA FANCY KALASH 4  SWA,9
Brass Kerala Fancy Kalash 3  SWA   PCS,BRASS KERALA FANCY KALASH 3  SWA,741810,Brass Kerala Fancy Kalash 3  SWA   PCS BRASS KERALA FANCY KALASH 3  SWA,9
Brass Kerala Fancy Kalash 1  SWA   PCS,BRASS KERALA FANCY KALASH 1  SWA,741810,Brass Kerala Fancy Kalash 1  SWA   PCS BRASS KERALA FANCY KALASH 1  SWA,9
Brass Kerala  Fancy  Spl Peacock 6  SWA   PCS,BRASS KERALA  FANCY  SPL PEACOCK 6  SWA,741810,Brass Kerala  Fancy  Spl Peacock 6  SWA   PCS BRASS KERALA  FANCY  SPL PEACOCK 6  SWA,9
Pooja Stand Silver 8*8  IGR   MHDH   PCS,POOJA STAND SILVER 8*8  IGR   MHDH,442190,Pooja Stand Silver 8*8  IGR   MHDH   PCS POOJA STAND SILVER 8*8  IGR   MHDH,3
Pooja Stand Silver 12*12  GVR   MHDH   PCS,POOJA STAND SILVER 12*12  GVR   MHDH,442190,Pooja Stand Silver 12*12  GVR   MHDH   PCS POOJA STAND SILVER 12*12  GVR   MHDH,3
Pooja Stand Silver 10*15  IVR   MHDH   PCS,POOJA STAND SILVER 10*15  IVR   MHDH,442190,Pooja Stand Silver 10*15  IVR   MHDH   PCS POOJA STAND SILVER 10*15  IVR   MHDH,3
Pooja Stand Meenakari 12*12 GWR  MHDH  PCS,POOJA STAND MEENAKARI 12*12 GWR  MHDH,442190,Pooja Stand Meenakari 12*12 GWR  MHDH  PCS POOJA STAND MEENAKARI 12*12 GWR  MHDH,3
Pooja Stand Silver 10*10  IWR  MHDH   PCS,POOJA STAND SILVER 10*10  IWR  MHDH,442190,Pooja Stand Silver 10*10  IWR  MHDH   PCS POOJA STAND SILVER 10*10  IWR  MHDH,3
Pooja Stand Meenakari 7*10 VER  MHDH  PCS,POOJA STAND MEENAKARI 7*10 VER  MHDH,442190,Pooja Stand Meenakari 7*10 VER  MHDH  PCS POOJA STAND MEENAKARI 7*10 VER  MHDH,3
Pooja Stand Silver 7*10  VHR  MHDH   PCS,POOJA STAND SILVER 7*10  VHR  MHDH,442190,Pooja Stand Silver 7*10  VHR  MHDH   PCS POOJA STAND SILVER 7*10  VHR  MHDH,3
Pooja Stand Silver 8*12  VER  MHDH  PCS,POOJA STAND SILVER 8*12  VER  MHDH,442190,Pooja Stand Silver 8*12  VER  MHDH  PCS POOJA STAND SILVER 8*12  VER  MHDH,3
Pooja Stand Silver 12*18  IWR  MHDH  PCS,POOJA STAND SILVER 12*18  IWR  MHDH,442190,Pooja Stand Silver 12*18  IWR  MHDH  PCS POOJA STAND SILVER 12*18  IWR  MHDH,3
Pooja Stand Meenakari 10*10 GIR  MHDH  PCS,POOJA STAND MEENAKARI 10*10 GIR  MHDH,442190,Pooja Stand Meenakari 10*10 GIR  MHDH  PCS POOJA STAND MEENAKARI 10*10 GIR  MHDH,3
Pooja Stand Meenakari 8*8  ISR  MHDH  PCS,POOJA STAND MEENAKARI 8*8  ISR  MHDH,442190,Pooja Stand Meenakari 8*8  ISR  MHDH  PCS POOJA STAND MEENAKARI 8*8  ISR  MHDH,3
Pooja Stand Meenakari 10*15  IHR  MHDH  PCS,POOJA STAND MEENAKARI 10*15  IHR  MHDH,442190,Pooja Stand Meenakari 10*15  IHR  MHDH  PCS POOJA STAND MEENAKARI 10*15  IHR  MHDH,3
Pooja Stand Meenakari 12*18  GHR  MHDH  PCS,POOJA STAND MEENAKARI 12*18  GHR  MHDH,442190,Pooja Stand Meenakari 12*18  GHR  MHDH  PCS POOJA STAND MEENAKARI 12*18  GHR  MHDH,3
Pooja Stand Silver 6*6  SRM  MHDH  PCS,POOJA STAND SILVER 6*6  SRM  MHDH,442190,Pooja Stand Silver 6*6  SRM  MHDH  PCS POOJA STAND SILVER 6*6  SRM  MHDH,3
Pooja Stand Silver 5*5  NEM  MHDH  PCS,POOJA STAND SILVER 5*5  NEM  MHDH,442190,Pooja Stand Silver 5*5  NEM  MHDH  PCS POOJA STAND SILVER 5*5  NEM  MHDH,3
Pooja Stand Meenakari 6*6 SRM  MHDH  PCS,POOJA STAND MEENAKARI 6*6 SRM  MHDH,442190,Pooja Stand Meenakari 6*6 SRM  MHDH  PCS POOJA STAND MEENAKARI 6*6 SRM  MHDH,3
Pooja Stand Meenakari 5*5 NEM  MHDH  PCS,POOJA STAND MEENAKARI 5*5 NEM  MHDH,442190,Pooja Stand Meenakari 5*5 NEM  MHDH  PCS POOJA STAND MEENAKARI 5*5 NEM  MHDH,3
Brass Crystal Matki 1  SAI  PCS,BRASS CRYSTAL MATKI 1  SAI,741999,Brass Crystal Matki 1  SAI  PCS BRASS CRYSTAL MATKI 1  SAI,13
Brass Crystal Matki 2  SAI  PCS,BRASS CRYSTAL MATKI 2  SAI,741999,Brass Crystal Matki 2  SAI  PCS BRASS CRYSTAL MATKI 2  SAI,13
Brass Crystal Lamp 1  SAI  PCS,BRASS CRYSTAL LAMP 1  SAI,741999,Brass Crystal Lamp 1  SAI  PCS BRASS CRYSTAL LAMP 1  SAI,13
Brass Crystal Lamp 2  SAI  PCS,BRASS CRYSTAL LAMP 2  SAI,741999,Brass Crystal Lamp 2  SAI  PCS BRASS CRYSTAL LAMP 2  SAI,13
BRASS TCR M.W VILAKKU   BSPRN     KG,BRASS TCR M.W VILAKKU   BSPRN,74181021,BRASS TCR M.W VILAKKU   BSPRN     KG BRASS TCR M.W VILAKKU   BSPRN,25
Brass Candle Stand Fancy  GV  K-P,BRASS CANDLE STAND FANCY  GV,83062910,Brass Candle Stand Fancy  GV  K-P BRASS CANDLE STAND FANCY  GV,36
Brass Akhand Deep 1  SR  PCS,BRASS AKHAND DEEP 1  SR,74181010,Brass Akhand Deep 1  SR  PCS BRASS AKHAND DEEP 1  SR,24
Brass Akhand Deep 2  SR  PCS,BRASS AKHAND DEEP 2  SR,74181010,Brass Akhand Deep 2  SR  PCS BRASS AKHAND DEEP 2  SR,24
Brass Akhand Deep 3  SR  PCS,BRASS AKHAND DEEP 3  SR,74181010,Brass Akhand Deep 3  SR  PCS BRASS AKHAND DEEP 3  SR,24
BRASS TRISOOLAM 14 RSH  PCS,BRASS TRISOOLAM 14 RSH,741999,BRASS TRISOOLAM 14 RSH  PCS BRASS TRISOOLAM 14 RSH,13
BRASS TRISOOLAM 16 RSH   PCS,BRASS TRISOOLAM 16 RSH,741999,BRASS TRISOOLAM 16 RSH   PCS BRASS TRISOOLAM 16 RSH,13
Brass Round Om Ganesh  BNKI   K-P,BRASS ROUND OM GANESH  BNKI,83062910,Brass Round Om Ganesh  BNKI   K-P BRASS ROUND OM GANESH  BNKI,36
Brass Guruvayur  Krishna  BNKI   K-P,BRASS GURUVAYUR KRISHNA  BNKI,83062910,Brass Guruvayur  Krishna  BNKI   K-P BRASS GURUVAYUR KRISHNA  BNKI,36
Brass Guruvayur Krishna  BNKI   K-P,BRASS GURUVAYUR KRISHNA  BNKI,83062910,Brass Guruvayur Krishna  BNKI   K-P BRASS GURUVAYUR KRISHNA  BNKI,36
Brass Star Plate Ganesh  BNKI   K-P,BRASS STAR PLATE GANESH  BNKI,83062910,Brass Star Plate Ganesh  BNKI   K-P BRASS STAR PLATE GANESH  BNKI,36
Brass S+C+N Plate  BNKI   K-P,BRASS S+C+N PLATE  BNKI,83062910,Brass S+C+N Plate  BNKI   K-P BRASS S+C+N PLATE  BNKI,36
Brass S+C+N Plate   BNKI   K-P,BRASS S+C+N PLATE   BNKI,83062910,Brass S+C+N Plate   BNKI   K-P BRASS S+C+N PLATE   BNKI,36
Brass  S+C+N Plate   BNKI   K-P,BRASS  S+C+N PLATE   BNKI,83062910,Brass  S+C+N Plate   BNKI   K-P BRASS  S+C+N PLATE   BNKI,36
Brass Palna R+K   BNKI   K-P,BRASS PALNA R+K   BNKI,83062910,Brass Palna R+K   BNKI   K-P BRASS PALNA R+K   BNKI,36
Brass Coffee Dabara Set Mat Finish   LVP  PCS,BRASS COFFEE DABARA SET MAT FINISH   LVP,741810,Brass Coffee Dabara Set Mat Finish   LVP  PCS BRASS COFFEE DABARA SET MAT FINISH   LVP,9
Brass Kamakshi Stand 1  KMLH  PCS,BRASS KAMAKSHI STAND 1  KMLH,741999,Brass Kamakshi Stand 1  KMLH  PCS BRASS KAMAKSHI STAND 1  KMLH,13
Brass Kamakshi Stand 2  KMLH  PCS,BRASS KAMAKSHI STAND 2  KMLH,741999,Brass Kamakshi Stand 2  KMLH  PCS BRASS KAMAKSHI STAND 2  KMLH,13
Brass Kamakshi Stand 4  KMLH  PCS,BRASS KAMAKSHI STAND 4  KMLH,741999,Brass Kamakshi Stand 4  KMLH  PCS BRASS KAMAKSHI STAND 4  KMLH,13
Brass Kamakshi Stand 6  KMLH  PCS,BRASS KAMAKSHI STAND 6  KMLH,741999,Brass Kamakshi Stand 6  KMLH  PCS BRASS KAMAKSHI STAND 6  KMLH,13
Brass Kamakshi Stand 3  KMLH  PCS,BRASS KAMAKSHI STAND 3  KMLH,741999,Brass Kamakshi Stand 3  KMLH  PCS BRASS KAMAKSHI STAND 3  KMLH,13
Brass Kamakshi Stand 5  KMLH  PCS,BRASS KAMAKSHI STAND 5  KMLH,741999,Brass Kamakshi Stand 5  KMLH  PCS BRASS KAMAKSHI STAND 5  KMLH,13
CHOKI SILVER NGRM 15*15  MHDH  PCS,CHOKI SILVER NGRM 15*15  MHDH,83061000,CHOKI SILVER NGRM 15*15  MHDH  PCS CHOKI SILVER NGRM 15*15  MHDH,33
CHOKI MEENA SVRM 15*15  MHDH  PCS,CHOKI MEENA SVRM 15*15  MHDH,83061000,CHOKI MEENA SVRM 15*15  MHDH  PCS CHOKI MEENA SVRM 15*15  MHDH,33
CHOKI C P WNRM 15*15  MHDH  PCS,CHOKI C P WNRM 15*15  MHDH,83061000,CHOKI C P WNRM 15*15  MHDH  PCS CHOKI C P WNRM 15*15  MHDH,33
CHOKI B R WNRM 15*15  MHDH  PCS,CHOKI B R WNRM 15*15  MHDH,83061000,CHOKI B R WNRM 15*15  MHDH  PCS CHOKI B R WNRM 15*15  MHDH,33
CHOKI B M ARVM 18*18  MHDH  PCS,CHOKI B M ARVM 18*18  MHDH,83061000,CHOKI B M ARVM 18*18  MHDH  PCS CHOKI B M ARVM 18*18  MHDH,33
Choki B S VRIN 18*18  MHDH  PCS,CHOKI B S VRIN 18*18  MHDH,830610,Choki B S VRIN 18*18  MHDH  PCS CHOKI B S VRIN 18*18  MHDH,15
Choki Silver ENRM 18*18  MHDH,CHOKI SILVER ENRM 18*18  MHDH,830610,Choki Silver ENRM 18*18  MHDH CHOKI SILVER ENRM 18*18  MHDH,15
Brass Statues Normal  BOTHR   KG,BRASS STATUES NORMAL  BOTHR,83062910,Brass Statues Normal  BOTHR   KG BRASS STATUES NORMAL  BOTHR,36
Copper Lotta 8  DPE  K-P,COPPER LOTTA 8  DPE,741810,Copper Lotta 8  DPE  K-P COPPER LOTTA 8  DPE,9
Copper Lotta 9  DPE  K-P,COPPER LOTTA 9  DPE,741810,Copper Lotta 9  DPE  K-P COPPER LOTTA 9  DPE,9
Brass Kadai 1to5  DPE  KG,BRASS KADAI 1TO5  DPE,741810,Brass Kadai 1to5  DPE  KG BRASS KADAI 1TO5  DPE,9
Brass Asta Laxmi Kalash LW   SBLH   PCS,BRASS ASTA LAXMI KALASH LW   SBLH,83062990,Brass Asta Laxmi Kalash LW   SBLH   PCS BRASS ASTA LAXMI KALASH LW   SBLH,38
Brass Dasavathar Kalash LW   SBLH   PCS,BRASS DASAVATHAR KALASH LW   SBLH,83062990,Brass Dasavathar Kalash LW   SBLH   PCS BRASS DASAVATHAR KALASH LW   SBLH,38
Brass Tomato Agardan 1   SAI   PCS,BRASS TOMATO AGARDAN 1   SAI,74199930,Brass Tomato Agardan 1   SAI   PCS BRASS TOMATO AGARDAN 1   SAI,29
Brass Tomato Agardan 2   SAI   PCS,BRASS TOMATO AGARDAN 2   SAI,74199930,Brass Tomato Agardan 2   SAI   PCS BRASS TOMATO AGARDAN 2   SAI,29
Brass Kerala Deep 16   SAI,BRASS KERALA DEEP 16   SAI,74199930,Brass Kerala Deep 16   SAI BRASS KERALA DEEP 16   SAI,29
Brass  Agal Deep 1  SAI   PCS,BRASS  AGAL DEEP 1  SAI,74199930,Brass  Agal Deep 1  SAI   PCS BRASS  AGAL DEEP 1  SAI,29
Brass  Akhand Diya Spl  2   SAI   PCS,BRASS  AKHAND DIYA 2   SAI,74199930,Brass  Akhand Diya Spl  2   SAI   PCS BRASS  AKHAND DIYA 2   SAI,29
Brass Lotta 10  DPE   K-P,BRASS LOTTA 10  DPE,741810,Brass Lotta 10  DPE   K-P BRASS LOTTA 10  DPE,9
Brasss Pooja Kindi 2.5  SWA   K-P,BRASSS POOJA KINDI 2.5  SWA,741810,Brasss Pooja Kindi 2.5  SWA   K-P BRASSS POOJA KINDI 2.5  SWA,9
Brasss Pooja Kindi 3  SWA   K-P,BRASSS POOJA KINDI 3  SWA,741810,Brasss Pooja Kindi 3  SWA   K-P BRASSS POOJA KINDI 3  SWA,9
Brasss Pooja Kindi 4  SWA   K-P,BRASSS POOJA KINDI 4  SWA,741810,Brasss Pooja Kindi 4  SWA   K-P BRASSS POOJA KINDI 4  SWA,9
Brasss K Kindi 3  SWA   K-P,BRASSS K KINDI 3  SWA,741810,Brasss K Kindi 3  SWA   K-P BRASSS K KINDI 3  SWA,9
Brass Aiyappa FRAME      BNKI    PCS,BRASS AIYAPPA FRAME      BNKI,83062910,Brass Aiyappa FRAME      BNKI    PCS BRASS AIYAPPA FRAME      BNKI,36
Brass Aiyappa W/O FRAME      BNKI    PCS,BRASS AIYAPPA W/O FRAME      BNKI,83062910,Brass Aiyappa W/O FRAME      BNKI    PCS BRASS AIYAPPA W/O FRAME      BNKI,36
BRASS DEEPAK LADY SQUARE BASE BNKI    K-P,BRASS DEEPAK LADY SQUARE BASE BNKI,83062910,BRASS DEEPAK LADY SQUARE BASE BNKI    K-P BRASS DEEPAK LADY SQUARE BASE BNKI,36
BRASS DEEPAK LADY SQUA BASE BNKI     K-P,BRASS DEEPAK LADY SQUA BASE BNKI,83062910,BRASS DEEPAK LADY SQUA BASE BNKI     K-P BRASS DEEPAK LADY SQUA BASE BNKI,36
BRASS RADA KIRSHANA PALNA BNKI  K-P,BRASS RADA KIRSHANA PALNA BNKI,83062910,BRASS RADA KIRSHANA PALNA BNKI  K-P BRASS RADA KIRSHANA PALNA BNKI,36
BRASS  PALNA RADA KIRSHANA  BNKI      K-P,BRASS  PALNA RADA KIRSHANA  BNKI,83062910,BRASS  PALNA RADA KIRSHANA  BNKI      K-P BRASS  PALNA RADA KIRSHANA  BNKI,36
BRASS DASAVTAAR SET BNKI    PCS,BRASS DASAVTAAR SET BNKI,83062910,BRASS DASAVTAAR SET BNKI    PCS BRASS DASAVTAAR SET BNKI,36
Brass Elephant Deepak  BNKI    K-P,BRASS ELEPHANT DEEPAK  BNKI,83062910,Brass Elephant Deepak  BNKI    K-P BRASS ELEPHANT DEEPAK  BNKI,36
Brass Elephant Depak  BNKI   K-P,BRASS ELEPHANT DEPAK  BNKI,83062910,Brass Elephant Depak  BNKI   K-P BRASS ELEPHANT DEPAK  BNKI,36
Brass Elepant Depak  BNKI  K-P,BRASS ELEPANT DEPAK  BNKI,83062910,Brass Elepant Depak  BNKI  K-P BRASS ELEPANT DEPAK  BNKI,36
Brass Aiyappa Vigraham  BNKI  K-P,BRASS AIYAPPA VIGRAHAM  BNKI,83062910,Brass Aiyappa Vigraham  BNKI  K-P BRASS AIYAPPA VIGRAHAM  BNKI,36
Brass Kerala Fancy Cross  SWA  KG,BRASS KERALA FANCY CROSS  SWA,74181010,Brass Kerala Fancy Cross  SWA  KG BRASS KERALA FANCY CROSS  SWA,24
Brass Uruli Super  SWA  KG,BRASS URULI SUPER  SWA,741810,Brass Uruli Super  SWA  KG BRASS URULI SUPER  SWA,9
BRASS STATUE FINE  FRD  KG,BRASS STATUE FINE  FRD,83062910,BRASS STATUE FINE  FRD  KG BRASS STATUE FINE  FRD,36
BRASS STATUE FINE SMALL   FRD     KG,BRASS STATUE FINE SMALL   FRD,830610,BRASS STATUE FINE SMALL   FRD     KG BRASS STATUE FINE SMALL   FRD,15
Brass New SF Hansa Deepak 4.75  GV  K-P,BRASS NEW SF HANSA DEEPAK 4.75  GV,83062910,Brass New SF Hansa Deepak 4.75  GV  K-P BRASS NEW SF HANSA DEEPAK 4.75  GV,36
Brass New SF Hansa Deepak 7.5  GV  K-P,BRASS NEW SF HANSA DEEPAK 7.5  GV,83062910,Brass New SF Hansa Deepak 7.5  GV  K-P BRASS NEW SF HANSA DEEPAK 7.5  GV,36
Brass New Hathi Uruli  GV  K-P,BRASS NEW HATHI URULI  GV,83062910,Brass New Hathi Uruli  GV  K-P BRASS NEW HATHI URULI  GV,36
Brass New Uruli Stool  GV  K-P,BRASS NEW URULI STOOL  GV,83062910,Brass New Uruli Stool  GV  K-P BRASS NEW URULI STOOL  GV,36
Brass Varp 5.6  SWA  KG,BRASS VARP 5.6  SWA,74181010,Brass Varp 5.6  SWA  KG BRASS VARP 5.6  SWA,24
Brass K Kindi 4  SWA  K-P,BRASS K KINDI 4  SWA,74181010,Brass K Kindi 4  SWA  K-P BRASS K KINDI 4  SWA,24
BRASS AKP DLX VILAKKU LINE 11 JBE,BRASS AKP DLX VILAKKU LINE 11 JBE,741810,BRASS AKP DLX VILAKKU LINE 11 JBE BRASS AKP DLX VILAKKU LINE 11 JBE,9
Wooden Box 4X4 VRN  MHDH  PCS,WOODEN BOX 4X4 VRN  MHDH,830610,Wooden Box 4X4 VRN  MHDH  PCS WOODEN BOX 4X4 VRN  MHDH,15
Jewellery Box VHR 4X6  MHDH  PCS,JEWELLERY BOX VHR 4X6  MHDH,830610,Jewellery Box VHR 4X6  MHDH  PCS JEWELLERY BOX VHR 4X6  MHDH,15
Jewellery Box VEN 6X8  MHDH  PCS,JEWELLERY BOX VEN 6X8  MHDH,830610,Jewellery Box VEN 6X8  MHDH  PCS JEWELLERY BOX VEN 6X8  MHDH,15
Patla SI 8X12  MHDH  PCS,PATLA SI 8X12  MHDH,442190,Patla SI 8X12  MHDH  PCS PATLA SI 8X12  MHDH,3
Jewel Box NARM  MHDH  PCS,JEWEL BOX NARM  MHDH,830610,Jewel Box NARM  MHDH  PCS JEWEL BOX NARM  MHDH,15
Choki B R GHR 8X8  MHDH  PCS,CHOKI B R GHR 8X8  MHDH,830610,Choki B R GHR 8X8  MHDH  PCS CHOKI B R GHR 8X8  MHDH,15
Choki B R HRV 10X10  MHDH  PCS,CHOKI B R HRV 10X10  MHDH,830610,Choki B R HRV 10X10  MHDH  PCS CHOKI B R HRV 10X10  MHDH,15
CHOKI B R HERM 12X12  MHDH  PCS,CHOKI B R HERM 12X12  MHDH,83061000,CHOKI B R HERM 12X12  MHDH  PCS CHOKI B R HERM 12X12  MHDH,33
Choki 12X12  MHDH  PCS,CHOKI 12X12  MHDH,442190,Choki 12X12  MHDH  PCS CHOKI 12X12  MHDH,3
Choki Silver GRV 10X10  MHDH  PCS,CHOKI SILVER GRV 10X10  MHDH,830610,Choki Silver GRV 10X10  MHDH  PCS CHOKI SILVER GRV 10X10  MHDH,15
Choki Silver IGR 8X8  MHDH  PCS,CHOKI SILVER IGR 8X8  MHDH,830610,Choki Silver IGR 8X8  MHDH  PCS CHOKI SILVER IGR 8X8  MHDH,15
Patla Meena VER 7X10  MHDH  PCS,PATLA MEENA VER 7X10  MHDH,830610,Patla Meena VER 7X10  MHDH  PCS PATLA MEENA VER 7X10  MHDH,15
Patla Meena IRV 8X12  MHDH  PCS,PATLA MEENA IRV 8X12  MHDH,830610,Patla Meena IRV 8X12  MHDH  PCS PATLA MEENA IRV 8X12  MHDH,15
Copper Glass Beeding 2  KMLH  PCS,COPPER GLASS BEEDING 2  KMLH,741810,Copper Glass Beeding 2  KMLH  PCS COPPER GLASS BEEDING 2  KMLH,9
Brass Kuber Deep Plain 1  KMLH  PCS,BRASS KUBER DEEP PLAIN 1  KMLH,741810,Brass Kuber Deep Plain 1  KMLH  PCS BRASS KUBER DEEP PLAIN 1  KMLH,9
Brass Die Casting Kachua W/Plate 0  KMLH  PCS,BRASS DIE CASTING KACHUA W/PLATE 0  KMLH,741999,Brass Die Casting Kachua W/Plate 0  KMLH  PCS BRASS DIE CASTING KACHUA W/PLATE 0  KMLH,13
Brass Die Casting Kachua W/Plate 1  KMLH  PCS,BRASS DIE CASTING KACHUA W/PLATE 1  KMLH,741999,Brass Die Casting Kachua W/Plate 1  KMLH  PCS BRASS DIE CASTING KACHUA W/PLATE 1  KMLH,13
Brass Die Casting Kachua W/Plate 3  KMLH  PCS,BRASS DIE CASTING KACHUA W/PLATE 3  KMLH,741999,Brass Die Casting Kachua W/Plate 3  KMLH  PCS BRASS DIE CASTING KACHUA W/PLATE 3  KMLH,13
Brass Kuber Deep Plain 0  KMLH  PCS,BRASS KUBER DEEP PLAIN 0  KMLH,741999,Brass Kuber Deep Plain 0  KMLH  PCS BRASS KUBER DEEP PLAIN 0  KMLH,13
BRASS S POT BATASHA  339 3  DHIN  PCS,BRASS S POT BATASHA  339 3  DHIN,741810,BRASS S POT BATASHA  339 3  DHIN  PCS BRASS S POT BATASHA  339 3  DHIN,9
Brass Krishna Lamp with Elephant 18  GV  K-P,BRASS KRISHNA LAMP WITH ELEPHANT 18  GV,83062910,Brass Krishna Lamp with Elephant 18  GV  K-P BRASS KRISHNA LAMP WITH ELEPHANT 18  GV,36
Brass Stool 12  GV  K-P,BRASS STOOL 12  GV,83062910,Brass Stool 12  GV  K-P BRASS STOOL 12  GV,36
Brass New Machli Uruli  GV  K-P,BRASS NEW MACHLI URULI  GV,83062910,Brass New Machli Uruli  GV  K-P BRASS NEW MACHLI URULI  GV,36
Brass Ram Darbar with Umberlla 9.5  GV,BRASS RAM DARBAR WITH UMBERLLA 9.5  GV,83062910,Brass Ram Darbar with Umberlla 9.5  GV BRASS RAM DARBAR WITH UMBERLLA 9.5  GV,36
Brass Butter Fly Uruli 14  GV  K-P,BRASS BUTTER FLY URULI 14  GV,83062910,Brass Butter Fly Uruli 14  GV  K-P BRASS BUTTER FLY URULI 14  GV,36
Brass Fine Shivling with Nagam 4.5  GV  K-P,BRASS FINE SHIVLING WITH NAGAM 4.5  GV,83062910,Brass Fine Shivling with Nagam 4.5  GV  K-P BRASS FINE SHIVLING WITH NAGAM 4.5  GV,36
Brass Tortoise Doopdani 3  GV  K-P,BRASS TORTOISE DOOPDANI 3  GV,83062910,Brass Tortoise Doopdani 3  GV  K-P BRASS TORTOISE DOOPDANI 3  GV,36
Brass Vigraham Exp MAL LW  GV  KG,BRASS VIGRAHAM EXP MAL LW  GV,83062910,Brass Vigraham Exp MAL LW  GV  KG BRASS VIGRAHAM EXP MAL LW  GV,36
Brass Ganesh Om Swasthik Plate 9  GV  K-P,BRASS GANESH OM SWASTHIK PLATE 9  GV,83062910,Brass Ganesh Om Swasthik Plate 9  GV  K-P BRASS GANESH OM SWASTHIK PLATE 9  GV,36
BRASS NEW HORSE HEAD 2  GV  K-P,BRASS NEW HORSE HEAD 2 GV,83062910,BRASS NEW HORSE HEAD 2  GV  K-P BRASS NEW HORSE HEAD 2 GV,36
Brass Ganesh Bell Hanging Plate 12.5  GV  K-P,BRASS GANESH BELL HANGING PLATE 12.5  GV,83062910,Brass Ganesh Bell Hanging Plate 12.5  GV  K-P BRASS GANESH BELL HANGING PLATE 12.5  GV,36
Brass Ghanti Bali Latkan 12  GV  K-P,BRASS GHANTI BALI LATKAN 12  GV,83062910,Brass Ghanti Bali Latkan 12  GV  K-P BRASS GHANTI BALI LATKAN 12  GV,36
Brass New Deepak 8.25  GV  K-P,BRASS NEW DEEPAK 8.25  GV,83062910,Brass New Deepak 8.25  GV  K-P BRASS NEW DEEPAK 8.25  GV,36
Brass Dasavatar Plate 4  GV  K-P,BRASS DASAVATAR PLATE 4  GV,83062910,Brass Dasavatar Plate 4  GV  K-P BRASS DASAVATAR PLATE 4  GV,36
Brass Saraswathi 4  GV,BRASS SARASWATHI 4  GV,83062910,Brass Saraswathi 4  GV BRASS SARASWATHI 4  GV,36
Brass New Cow n Calf 5.25  GV  K-P,BRASS NEW COW N CALF 5.25  GV,83062910,Brass New Cow n Calf 5.25  GV  K-P BRASS NEW COW N CALF 5.25  GV,36
Brass New Nagam 12  GV  K-P,BRASS NEW NAGAM 12  GV,83062910,Brass New Nagam 12  GV  K-P BRASS NEW NAGAM 12  GV,36
Brass Gol Base Krishna 6.5  GV  K-P,BRASS GOL BASE KRISHNA 6.5  GV,83062910,Brass Gol Base Krishna 6.5  GV  K-P BRASS GOL BASE KRISHNA 6.5  GV,36
Brass Anna Purna 5.5  GV  K-P,BRASS ANNA PURNA 5.5  GV,83062910,Brass Anna Purna 5.5  GV  K-P BRASS ANNA PURNA 5.5  GV,36
Brass New Durga 6  GV  K-P,BRASS NEW DURGA 6  GV,83062910,Brass New Durga 6  GV  K-P BRASS NEW DURGA 6  GV,36
Brass Ayyappa 12  GV  K-P,BRASS AYYAPPA 12  GV,83062910,Brass Ayyappa 12  GV  K-P BRASS AYYAPPA 12  GV,36
Brass New Ganesh Annam Jhula 8  GV  K-P,BRASS NEW GANESH ANNAM JHULA 8  GV,83062910,Brass New Ganesh Annam Jhula 8  GV  K-P BRASS NEW GANESH ANNAM JHULA 8  GV,36
Brass Ganesh Jhula 19  GV  K-P.,BRASS GANESH JHULA 19  GV,83062910,Brass Ganesh Jhula 19  GV  K-P. BRASS GANESH JHULA 19  GV,36
Brass Deep Laxmi 28  GV  K-P,BRASS DEEP LAXMI 28  GV,83062910,Brass Deep Laxmi 28  GV  K-P BRASS DEEP LAXMI 28  GV,36
Brass New Mor Thali LW 11  GV  K-P,BRASS NEW MOR THALI LW 11  GV,83062910,Brass New Mor Thali LW 11  GV  K-P BRASS NEW MOR THALI LW 11  GV,36
BRASS NEW KATHAKALI FACE 5.5  GVF3712  GV  K-P,BRASS NEW KATHAKALI FACE 5.5 GVF3712   GV,83062910,BRASS NEW KATHAKALI FACE 5.5  GVF3712  GV  K-P BRASS NEW KATHAKALI FACE 5.5 GVF3712   GV,36
Brass New Mor Thali LW13  GV  K-P,BRASS NEW MOR THALI LW13  GV,83062910,Brass New Mor Thali LW13  GV  K-P BRASS NEW MOR THALI LW13  GV,36
Brass Mannar Uruli  SWA  KG,BRASS MANNAR URULI  SWA,74181010,Brass Mannar Uruli  SWA  KG BRASS MANNAR URULI  SWA,24
Brass Agal Peacock Vel  SWA  PCS,BRASS AGAL PEACOCK VEL  SWA,741810,Brass Agal Peacock Vel  SWA  PCS BRASS AGAL PEACOCK VEL  SWA,9
BRASS VEL 14  RSH,BRASS VEL 14  RSH,741999,BRASS VEL 14  RSH BRASS VEL 14  RSH,13
BRASS VEL 16  RSH,BRASS VEL 16  RSH,741999,BRASS VEL 16  RSH BRASS VEL 16  RSH,13
Brass Akhanda Diya Spl No. 3 SAI      PCS,BRASS AKHANDA DIYA SPL NO. 3 SAI,741810,Brass Akhanda Diya Spl No. 3 SAI      PCS BRASS AKHANDA DIYA SPL NO. 3 SAI,9
Brass ODP Spl Diya No.00  SAI PCS,BRASS ODP SPL DIYA NO.00  SAI,741810,Brass ODP Spl Diya No.00  SAI PCS BRASS ODP SPL DIYA NO.00  SAI,9
Brass ODP Spl Diya No.0  SAI   PCS,BRASS ODP SPL DIYA NO.0  SAI,741810,Brass ODP Spl Diya No.0  SAI   PCS BRASS ODP SPL DIYA NO.0  SAI,9
Brass ODP Spl Diya No.2  SAI    PCS,BRASS ODP SPL DIYA NO.2  SAI,741810,Brass ODP Spl Diya No.2  SAI    PCS BRASS ODP SPL DIYA NO.2  SAI,9
Brass Pooja Plate  RUCH  KG,BRASS POOJA PLATE  RUCH,741810,Brass Pooja Plate  RUCH  KG BRASS POOJA PLATE  RUCH,9
Brass Etching Plate  RUCH  KG,BRASS ETCHING PLATE  RUCH,741810,Brass Etching Plate  RUCH  KG BRASS ETCHING PLATE  RUCH,9
Brass AKP  SPL  P- Cross  POP  KG,BRASS AKP  SPL  P- CROSS  POP,74181010,Brass AKP  SPL  P- Cross  POP  KG BRASS AKP  SPL  P- CROSS  POP,24
Brass Peacock Bracket 6.5  GV  K-P,BRASS PEACOCK BRACKET 6.5  GV,83062910,Brass Peacock Bracket 6.5  GV  K-P BRASS PEACOCK BRACKET 6.5  GV,36
Brass Poni Charuvam  KART  KG,BRASS PONI CHARUVAM  KART,74181010,Brass Poni Charuvam  KART  KG BRASS PONI CHARUVAM  KART,24
P VILAKKU 10  L   PCS,P  VILAKKU 10  L,76169990,P VILAKKU 10  L   PCS P  VILAKKU 10  L,30
P VILAKKU 12  L   PCS,P VILAKKU 12  L,76169990,P VILAKKU 12  L   PCS P VILAKKU 12  L,30
P VILAKKU 15  L   PCS,P VILAKKU 15  L,76169990,P VILAKKU 15  L   PCS P VILAKKU 15  L,30
Brass Covera Kalash Vilakku 6to16  AZAD  KG,BRASS COVERA KALASH VILAKKU 6TO16  AZAD,74181010,Brass Covera Kalash Vilakku 6to16  AZAD  KG BRASS COVERA KALASH VILAKKU 6TO16  AZAD,24
Brass AKP Vilakku 10  AZAD  K-P,BRASS AKP VILAKKU 10  AZAD,741810,Brass AKP Vilakku 10  AZAD  K-P BRASS AKP VILAKKU 10  AZAD,9
Brass Etching Dana Khomcha Plate  RUCH  KG,BRASS ETCHING DANA KHOMCHA PLATE  RUCH,741810,Brass Etching Dana Khomcha Plate  RUCH  KG BRASS ETCHING DANA KHOMCHA PLATE  RUCH,9
Brass Ammikal Set  KMLH  K-P,BRASS AMMIKAL SET  KMLH,741999,Brass Ammikal Set  KMLH  K-P BRASS AMMIKAL SET  KMLH,13
Brass Sev Sancha Ring 700  ART,BRASS SEV SANCHA RING 700  ART,741810,Brass Sev Sancha Ring 700  ART BRASS SEV SANCHA RING 700  ART,9
BRASS KERALA TCR SPL VILAKKU NO 5   ZST   FIOE,BRASS KERALA TCR SPL VILAKKU NO 5   ZST   FIOE,74198030,BRASS KERALA TCR SPL VILAKKU NO 5   ZST   FIOE BRASS KERALA TCR SPL VILAKKU NO 5   ZST   FIOE,28
BRASS PARA SMALL 1.5  ZST  FIOE  PCS,BRASS PARA SMALL 1.5  ZST  FIOE,74198030,BRASS PARA SMALL 1.5  ZST  FIOE  PCS BRASS PARA SMALL 1.5  ZST  FIOE,28
BRASS PARA SMALL 2  ZST  FIOE  PCS,BRASS PARA SMALL 2  ZST  FIOE,74198030,BRASS PARA SMALL 2  ZST  FIOE  PCS BRASS PARA SMALL 2  ZST  FIOE,28
BRASS PARA SMALL 2.5  ZST  FIOE,BRASS PARA SMALL 2.5  ZST  FIOE,74198030,BRASS PARA SMALL 2.5  ZST  FIOE BRASS PARA SMALL 2.5  ZST  FIOE,28
BRASS PARA SMALL 3  ZST  FIOE  PCS,BRASS PARA SMALL 3  ZST  FIOE,74198030,BRASS PARA SMALL 3  ZST  FIOE  PCS BRASS PARA SMALL 3  ZST  FIOE,28
BRASS PARA SMALL 3.5  ZST  FIOE  PCS,BRASS PARA SMALL 3.5  ZST  FIOE,74198030,BRASS PARA SMALL 3.5  ZST  FIOE  PCS BRASS PARA SMALL 3.5  ZST  FIOE,28
BRASS PARA SMALL 4  ZST  FIOE  PCS,BRASS PARA SMALL 4  ZST  FIOE,74198030,BRASS PARA SMALL 4  ZST  FIOE  PCS BRASS PARA SMALL 4  ZST  FIOE,28
Brass Step Vilakku  MATH  KG,BRASS STEP VILAKKU  MATH,74181010,Brass Step Vilakku  MATH  KG BRASS STEP VILAKKU  MATH,24
Brass Prabha Archi  MATH  KG,BRASS PRABHA ARCHI  MATH,74181010,Brass Prabha Archi  MATH  KG BRASS PRABHA ARCHI  MATH,24
Brass Karpoora Arthi 6  SHLP  PCS,BRASS KARPOORA ARTHI 6  SHLP,741810,Brass Karpoora Arthi 6  SHLP  PCS BRASS KARPOORA ARTHI 6  SHLP,9
Copper Bowl 1  SHLP  PCS,COPPER BOWL 1  SHLP,741810,Copper Bowl 1  SHLP  PCS COPPER BOWL 1  SHLP,9
Copper Bowl 2  SHLP  PCS,COPPER BOWL 2  SHLP,741810,Copper Bowl 2  SHLP  PCS COPPER BOWL 2  SHLP,9
Copper Bowl 3  SHLP  PCS,COPPER BOWL 3  SHLP,741810,Copper Bowl 3  SHLP  PCS COPPER BOWL 3  SHLP,9
Copper Bowl 4  SHLP  PCS,COPPER BOWL 4  SHLP,741810,Copper Bowl 4  SHLP  PCS COPPER BOWL 4  SHLP,9
Brass Latkan 10to14  BSPRN  KG,BRASS LATKAN 10TO14  BSPRN,74181021,Brass Latkan 10to14  BSPRN  KG BRASS LATKAN 10TO14  BSPRN,25
Wood Serving Trtay 12X8  MENH  PCS,WOOD SERVING TRTAY 12X8  MENH,44190010,Wood Serving Trtay 12X8  MENH  PCS WOOD SERVING TRTAY 12X8  MENH,20
Wood Serving Trtay 15X10  MENH  PCS,WOOD SERVING TRTAY 15X10  MENH,44190010,Wood Serving Trtay 15X10  MENH  PCS WOOD SERVING TRTAY 15X10  MENH,20
Wood Serving Trtay 18X12  MENH  PCS,WOOD SERVING TRTAY 18X12  MENH,44190010,Wood Serving Trtay 18X12  MENH  PCS WOOD SERVING TRTAY 18X12  MENH,20
Brass Kindi Spl  POP  KG,BRASS KINDI SPL  POP,741810,Brass Kindi Spl  POP  KG BRASS KINDI SPL  POP,9
Brass ANP Cross VNS    KG,BRASS ANP CROSS VNS,741810,Brass ANP Cross VNS    KG BRASS ANP CROSS VNS,9
Brass Kerala Fancy 8 to 24 VNS    KG,BRASS KERALA FANCY 8 TO 24 VNS,741810,Brass Kerala Fancy 8 to 24 VNS    KG BRASS KERALA FANCY 8 TO 24 VNS,9
Brass Sheet Varp 4 to 18 VNS   KG,BRASS SHEET VARP 4 TO 18 VNS,741810,Brass Sheet Varp 4 to 18 VNS   KG BRASS SHEET VARP 4 TO 18 VNS,9
Brass Garooda Vilakku VNS   KG,BRASS GAROODA VILAKKU VNS,741810,Brass Garooda Vilakku VNS   KG BRASS GAROODA VILAKKU VNS,9
Brass Karpoora Arthi 1 to 4 VNS   KG,BRASS KARPOORA ARTHI 1 TO 4 VNS,741810,Brass Karpoora Arthi 1 to 4 VNS   KG BRASS KARPOORA ARTHI 1 TO 4 VNS,9
Brass Sampirani Karandi  VNS     KG,BRASS SAMPIRANI KARANDI  VNS,741810,Brass Sampirani Karandi  VNS     KG BRASS SAMPIRANI KARANDI  VNS,9
Brass Changala Vatta VNS    KG,BRASS CHANGALA VATTA VNS,741810,Brass Changala Vatta VNS    KG BRASS CHANGALA VATTA VNS,9
Brass Deep Laxmi  VNS    KG,BRASS DEEP LAXMI  VNS,741810,Brass Deep Laxmi  VNS    KG BRASS DEEP LAXMI  VNS,9
Brass Hanging Diya   VNS   KG,BRASS HANGING DIYA   VNS,741810,Brass Hanging Diya   VNS   KG BRASS HANGING DIYA   VNS,9
Brass Vigraham    VNS     KG,BRASS VIGRAHAM    VNS,741810,Brass Vigraham    VNS     KG BRASS VIGRAHAM    VNS,9
Brass Hanging Oil Lamp     VNS    KG,BRASS HANGING OIL LAMP     VNS,741810,Brass Hanging Oil Lamp     VNS    KG BRASS HANGING OIL LAMP     VNS,9
Brass Planter     VNS    KG,BRASS PLANTER     VNS,741810,Brass Planter     VNS    KG BRASS PLANTER     VNS,9
Brass KTR Vilakku 36to66  NMIT  KG,BRASS KTR VILAKKU 36TO66  NMIT,741999,Brass KTR Vilakku 36to66  NMIT  KG BRASS KTR VILAKKU 36TO66  NMIT,13
Wooden Bangle Box 2 Roll HNR  MHDH  PCS,WOODEN BANGLE BOX 2 ROLL HNR  MHDH,442190,Wooden Bangle Box 2 Roll HNR  MHDH  PCS WOODEN BANGLE BOX 2 ROLL HNR  MHDH,3
Brass Door Kumil  SWA  KG,BRASS DOOR KUMIL  SWA,74181010,Brass Door Kumil  SWA  KG BRASS DOOR KUMIL  SWA,24
Brass Rocket Lamp  SWA  KG,BRASS ROCKET LAMP  SWA,74181010,Brass Rocket Lamp  SWA  KG BRASS ROCKET LAMP  SWA,24
Brass Planter  SWA,BRASS PLANTER  SWA,74181010,Brass Planter  SWA BRASS PLANTER  SWA,24
Copper Shembu Harjee No. 9  KART  K-P,COPPER SHEMBU HARJEE NO. 9  KART,74181010,Copper Shembu Harjee No. 9  KART  K-P COPPER SHEMBU HARJEE NO. 9  KART,24
Copper Shembu Harjee No. 10  KART  K-P,COPPER SHEMBU HARJEE NO. 10  KART,74181010,Copper Shembu Harjee No. 10  KART  K-P COPPER SHEMBU HARJEE NO. 10  KART,24
Copper Shembu Harjee No. 11  KART  K-P,COPPER SHEMBU HARJEE NO. 11  KART,74181010,Copper Shembu Harjee No. 11  KART  K-P COPPER SHEMBU HARJEE NO. 11  KART,24
Copper Shembu Harjee No. 12  KART  K-P,COPPER SHEMBU HARJEE NO. 12  KART,74181010,Copper Shembu Harjee No. 12  KART  K-P COPPER SHEMBU HARJEE NO. 12  KART,24
Brass Super  Kindi 350  SAI K-P,BRASS SUPER  KINDI 350  SAI,741810,Brass Super  Kindi 350  SAI K-P BRASS SUPER  KINDI 350  SAI,9
Brass Kerala Deep KTR L.W 12  SAI    K-P,BRASS KERALA DEEP KTR L.W 12   SAI,741999,Brass Kerala Deep KTR L.W 12  SAI    K-P BRASS KERALA DEEP KTR L.W 12   SAI,13
BRASS CASTING WALL  KPS  KG,BRASS CASTING WALL  KPS,741999,BRASS CASTING WALL  KPS  KG BRASS CASTING WALL  KPS,13
BRASS NATRAJ  KPS  KG,BRASS NATRAJ  KPS,741999,BRASS NATRAJ  KPS  KG BRASS NATRAJ  KPS,13
Brass Super Kindi 125  SAI   K-P,BRASS SUPER KINDI 125  SAI,741810,Brass Super Kindi 125  SAI   K-P BRASS SUPER KINDI 125  SAI,9
Brass Super Kindi 150  SAI  K-P,BRASS SUPER KINDI 150  SAI,741810,Brass Super Kindi 150  SAI  K-P BRASS SUPER KINDI 150  SAI,9
Brass K.Deep Uduppi SPL 6  SAI    K-P,BRASS K.DEEP UDUPPI SPL 6  SAI,741999,Brass K.Deep Uduppi SPL 6  SAI    K-P BRASS K.DEEP UDUPPI SPL 6  SAI,13
Brass K.Deep Uduppi SPL 8  SAI    K-P,BRASS K.DEEP UDUPPI SPL 8  SAI,741999,Brass K.Deep Uduppi SPL 8  SAI    K-P BRASS K.DEEP UDUPPI SPL 8  SAI,13
Brass K.Deep Uduppi SPL 10  SAI  K-P,BRASS K.DEEP UDUPPI SPL 10  SAI,741999,Brass K.Deep Uduppi SPL 10  SAI  K-P BRASS K.DEEP UDUPPI SPL 10  SAI,13
Brass Coffee Dabara Set  SAI    PCS,BRASS COFFEE DABARA SET  SAI,741999,Brass Coffee Dabara Set  SAI    PCS BRASS COFFEE DABARA SET  SAI,13
Brass Radha  BNKI  K-P,BRASS RADHA  BNKI,83062910,Brass Radha  BNKI  K-P BRASS RADHA  BNKI,36
Brass Kamal Krishna   BNKI   K-P,BRASS KAMAL KRISHNA   BNKI,83062910,Brass Kamal Krishna   BNKI   K-P BRASS KAMAL KRISHNA   BNKI,36
Brass Krishna Gol Base  BNKI  K-P,BRASS KRISHNA GOL BASE  BNKI,83062910,Brass Krishna Gol Base  BNKI  K-P BRASS KRISHNA GOL BASE  BNKI,36
Brass Radha Kamal Base   BNKI  K-P,BRASS RADHA KAMAL BASE   BNKI,83062910,Brass Radha Kamal Base   BNKI  K-P BRASS RADHA KAMAL BASE   BNKI,36
Brass Radha    BNKI  K-P,BRASS RADHA    BNKI,83062910,Brass Radha    BNKI  K-P BRASS RADHA    BNKI,36
Brass Radha Krishna Gol Base   BNKI  K-P,BRASS RADHA KRISHNA GOL BASE   BNKI,83062910,Brass Radha Krishna Gol Base   BNKI  K-P BRASS RADHA KRISHNA GOL BASE   BNKI,36
Brass Plate Bidding Lid  SWA  KG,BRASS PLATE BIDDING LID  SWA,74181010,Brass Plate Bidding Lid  SWA  KG BRASS PLATE BIDDING LID  SWA,24
Brass Rudrakshi Deep Shankh 3  SWA  PCS,BRASS RUDRAKSHI DEEP SHANKH 3  SWA,74181010,Brass Rudrakshi Deep Shankh 3  SWA  PCS BRASS RUDRAKSHI DEEP SHANKH 3  SWA,24
Brass Rudrakshi Deep Chakkar 3  SWA,BRASS RUDRAKSHI DEEP CHAKKAR 3  SWA,74181010,Brass Rudrakshi Deep Chakkar 3  SWA BRASS RUDRAKSHI DEEP CHAKKAR 3  SWA,24
Brass Rudrakshi Deep Shankh 4  SWA  PCS,BRASS RUDRAKSHI DEEP SHANKH 4  SWA,74181010,Brass Rudrakshi Deep Shankh 4  SWA  PCS BRASS RUDRAKSHI DEEP SHANKH 4  SWA,24
Brass Rudrakshi Deep Chakkar 4  SWA  PCS,BRASS RUDRAKSHI DEEP CHAKKAR 4  SWA,74181010,Brass Rudrakshi Deep Chakkar 4  SWA  PCS BRASS RUDRAKSHI DEEP CHAKKAR 4  SWA,24
DUMMY 2,DUMMY 2,741910,DUMMY 2 DUMMY 2,11
DUMMY1  PCS,DUMMY1,741910,DUMMY1  PCS DUMMY1,11
DUMMY 3,DUMMY 3,741910,DUMMY 3 DUMMY 3,11
Brass Screw Hook 20  FRD  PCS,BRASS SCREW HOOK 20  FRD,741910,Brass Screw Hook 20  FRD  PCS BRASS SCREW HOOK 20  FRD,11
Brass Screw Hook 16  FRD  PCS,BRASS SCREW HOOK 16  FRD,741910,Brass Screw Hook 16  FRD  PCS BRASS SCREW HOOK 16  FRD,11
Brass Screw Hook 25  FRD  PCS,BRASS SCREW HOOK 25  FRD,741910,Brass Screw Hook 25  FRD  PCS BRASS SCREW HOOK 25  FRD,11
Copper Parath  SAD  KG,COPPER PARATH  SAD,74181010,Copper Parath  SAD  KG COPPER PARATH  SAD,24
Brass Elephant Deepak 350  BNKI  K-P,BRASS ELEPHANT DEEPAK 350  BNKI,83062910,Brass Elephant Deepak 350  BNKI  K-P BRASS ELEPHANT DEEPAK 350  BNKI,36
Brass Elephant Deepak 600  BNKI  K-P,BRASS ELEPHANT DEEPAK 600  BNKI,83062910,Brass Elephant Deepak 600  BNKI  K-P BRASS ELEPHANT DEEPAK 600  BNKI,36
Brass Elephant Deepak 650  BNKI  K-P,BRASS ELEPHANT DEEPAK 650  BNKI,83062910,Brass Elephant Deepak 650  BNKI  K-P BRASS ELEPHANT DEEPAK 650  BNKI,36
Brass Standing Kamal Vishnu  BNKI  K-P,BRASS STANDING KAMAL VISHNU  BNKI,83062910,Brass Standing Kamal Vishnu  BNKI  K-P BRASS STANDING KAMAL VISHNU  BNKI,36
Brass Rudrakshi Deep Peacock 4  SWA  PCS,BRASS RUDRAKSHI DEEP PEACOCK 4  SWA,74181010,Brass Rudrakshi Deep Peacock 4  SWA  PCS BRASS RUDRAKSHI DEEP PEACOCK 4  SWA,24
Peti Antik Mina 4X4  MHDH  PCS,PETI ANTIK MINA 4X4  MHDH,442190,Peti Antik Mina 4X4  MHDH  PCS PETI ANTIK MINA 4X4  MHDH,3
Peti Antik Mina 6X4  MHDH  PCS,PETI ANTIK MINA 6X4  MHDH,442190,Peti Antik Mina 6X4  MHDH  PCS PETI ANTIK MINA 6X4  MHDH,3
Peti Antik Mina 7X5  MHDH  PCS,PETI ANTIK MINA 7X5  MHDH,442190,Peti Antik Mina 7X5  MHDH  PCS PETI ANTIK MINA 7X5  MHDH,3
PLET BM 8  MHDH  PCS,PLET BM 8  MHDH,442190,PLET BM 8  MHDH  PCS PLET BM 8  MHDH,3
PLET BM 9  MHDH  PCS,PLET BM 9  MHDH,442190,PLET BM 9  MHDH  PCS PLET BM 9  MHDH,3
PLET BM 10  MHDH  PCS,PLET BM 10  MHDH,442190,PLET BM 10  MHDH  PCS PLET BM 10  MHDH,3
Brass AKP Lamp 3  SRH  PCS,BRASS AKP LAMP 3  SRH,741810,Brass AKP Lamp 3  SRH  PCS BRASS AKP LAMP 3  SRH,9
Brass AKP Lamp 4  SRH  PCS,BRASS AKP LAMP 4  SRH,741810,Brass AKP Lamp 4  SRH  PCS BRASS AKP LAMP 4  SRH,9
Brass Frame Ganesh BNKI  K-P,BRASS FRAME GANESH BNKI,83062910,Brass Frame Ganesh BNKI  K-P BRASS FRAME GANESH BNKI,36
Brass Urli Katora  8  BNKI  K-P,BRASS URLI KATORA  8  BNKI,83062910,Brass Urli Katora  8  BNKI  K-P BRASS URLI KATORA  8  BNKI,36
Brass  Elephant Jaali Design   BNKI   K-P,BRASS  ELEPHANT JAALI DESIGN   BNKI,83062910,Brass  Elephant Jaali Design   BNKI   K-P BRASS  ELEPHANT JAALI DESIGN   BNKI,36
Brass Pitcher With Ast Lakmi  BNKI   K-P,BRASS PITCHER WITH AST LAKMI  BNKI,83062910,Brass Pitcher With Ast Lakmi  BNKI   K-P BRASS PITCHER WITH AST LAKMI  BNKI,36
Brass H.Double Toto Deepak With Bell   BNKI  K-P,BRASS H.DOUBLE TOTO DEEPAK WITH BELL   BNKI,83062910,Brass H.Double Toto Deepak With Bell   BNKI  K-P BRASS H.DOUBLE TOTO DEEPAK WITH BELL   BNKI,36
Brass Asta Laxmi 16 SHLP   PCS,BRASS ASTA LAXMI 16 SHLP,741910,Brass Asta Laxmi 16 SHLP   PCS BRASS ASTA LAXMI 16 SHLP,11
Brass Asta Laxmi 12  SHLP    PCS,BRASS ASTA LAXMI 12  SHLP,741910,Brass Asta Laxmi 12  SHLP    PCS BRASS ASTA LAXMI 12  SHLP,11
BRASS JOINT RADHA KRISHNA 800  BNKI    K-P,BRASS JOINT RADHA KRISHNA 800  BNKI,83062910,BRASS JOINT RADHA KRISHNA 800  BNKI    K-P BRASS JOINT RADHA KRISHNA 800  BNKI,36
BRASS KRISHNA 1.500 SF BNKI K-P,BRASS KRISHNA 1.500 SF BNKI,83062910,BRASS KRISHNA 1.500 SF BNKI K-P BRASS KRISHNA 1.500 SF BNKI,36
BRASS KRISHNA GOL BASE 3 SF BNKI K-P,BRASS KRISHNA GOL BASE 3 SF BNKI,83062910,BRASS KRISHNA GOL BASE 3 SF BNKI K-P BRASS KRISHNA GOL BASE 3 SF BNKI,36
BRASS RADHA 4.320 K-P,BRASS RADHA 4.320,83062910,BRASS RADHA 4.320 K-P BRASS RADHA 4.320,36
BRASS RADHA 11.00 BNKI K-P,BRASS RADHA 11.00 BNKI,83062910,BRASS RADHA 11.00 BNKI K-P BRASS RADHA 11.00 BNKI,36
BRASS RADHA BNKI K-P,BRASS RADHA BNKI,83062910,BRASS RADHA BNKI K-P BRASS RADHA BNKI,36
BRASS RADHA  KRISHNA   BNKI K-P,BRASS RADHA KRISHNA   BNKI,83062910,BRASS RADHA  KRISHNA   BNKI K-P BRASS RADHA KRISHNA   BNKI,36
BRASS COW KRISHNA 21.00 BNKI K-P,BRASS COW KRISHNA 21.00 BNKI,83062910,BRASS COW KRISHNA 21.00 BNKI K-P BRASS COW KRISHNA 21.00 BNKI,36
BRASS POOJA PLATE MEENA 6  SHLP  K-P,BRASS POOJA PLATE MEENA 6  SHLP,741999,BRASS POOJA PLATE MEENA 6  SHLP  K-P BRASS POOJA PLATE MEENA 6  SHLP,13
BRASS POOJA PLATE MEENA 8  SHLP  K-P,BRASS POOJA PLATE MEENA 8  SHLP,741999,BRASS POOJA PLATE MEENA 8  SHLP  K-P BRASS POOJA PLATE MEENA 8  SHLP,13
BRASS POOJA PLATE MEENA 10  SHLP  K-P,BRASS POOJA PLATE MEENA 10  SHLP,741999,BRASS POOJA PLATE MEENA 10  SHLP  K-P BRASS POOJA PLATE MEENA 10  SHLP,13
BRASS KINDI 00  SHLP  PCS,BRASS KINDI 00  SHLP,741999,BRASS KINDI 00  SHLP  PCS BRASS KINDI 00  SHLP,13
BRASS R B S SPL 14TO16  POP  KG,BRASS R B S SPL 14TO16  POP,741999,BRASS R B S SPL 14TO16  POP  KG BRASS R B S SPL 14TO16  POP,13
BRASS KANSA PLATE 11  POP  K-P,BRASS KANSA PLATE 11  POP,741999,BRASS KANSA PLATE 11  POP  K-P BRASS KANSA PLATE 11  POP,13
WOODEN CHAPPATI BOX  MENH  PCS,WOODEN CHAPPATI BOX  MENH,44190010,WOODEN CHAPPATI BOX  MENH  PCS WOODEN CHAPPATI BOX  MENH,20
BRASS NEW ASTA LAXMI KALASH L/W 400  GV  K-P,BRASS NEW ASTA LAXMI KALASH L/W 400  GV,83062910,BRASS NEW ASTA LAXMI KALASH L/W 400  GV  K-P BRASS NEW ASTA LAXMI KALASH L/W 400  GV,36
BRASS NEW ASTA LAXMI KALASH L/W 750  GV  K-P,BRASS NEW ASTA LAXMI KALASH L/W 750  GV,83062910,BRASS NEW ASTA LAXMI KALASH L/W 750  GV  K-P BRASS NEW ASTA LAXMI KALASH L/W 750  GV,36
BRASS K. DEEP UDUPPI SPL 4 SAI  K-P,BRASS K. DEEP UDUPPI SPL 4 SAI,741999,BRASS K. DEEP UDUPPI SPL 4 SAI  K-P BRASS K. DEEP UDUPPI SPL 4 SAI,13
BRASS PANCHA PATHRAM FANCY 2 SAI PCS,BRASS PANCHA PATHRAM FANCY 2,741999,BRASS PANCHA PATHRAM FANCY 2 SAI PCS BRASS PANCHA PATHRAM FANCY 2,13
BRASS PANCHA PATHRAM FANCY 3 SAI PCS,BRASS PANCHA PATHRAM FANCY 3,741999,BRASS PANCHA PATHRAM FANCY 3 SAI PCS BRASS PANCHA PATHRAM FANCY 3,13
BRASS MADURAI BELL PURE 1.5 TO 20 MUTH KG,BRASS MADURAI BELL PURE 1.5 TO 20,74181021,BRASS MADURAI BELL PURE 1.5 TO 20 MUTH KG BRASS MADURAI BELL PURE 1.5 TO 20,25
BRASS SPOON ARTHI OLD 2 SAI PCS,BRASS SPOON ARTHI OLD 2 SAI,741999,BRASS SPOON ARTHI OLD 2 SAI PCS BRASS SPOON ARTHI OLD 2 SAI,13
BRASS KAMAL PYALI SPL 1  SAI  PCS,BRASS KAMAL PYALI SPL 1  SAI,741999,BRASS KAMAL PYALI SPL 1  SAI  PCS BRASS KAMAL PYALI SPL 1  SAI,13
BRASS KAMAL PYALI SPL 2  SAI  PCS,BRASS KAMAL PYALI SPL 2  SAI,741999,BRASS KAMAL PYALI SPL 2  SAI  PCS BRASS KAMAL PYALI SPL 2  SAI,13
BRASS KAMAL PYALI SPL 3  SAI PCS,BRASS KAMAL PYALI SPL 3  SAI,741999,BRASS KAMAL PYALI SPL 3  SAI PCS BRASS KAMAL PYALI SPL 3  SAI,13
BRASS KAMAL PANDEEP 1  SAI PCS,BRASS KAMAL PANDEEP 1  SAI,741999,BRASS KAMAL PANDEEP 1  SAI PCS BRASS KAMAL PANDEEP 1  SAI,13
BRASS KAMAL PANDEEP 2  SAI PCS,BRASS KAMAL PANDEEP 2  SAI,741999,BRASS KAMAL PANDEEP 2  SAI PCS BRASS KAMAL PANDEEP 2  SAI,13
BRASS KAMAL PANDEEP 3 SAI PCS,BRASS KAMAL PANDEEP 3 SAI,741999,BRASS KAMAL PANDEEP 3 SAI PCS BRASS KAMAL PANDEEP 3 SAI,13
BRASS SPOON ARTHI OLD 0  SAI PCS,BRASS SPOON ARTHI OLD 0  SAI,741999,BRASS SPOON ARTHI OLD 0  SAI PCS BRASS SPOON ARTHI OLD 0  SAI,13
BRASS SPOON ARTHI OLD 1  SAI PCS,BRASS SPOON ARTHI OLD 1  SAI,741999,BRASS SPOON ARTHI OLD 1  SAI PCS BRASS SPOON ARTHI OLD 1  SAI,13
BRASS DIAMOND PYALI SPL 1 SAI PCS,BRASS DIAMOND PYALI SPL 1 SAI,741999,BRASS DIAMOND PYALI SPL 1 SAI PCS BRASS DIAMOND PYALI SPL 1 SAI,13
BRASS DIAMOND PYALI SPL 2 SAI PCS,BRASS DIAMOND PYALI SPL 2 SAI,741999,BRASS DIAMOND PYALI SPL 2 SAI PCS BRASS DIAMOND PYALI SPL 2 SAI,13
BRASS DIAMOND PYALI SPL 3 SAI PCS,BRASS DIAMOND PYALI SPL 3 SAI,741999,BRASS DIAMOND PYALI SPL 3 SAI PCS BRASS DIAMOND PYALI SPL 3 SAI,13
BRASS TEMPLE AGARDAN 1  SAI PCS,BRASS TEMPLE AGARDAN 1,741999,BRASS TEMPLE AGARDAN 1  SAI PCS BRASS TEMPLE AGARDAN 1,13
BRASS TEMPLE AGARDAN 2  SAI PCS,BRASS TEMPLE AGARDAN 2,741999,BRASS TEMPLE AGARDAN 2  SAI PCS BRASS TEMPLE AGARDAN 2,13
BRASS TEMPLE AGARDAN 3  SAI PCS,BRASS TEMPLE AGARDAN 3,741999,BRASS TEMPLE AGARDAN 3  SAI PCS BRASS TEMPLE AGARDAN 3,13
COPPER MONTHA L W 10  HARJEE BOX DPE PCS,COPPER MONTHA L W 10  HARJEE BOX DPE,741810,COPPER MONTHA L W 10  HARJEE BOX DPE PCS COPPER MONTHA L W 10  HARJEE BOX DPE,9
BRASS KOTTOR L W 8 VILAKKU DHIN PCS,BRASS KOTTOR L W 8 VILAKKU DHIN,741999,BRASS KOTTOR L W 8 VILAKKU DHIN PCS BRASS KOTTOR L W 8 VILAKKU DHIN,13
BRASS KOTTOR L W 10 VILAKKU DHIN PCS,BRASS KOTTOR L W 10 VILAKKU DHIN,741999,BRASS KOTTOR L W 10 VILAKKU DHIN PCS BRASS KOTTOR L W 10 VILAKKU DHIN,13
BRASS KOTTOR L W 12 VILAKKU DHIN PCS,BRASS KOTTOR L W 12 VILAKKU DHIN,741999,BRASS KOTTOR L W 12 VILAKKU DHIN PCS BRASS KOTTOR L W 12 VILAKKU DHIN,13
BRASS KOTTOR L W 14 VILAKKU DHIN PCS,BRASS KOTTOR L W 14 VILAKKU DHIN,741999,BRASS KOTTOR L W 14 VILAKKU DHIN PCS BRASS KOTTOR L W 14 VILAKKU DHIN,13
BRASS  S . POT SHEET 335/2 DHIN PCS,BRASS  S . POT SHEET 335/2 DHIN,741999,BRASS  S . POT SHEET 335/2 DHIN PCS BRASS  S . POT SHEET 335/2 DHIN,13
BRASS  S . POT SHEET 335/3 DHIN PCS,BRASS  S . POT SHEET 335/3 DHIN,741999,BRASS  S . POT SHEET 335/3 DHIN PCS BRASS  S . POT SHEET 335/3 DHIN,13
BRASS  S . BATASHA 339/1 DHIN PCS,BRASS  S . BATASHA 339/1 DHIN,741999,BRASS  S . BATASHA 339/1 DHIN PCS BRASS  S . BATASHA 339/1 DHIN,13
BRASS  S.POT BATASHA 339/2 DHIN PCS,BRASS  S.POT BATASHA 339/2 DHIN,741999,BRASS  S.POT BATASHA 339/2 DHIN PCS BRASS  S.POT BATASHA 339/2 DHIN,13
BRASS THALI SET LASER SSAI PCS,BRASS THALI SET LASER SSAI,74181010,BRASS THALI SET LASER SSAI PCS BRASS THALI SET LASER SSAI,24
BRASS THALI SET ITCHING SSAI PCS,BRASS THALI SET ITCHING SSAI,74181010,BRASS THALI SET ITCHING SSAI PCS BRASS THALI SET ITCHING SSAI,24
BRASS THALI SET HAMMERED SSAI PCS,BRASS THALI SET HAMMERED SSAI,74181010,BRASS THALI SET HAMMERED SSAI PCS BRASS THALI SET HAMMERED SSAI,24
BRASS MASALA BOX 7 SSAI K-P,BRASS MASALA BOX 7 SSAI,74181010,BRASS MASALA BOX 7 SSAI K-P BRASS MASALA BOX 7 SSAI,24
BRASS MASALA BOX 8 SSAI K-P,BRASS MASALA BOX 8 SSAI,74181010,BRASS MASALA BOX 8 SSAI K-P BRASS MASALA BOX 8 SSAI,24
BRASS MASALA BOX 9 SSAI K-P,BRASS MASALA BOX 9 SSAI,74181010,BRASS MASALA BOX 9 SSAI K-P BRASS MASALA BOX 9 SSAI,24
BRASS PATILI HANDI W/LID 1 SSAI K-P,BRASS PATILI HANDI W/LID 1 SSAI,74181010,BRASS PATILI HANDI W/LID 1 SSAI K-P BRASS PATILI HANDI W/LID 1 SSAI,24
BRASS PATILI HANDI W/LID 2 SSAI K-P,BRASS PATILI HANDI W/LID 2 SSAI,74181010,BRASS PATILI HANDI W/LID 2 SSAI K-P BRASS PATILI HANDI W/LID 2 SSAI,24
BRASS PATILI HANDI W/LID 3 SSAI K-P,BRASS PATILI HANDI W/LID 3 SSAI,74181010,BRASS PATILI HANDI W/LID 3 SSAI K-P BRASS PATILI HANDI W/LID 3 SSAI,24
BRASS PATILI HANDI W/LID 4 SSAI K-P,BRASS PATILI HANDI W/LID 4 SSAI,74181010,BRASS PATILI HANDI W/LID 4 SSAI K-P BRASS PATILI HANDI W/LID 4 SSAI,24
BRASS KADAI 1 SSAI K-P,BRASS KADAI 1 SSAI,74181010,BRASS KADAI 1 SSAI K-P BRASS KADAI 1 SSAI,24
BRASS KADAI 2 SSAI K-P,BRASS KADAI 2 SSAI,74181010,BRASS KADAI 2 SSAI K-P BRASS KADAI 2 SSAI,24
BRASS KADAI 3 SSAI K-P,BRASS KADAI 3 SSAI,74181010,BRASS KADAI 3 SSAI K-P BRASS KADAI 3 SSAI,24
BRASS KADAI 4 SSAI K-P,BRASS KADAI 4 SSAI,74181010,BRASS KADAI 4 SSAI K-P BRASS KADAI 4 SSAI,24
BRASS GHEE POT 250 SSAI K-P,BRASS GHEE POT 250 SSAI,74181010,BRASS GHEE POT 250 SSAI K-P BRASS GHEE POT 250 SSAI,24
BRASS SAUCEPAN 1 SMALL SSAI K-P,BRASS SAUCEPAN 1 SMALL SSAI,74181010,BRASS SAUCEPAN 1 SMALL SSAI K-P BRASS SAUCEPAN 1 SMALL SSAI,24
BRASS SAUCEPAN 2 MEDIUM SSAI K-P,BRASS SAUCEPAN 2 MEDIUM SSAI,74181010,BRASS SAUCEPAN 2 MEDIUM SSAI K-P BRASS SAUCEPAN 2 MEDIUM SSAI,24
BRASS SAUCEPAN 3 BIG SSAI K-P,BRASS SAUCEPAN 3 BIG SSAI,74181010,BRASS SAUCEPAN 3 BIG SSAI K-P BRASS SAUCEPAN 3 BIG SSAI,24
BRASS ROTI TAWA SSAI K-P,BRASS ROTI TAWA SSAI,74181010,BRASS ROTI TAWA SSAI K-P BRASS ROTI TAWA SSAI,24
BRASS DOSA TAWA SSAI K-P,BRASS DOSA TAWA SSAI,74181010,BRASS DOSA TAWA SSAI K-P BRASS DOSA TAWA SSAI,24
BRASS PUNJABI HANDI SMALL SSAI K-P,BRASS PUNJABI HANDI SMALL SSAI,74181010,BRASS PUNJABI HANDI SMALL SSAI K-P BRASS PUNJABI HANDI SMALL SSAI,24
BRASS PUNJABI HANDI BIG SSAI K-P,BRASS PUNJABI HANDI BIG SSAI,74181010,BRASS PUNJABI HANDI BIG SSAI K-P BRASS PUNJABI HANDI BIG SSAI,24
BRASS ITCHING HANDI 1 SSAI K-P,BRASS ITCHING HANDI 1 SSAI,74181010,BRASS ITCHING HANDI 1 SSAI K-P BRASS ITCHING HANDI 1 SSAI,24
BRASS ITCHING HANDI 2 SSAI K-P,BRASS ITCHING HANDI 2 SSAI,74181010,BRASS ITCHING HANDI 2 SSAI K-P BRASS ITCHING HANDI 2 SSAI,24
BRASS ITCHING HANDI 3 SSAI K-P,BRASS ITCHING HANDI 3 SSAI,74181010,BRASS ITCHING HANDI 3 SSAI K-P BRASS ITCHING HANDI 3 SSAI,24
BRASS KATORIE-4 DHIN K-P,BRASS KATORIE-4 DHIN,741810,BRASS KATORIE-4 DHIN K-P BRASS KATORIE-4 DHIN,9
BRASS KATORIE -5 DHIN K-P,BRASS KATORIE -5 DHIN,741810,BRASS KATORIE -5 DHIN K-P BRASS KATORIE -5 DHIN,9
BRASS KINDI 1 SHLP PCS,BRASS KINDI 1  SHLP,741810,BRASS KINDI 1 SHLP PCS BRASS KINDI 1  SHLP,9
WHITE NATRAJ JALI AHRM  MHDH  PCS,WHITE NATRAJ JALI AHRM  MHDH  PCS,830621,WHITE NATRAJ JALI AHRM  MHDH  PCS WHITE NATRAJ JALI AHRM  MHDH  PCS,16
WHITE GANESH CHOKI NEW NSRM MHDH PCS,WHITE GANESH CHOKI NEW NSRM MHDH,76169990,WHITE GANESH CHOKI NEW NSRM MHDH PCS WHITE GANESH CHOKI NEW NSRM MHDH,30
WHITE GANESH SOLID SAFA NGRM MHDH PCS,WHITE GANESH SOLID SAFA NGRM MHDH,76169990,WHITE GANESH SOLID SAFA NGRM MHDH PCS WHITE GANESH SOLID SAFA NGRM MHDH,30
WHITE GANESH CHOKI GERM MHDH PCS,WHITE GANESH CHOKI GERM MHDH PCS,76169990,WHITE GANESH CHOKI GERM MHDH PCS WHITE GANESH CHOKI GERM MHDH PCS,30
WHITE GANESH GOL CHAKRA HNR MHDH PCS,WHITE GANESH GOL CHAKRA HNR,76169990,WHITE GANESH GOL CHAKRA HNR MHDH PCS WHITE GANESH GOL CHAKRA HNR,30
WHITE GANESH KAAN EHRM MHDH PCS,WHITE GANESH KAAN EHRM MHDH,830621,WHITE GANESH KAAN EHRM MHDH PCS WHITE GANESH KAAN EHRM MHDH,16
WHITE RK SOLID SMALL GVN MHDH PCS,WHITE RK SOLID SMALL GVN MHDH,830621,WHITE RK SOLID SMALL GVN MHDH PCS WHITE RK SOLID SMALL GVN MHDH,16
WHITE GANESH SOLID CHOKI ESNM MHDH PCS,WHITE GANESH SOLID CHOKI ESNM MHDH,76169990,WHITE GANESH SOLID CHOKI ESNM MHDH PCS WHITE GANESH SOLID CHOKI ESNM MHDH,30
WHITE GANESH SOFA EVRM MHDH PCS,WHITE GANESH SOFA EVRM MHDH,830621,WHITE GANESH SOFA EVRM MHDH PCS WHITE GANESH SOFA EVRM MHDH,16
WHITE GANESH SOFA WARM MHDH PCS,WHITE GANESH SOFA WARM MHDH,830621,WHITE GANESH SOFA WARM MHDH PCS WHITE GANESH SOFA WARM MHDH,16
WHITE SRI KRISHNA 5 HGN MHDH PCS,WHITE SRI KRISHNA 5 HGN MHDH,76169990,WHITE SRI KRISHNA 5 HGN MHDH PCS WHITE SRI KRISHNA 5 HGN MHDH,30
WHITE KRISHNA ROUND GHR MHDH PCS,WHITE KRISHNA ROUND GHR MHDH,76169990,WHITE KRISHNA ROUND GHR MHDH PCS WHITE KRISHNA ROUND GHR MHDH,30
WHITE KRISHNA SOLID CHAKRA GARM MHDH PCS,WHITE KRISHNA SOLID CHAKRA GARM MHDH,76169990,WHITE KRISHNA SOLID CHAKRA GARM MHDH PCS WHITE KRISHNA SOLID CHAKRA GARM MHDH,30
IRON SQUARE TRAY 10 SH1007  SHAHS,IRON SQUARE TRAY 10 SH1007  SHAHS,73269099,IRON SQUARE TRAY 10 SH1007  SHAHS IRON SQUARE TRAY 10 SH1007  SHAHS,23
IRON ROUND TRAY 10 SH1008  SHAHS,IRON ROUND TRAY 10 SH1008  SHAHS,73269099,IRON ROUND TRAY 10 SH1008  SHAHS IRON ROUND TRAY 10 SH1008  SHAHS,23
IRON JAR COPPER FINISH SH1011  SHAHS,IRON JAR COPPER FINISH SH1011  SHAHS,73269099,IRON JAR COPPER FINISH SH1011  SHAHS IRON JAR COPPER FINISH SH1011  SHAHS,23
IRON ROUND WIRE MESH BASKET SH1012  SHAHS,IRON ROUND WIRE MESH BASKET SH1012  SHAHS,73269099,IRON ROUND WIRE MESH BASKET SH1012  SHAHS IRON ROUND WIRE MESH BASKET SH1012  SHAHS,23
IRON PICHWAI JAR SH1009  SHAHS  PCS,IRON PICHWAI JAR SH1009  SHAHS,73269099,IRON PICHWAI JAR SH1009  SHAHS  PCS IRON PICHWAI JAR SH1009  SHAHS,23
ALU PEACOCK BIG SH1001  SHAHS  PCS,ALU PEACOCK BIG SH1001  SHAHS,73269099,ALU PEACOCK BIG SH1001  SHAHS  PCS ALU PEACOCK BIG SH1001  SHAHS,23
ALU PEACOCK SMALL SH1002  SHAHS,ALU PEACOCK SMALL SH1002  SHAHS,73269099,ALU PEACOCK SMALL SH1002  SHAHS ALU PEACOCK SMALL SH1002  SHAHS,23
ALU PEANUT MUNG FALI SH1003  SHAHS  PCS,ALU PEANUT MUNG FALI SH1003  SHAHS,73269099,ALU PEANUT MUNG FALI SH1003  SHAHS  PCS ALU PEANUT MUNG FALI SH1003  SHAHS,23
ALU ALMOND BADAM SH1004  SHAHS  PCS,ALU ALMOND BADAM SH1004  SHAHS,73269099,ALU ALMOND BADAM SH1004  SHAHS  PCS ALU ALMOND BADAM SH1004  SHAHS,23
ALU PINEAPPLE SH1005  SHAHS  PCS,ALU PINEAPPLE SH1005  SHAHS,73269099,ALU PINEAPPLE SH1005  SHAHS  PCS ALU PINEAPPLE SH1005  SHAHS,23
ALU ELEPHANT BOWL SH1006  SHAHS  PCS,ALU ELEPHANT BOWL SH1006  SHAHS,73269099,ALU ELEPHANT BOWL SH1006  SHAHS  PCS ALU ELEPHANT BOWL SH1006  SHAHS,23
W.PATLA SILVER 10*15 SBNH PCS,W.PATLA SILVER 10*15 SBNH .,442090,W.PATLA SILVER 10*15 SBNH PCS W.PATLA SILVER 10*15 SBNH .,2
W.PATLA SILVER 15*21 SBNH PCS,W.PATLA SILVER 15*21 SBNH .,442090,W.PATLA SILVER 15*21 SBNH PCS W.PATLA SILVER 15*21 SBNH .,2
W.PATLA GOLD 10*15 SBNH . PCS,W.PATLA GOLD 10*15 SBNH .,442090,W.PATLA GOLD 10*15 SBNH . PCS W.PATLA GOLD 10*15 SBNH .,2
W.PATLA GOLD 15*21 SBNH PCS,W.PATLA GOLD 15*21 SBNH .,442090,W.PATLA GOLD 15*21 SBNH PCS W.PATLA GOLD 15*21 SBNH .,2
W . JEWEL BOX OM 6 *4 MENH PCS,W . JEWEL BOX OM 6 *4 MENH,44190010,W . JEWEL BOX OM 6 *4 MENH PCS W . JEWEL BOX OM 6 *4 MENH,20
W . JEWEL BOX OM 7*5 MENH PCS,W . JEWEL BOX OM 7*5 MENH,44190010,W . JEWEL BOX OM 7*5 MENH PCS W . JEWEL BOX OM 7*5 MENH,20
W . JEWEL BOX OM 8*5 MENH PCS,W . JEWEL BOX OM 8*5 MENH,44190010,W . JEWEL BOX OM 8*5 MENH PCS W . JEWEL BOX OM 8*5 MENH,20
W . JEWEL BOX OM SWASTHIK 10*6 MENH PCS,W . JEWEL BOX OM SWASTHIK 10*6 MENH,44190010,W . JEWEL BOX OM SWASTHIK 10*6 MENH PCS W . JEWEL BOX OM SWASTHIK 10*6 MENH,20
W . KEY HANGER WHEEL SMALL MENH PCS,W . KEY HANGER WHEEL SMALL MENH,44190010,W . KEY HANGER WHEEL SMALL MENH PCS W . KEY HANGER WHEEL SMALL MENH,20
W . KEY HANGER WHEEL MEDIUM MENH PCS,W . KEY HANGER WHEEL MEDIUM MENH,44190010,W . KEY HANGER WHEEL MEDIUM MENH PCS W . KEY HANGER WHEEL MEDIUM MENH,20
W . KEY HANGER WHEEL BIG MENH PCS,W . KEY HANGER WHEEL BIG MENH,44190010,W . KEY HANGER WHEEL BIG MENH PCS W . KEY HANGER WHEEL BIG MENH,20
W . KEY HANGER  QUITAR SMALL MENH PCS,W . KEY HANGER  QUITAR SMALL MENH,44190010,W . KEY HANGER  QUITAR SMALL MENH PCS W . KEY HANGER  QUITAR SMALL MENH,20
W . KEY HANGER  QUITAR MEDIUM MENH PCS,W . KEY HANGER  QUITAR MEDIUM MENH,44190010,W . KEY HANGER  QUITAR MEDIUM MENH PCS W . KEY HANGER  QUITAR MEDIUM MENH,20
W . KEY HANGER  QUITAR BIG MENH PCS,W . KEY HANGER  QUITAR BIG MENH,44190010,W . KEY HANGER  QUITAR BIG MENH PCS W . KEY HANGER  QUITAR BIG MENH,20
W . KEY HANGER  KEY SMALL MENH PCS,W . KEY HANGER  KEY SMALL MENH,44190010,W . KEY HANGER  KEY SMALL MENH PCS W . KEY HANGER  KEY SMALL MENH,20
W . KEY HANGER  KEY MEDIUM  MENH PCS,W . KEY HANGER  KEY MEDIUM  MENH,44190010,W . KEY HANGER  KEY MEDIUM  MENH PCS W . KEY HANGER  KEY MEDIUM  MENH,20
W . KEY HANGER  KEY BIG  MENH PCS,W . KEY HANGER  KEY BIG  MENH,44190010,W . KEY HANGER  KEY BIG  MENH PCS W . KEY HANGER  KEY BIG  MENH,20
W . KEY HANGER  FISH SMALL MENH PCS,W . KEY HANGER  FISH SMALL MENH,44190010,W . KEY HANGER  FISH SMALL MENH PCS W . KEY HANGER  FISH SMALL MENH,20
W . KEY HANGER  FISH MEDIUM MENH PCS,W . KEY HANGER  FISH MEDIUM MENH,44190010,W . KEY HANGER  FISH MEDIUM MENH PCS W . KEY HANGER  FISH MEDIUM MENH,20
W . KEY HANGER  FISH BIG MENH PCS,W . KEY HANGER  FISH BIG MENH PCS,44190010,W . KEY HANGER  FISH BIG MENH PCS W . KEY HANGER  FISH BIG MENH PCS,20
W . KEY HANGER  PEACOCK BIG MENH PCS,W . KEY HANGER  PEACOCK BIG MENH,44190010,W . KEY HANGER  PEACOCK BIG MENH PCS W . KEY HANGER  PEACOCK BIG MENH,20
W . KEY HANGER  PEACOCK MEDIUM MENH PCS,W . KEY HANGER  PEACOCK MEDIUM MENH,44190010,W . KEY HANGER  PEACOCK MEDIUM MENH PCS W . KEY HANGER  PEACOCK MEDIUM MENH,20
W . KEY HANGER  PEACOCK SMALL MENH PCS,W . KEY HANGER  PEACOCK SMALL MENH,44190010,W . KEY HANGER  PEACOCK SMALL MENH PCS W . KEY HANGER  PEACOCK SMALL MENH,20
W . KEY HANGER  HORSE SMALL MENH PCS,W . KEY HANGER  HORSE SMALL MENH,44190010,W . KEY HANGER  HORSE SMALL MENH PCS W . KEY HANGER  HORSE SMALL MENH,20
W . KEY HANGER  HORSE MEDIUM MENH PCS,W . KEY HANGER  HORSE MEDIUM MENH,44190010,W . KEY HANGER  HORSE MEDIUM MENH PCS W . KEY HANGER  HORSE MEDIUM MENH,20
W . KEY HANGER  HORSE BIG MENH PCS,W . KEY HANGER  HORSE BIG MENH,44190010,W . KEY HANGER  HORSE BIG MENH PCS W . KEY HANGER  HORSE BIG MENH,20
W . KEY HANGER  LOCK BIG MENH PCS,W . KEY HANGER  LOCK BIG MENH,44190010,W . KEY HANGER  LOCK BIG MENH PCS W . KEY HANGER  LOCK BIG MENH,20
W . KEY HANGER  LOCK MEDIUM MENH PCS,W . KEY HANGER  LOCK MEDIUM MENH,44190010,W . KEY HANGER  LOCK MEDIUM MENH PCS W . KEY HANGER  LOCK MEDIUM MENH,20
W . KEY HANGER  LOCK SMALL MENH PCS,W . KEY HANGER  LOCK SMALL MENH,44190010,W . KEY HANGER  LOCK SMALL MENH PCS W . KEY HANGER  LOCK SMALL MENH,20
W.KEY HANGER KAJOR 2 TREE MENH PCS,W.KEY HANGER KAJOR 2 TREE MENH,44190010,W.KEY HANGER KAJOR 2 TREE MENH PCS W.KEY HANGER KAJOR 2 TREE MENH,20
W.KEY HANGER KAJOR 3 TREE MENH PCS,W.KEY HANGER KAJOR 3 TREE MENH,44190010,W.KEY HANGER KAJOR 3 TREE MENH PCS W.KEY HANGER KAJOR 3 TREE MENH,20
W . KEY HANGER LOCK + KEY SMALL MENH PCS,W . KEY HANGER LOCK + KEY SMALL MENH,44190010,W . KEY HANGER LOCK + KEY SMALL MENH PCS W . KEY HANGER LOCK + KEY SMALL MENH,20
W . KEY HANGER LOCK + KEY MEDIUM MENH PCS,W . KEY HANGER LOCK + KEY MEDIUM MENH,44190010,W . KEY HANGER LOCK + KEY MEDIUM MENH PCS W . KEY HANGER LOCK + KEY MEDIUM MENH,20
W . KEY HANGER LOCK + KEY BIG MENH PCS,W . KEY HANGER LOCK + KEY BIG MENH,44190010,W . KEY HANGER LOCK + KEY BIG MENH PCS W . KEY HANGER LOCK + KEY BIG MENH,20
BRASS VASTHU VILAKKU  KGB  KG,BRASS VASTHU VILAKKU  KGB,74181010,BRASS VASTHU VILAKKU  KGB  KG BRASS VASTHU VILAKKU  KGB,24
WOODEN PARA NAZHI EDANGAZHI SET MENH PCS,WOODEN PARA NAZHI EDANGAZHI SET MENH,44190010,WOODEN PARA NAZHI EDANGAZHI SET MENH PCS WOODEN PARA NAZHI EDANGAZHI SET MENH,20
BRASS SEV SANCHA 10 600 CHAND PCS,BRASS SEV SANCHA 10 600 CHAND,741810,BRASS SEV SANCHA 10 600 CHAND PCS BRASS SEV SANCHA 10 600 CHAND,9
BRASS SEV SANCHA NUR 11 700 CHAND PCS,BRASS SEV SANCHA NUR 11 700 CHAND,741810,BRASS SEV SANCHA NUR 11 700 CHAND PCS BRASS SEV SANCHA NUR 11 700 CHAND,9
BRASS GANESH PALNA  BNKI K-P,BRASS GANESH PALNA  BNKI,83062910,BRASS GANESH PALNA  BNKI K-P BRASS GANESH PALNA  BNKI,36
BRASS COW CALF L+G O  BASE VIGRAHAM BNKI K-P,BRASS COW CALF L+G O  BASE VIGRAHAM BNKI,83062910,BRASS COW CALF L+G O  BASE VIGRAHAM BNKI K-P BRASS COW CALF L+G O  BASE VIGRAHAM BNKI,36
BRASS COW CALF L+G SQUARE BASE BNKI K-P,BRASS COW CALF L+G SQUARE BASE BNKI,83062910,BRASS COW CALF L+G SQUARE BASE BNKI K-P BRASS COW CALF L+G SQUARE BASE BNKI,36
BRASS COW CALF L+G BNKI K-P,BRASS COW CALF L+G BNKI,83062910,BRASS COW CALF L+G BNKI K-P BRASS COW CALF L+G BNKI,36
BRASS COW CALF L+G SQ BNKI K-P,BRASS COW CALF L+G SQ BNKI,83062910,BRASS COW CALF L+G SQ BNKI K-P BRASS COW CALF L+G SQ BNKI,36
BRASS HANGING KALASH PLATE WITH AST BNKI KP,BRASS HANGING KALASH PLATE WITH AST BNKI,83062910,BRASS HANGING KALASH PLATE WITH AST BNKI KP BRASS HANGING KALASH PLATE WITH AST BNKI,36
BR  STANDING  S  MALESIAN MURUGAN W/ PEACOCK BNKI KP,BR  STANDING  S  MALESIAN MURUGAN W/ PEACOCK BNKI,83062910,BR  STANDING  S  MALESIAN MURUGAN W/ PEACOCK BNKI KP BR  STANDING  S  MALESIAN MURUGAN W/ PEACOCK BNKI,36
BRASS STANDING HORSE DESIGN BNKI KP,BRASS STANDING HORSE DESIGN BNKI,83062910,BRASS STANDING HORSE DESIGN BNKI KP BRASS STANDING HORSE DESIGN BNKI,36
BRASS  STANDING KAMAL VISHNU BNKI KP,BRASS  STANDING KAMAL VISHNU BNKI,83062910,BRASS  STANDING KAMAL VISHNU BNKI KP BRASS  STANDING KAMAL VISHNU BNKI,36
BRASS  F  KAMAL HANGING ASTLAXMI SET  BNKI KP,BRASS  F  KAMAL HANGING ASTLAXMI SET  BNKI,83062910,BRASS  F  KAMAL HANGING ASTLAXMI SET  BNKI KP BRASS  F  KAMAL HANGING ASTLAXMI SET  BNKI,36
BRASS VISHNU SHANK BNKI KP,BRASS VISHNU SHANK BNKI,83062910,BRASS VISHNU SHANK BNKI KP BRASS VISHNU SHANK BNKI,36
BR STANDING B MALESIAN MURUGAN W/ PEACOCK BNKI KP,BR STANDING B  MALESIAN MURUGAN W/ PEACOCK BNKI,83062910,BR STANDING B MALESIAN MURUGAN W/ PEACOCK BNKI KP BR STANDING B  MALESIAN MURUGAN W/ PEACOCK BNKI,36
BRASS LOTUS DESIGN DEEPAK BNKI KP,BRASS LOTUS DESIGN DEEPAK BNKI KP,83062910,BRASS LOTUS DESIGN DEEPAK BNKI KP BRASS LOTUS DESIGN DEEPAK BNKI KP,36
BRASS V LOTTA 0 SAI PCS,BRASS V LOTTA 0 SAI,741999,BRASS V LOTTA 0 SAI PCS BRASS V LOTTA 0 SAI,13
BRASS V LOTTA  2 SAI PCS,BRASS V LOTTA  2 SAI,741999,BRASS V LOTTA  2 SAI PCS BRASS V LOTTA  2 SAI,13
BRASS SINDOOR POT SPL SAI PCS,BRASS SINDOOR POT SPL SAI,741999,BRASS SINDOOR POT SPL SAI PCS BRASS SINDOOR POT SPL SAI,13
BRASS MASALA DAAN 5 SMALL SPICE BOX SAI PCS,BRASS MASALA DAAN 5 SMALL SPICE BOX SAI,741999,BRASS MASALA DAAN 5 SMALL SPICE BOX SAI PCS BRASS MASALA DAAN 5 SMALL SPICE BOX SAI,13
BRASS APPAKKARA 9 SAI  KP,BRASS APPAKKARA 9 SAI,741810,BRASS APPAKKARA 9 SAI  KP BRASS APPAKKARA 9 SAI,9
BRASS APPAKKARA  5 SAI PCS,BRASS APPAKKARA  5 SAI,741810,BRASS APPAKKARA  5 SAI PCS BRASS APPAKKARA  5 SAI,9
P VILAKKU 18  L PCS,P VILAKKU 18  L,76169990,P VILAKKU 18  L PCS P VILAKKU 18  L,30
BRASS KRISHNA PLATE W FRAME GV PCS,BRASS KRISHNA PLATE W FRAME GV,83062910,BRASS KRISHNA PLATE W FRAME GV PCS BRASS KRISHNA PLATE W FRAME GV,36
BRASS PARROT LEG HANGING W. FRAME  GV PCS,BRASS PARROT LEG HANGING W. FRAME  GV,83062910,BRASS PARROT LEG HANGING W. FRAME  GV PCS BRASS PARROT LEG HANGING W. FRAME  GV,36
BRASS S FINE GANESH PLATE 7  W FRAME GV PCS,BRASS S FINE GANESH PLATE 7  W FRAME GV,83062910,BRASS S FINE GANESH PLATE 7  W FRAME GV PCS BRASS S FINE GANESH PLATE 7  W FRAME GV,36
BRASS OM GANESH PLATE 8 W. FRAME GV PCS,BRASS OM GANESH PLATE 8 W. FRAME GV,83062910,BRASS OM GANESH PLATE 8 W. FRAME GV PCS BRASS OM GANESH PLATE 8 W. FRAME GV,36
BRASS PEACOCK BRACKET 6.5  B GV  K-P,BRASS PEACOCK BRACKET 6.5 B  GV,83062910,BRASS PEACOCK BRACKET 6.5  B GV  K-P BRASS PEACOCK BRACKET 6.5 B  GV,36
BRASS R  BASE SITTING AYYAPPA  BNKI  K-P,BRASS R  BASE SITTING AYYAPPA  BNKI,83062910,BRASS R  BASE SITTING AYYAPPA  BNKI  K-P BRASS R  BASE SITTING AYYAPPA  BNKI,36
BRASS LEAF GANESH PLATE BNKI K-P,BRASS LEAF GANESH PLATE BNKI,83062910,BRASS LEAF GANESH PLATE BNKI K-P BRASS LEAF GANESH PLATE BNKI,36
BRASS OM SWASTHIK HANGING GANESH BNKI K-P,BRASS OM SWASTHIK HANGING GANESH BNKI,83062910,BRASS OM SWASTHIK HANGING GANESH BNKI K-P BRASS OM SWASTHIK HANGING GANESH BNKI,36
BRASS DHALL-6 AMR .,BRASS DHALL-6 AMR .,741999,BRASS DHALL-6 AMR . BRASS DHALL-6 AMR .,13
BRASS CANDLE STAND PLAIN FANCY NO 1 AMRM K-P,BRASS CANDLE STAND PLAIN FANCY NO 1 AMRM,741999,BRASS CANDLE STAND PLAIN FANCY NO 1 AMRM K-P BRASS CANDLE STAND PLAIN FANCY NO 1 AMRM,13
BRASS CANDLE STAND PLAIN FANCY NO 2 AMRM K-P,BRASS CANDLE STAND PLAIN FANCY NO 2 AMRM,741999,BRASS CANDLE STAND PLAIN FANCY NO 2 AMRM K-P BRASS CANDLE STAND PLAIN FANCY NO 2 AMRM,13
BRASS  KAMAL LAXMI LW RADHM 20 K-P,BRASS  KAMAL LAXMI LW RADHM 20,83062910,BRASS  KAMAL LAXMI LW RADHM 20 K-P BRASS  KAMAL LAXMI LW RADHM 20,36
BRASS ANNAPOORANI L/W 50 RADHM K-P,BRASS ANNAPOORANI L/W 50 RADHM,83062910,BRASS ANNAPOORANI L/W 50 RADHM K-P BRASS ANNAPOORANI L/W 50 RADHM,36
BRASS PADMANABHA SWAMY SFF 850 RADHM K-P,BRASS PADMANABHA SWAMY SFF 850 RADHM,83062910,BRASS PADMANABHA SWAMY SFF 850 RADHM K-P BRASS PADMANABHA SWAMY SFF 850 RADHM,36
BRASS MUKKALI STAND 3 SHLP K-P,BRASS MUKKALI STAND 3 SHLP,741999,BRASS MUKKALI STAND 3 SHLP K-P BRASS MUKKALI STAND 3 SHLP,13
BRASS MUKKALI STAND 4  SHLP K-P,BRASS MUKKALI STAND 4  SHLP,741999,BRASS MUKKALI STAND 4  SHLP K-P BRASS MUKKALI STAND 4  SHLP,13
BRASS MUKKALI STAND 5  SHLP K-P,BRASS MUKKALI STAND 5  SHLP,741999,BRASS MUKKALI STAND 5  SHLP K-P BRASS MUKKALI STAND 5  SHLP,13
BRASS MUKKALI STAND 6  SHLP K-P,BRASS MUKKALI STAND 6  SHLP,741999,BRASS MUKKALI STAND 6  SHLP K-P BRASS MUKKALI STAND 6  SHLP,13
BRASS PARAGI CHEMBU 3  SHLP  PCS,BRASS PARAGI CHEMBU 3  SHLP,741999,BRASS PARAGI CHEMBU 3  SHLP  PCS BRASS PARAGI CHEMBU 3  SHLP,13
BRASS MURUGAN 29 BNKI K-P,BRASS MURUGAN 29 BNKI,741999,BRASS MURUGAN 29 BNKI K-P BRASS MURUGAN 29 BNKI,13
BRASS SNAKE KPS KG,BRASS SNAKE KPS,74198030,BRASS SNAKE KPS KG BRASS SNAKE KPS,28
BRASS  ARAMANI 1.5 X 6 STEPS KPS PCS,BRASS  ARAMANI 1.5 X 6 STEPS KPS,74198030,BRASS  ARAMANI 1.5 X 6 STEPS KPS PCS BRASS  ARAMANI 1.5 X 6 STEPS KPS,28
BRASS  ARAMANI 1.5 X 8 STEPS KPS PCS,BRASS  ARAMANI 1.5 X 8 STEPS KPS,74198030,BRASS  ARAMANI 1.5 X 8 STEPS KPS PCS BRASS  ARAMANI 1.5 X 8 STEPS KPS,28
BRASS  ARAMANI 1.5 X 9 STEPS KPS PCS,BRASS  ARAMANI 1.5 X 9 STEPS KPS,74198030,BRASS  ARAMANI 1.5 X 9 STEPS KPS PCS BRASS  ARAMANI 1.5 X 9 STEPS KPS,28
BRASS KATORIE -0 DHIN K-P,BRASS KATORIE -0 DHIN,741810,BRASS KATORIE -0 DHIN K-P BRASS KATORIE -0 DHIN,9
BRASS KATORIE -1 DHIN K-P,BRASS KATORIE -1 DHIN,741810,BRASS KATORIE -1 DHIN K-P BRASS KATORIE -1 DHIN,9
BRASS KATORIE -2 DHIN K-P,BRASS KATORIE -2 DHIN,741810,BRASS KATORIE -2 DHIN K-P BRASS KATORIE -2 DHIN,9
BRASS KATORIE -3 DHIN K-P,BRASS KATORIE -3 DHIN,741810,BRASS KATORIE -3 DHIN K-P BRASS KATORIE -3 DHIN,9
BRASS URLI ASTA LAXMI KATORA  8  BNKI K-P,BRASS URLI ASTA LAXMI KATORA  8  BNKI,741810,BRASS URLI ASTA LAXMI KATORA  8  BNKI K-P BRASS URLI ASTA LAXMI KATORA  8  BNKI,9
BRASS URLI ASTA LAXMI KATORA  10  BNKI K-P,BRASS URLI ASTA LAXMI KATORA  10  BNKI,741810,BRASS URLI ASTA LAXMI KATORA  10  BNKI K-P BRASS URLI ASTA LAXMI KATORA  10  BNKI,9
BRASS URLI ASTA LAXMI KATORA  12  BNKI K-P,BRASS URLI ASTA LAXMI KATORA  12  BNKI,741810,BRASS URLI ASTA LAXMI KATORA  12  BNKI K-P BRASS URLI ASTA LAXMI KATORA  12  BNKI,9
BRASS ETCHING APPLE KHUMCHA PLATE 11.5 POP K-P,BRASS ETCHING APPLE KHUMCHA PLATE 11.5 POP,74198030,BRASS ETCHING APPLE KHUMCHA PLATE 11.5 POP K-P BRASS ETCHING APPLE KHUMCHA PLATE 11.5 POP,28
BRASS ETCHING APPLE KHUMCHA PLATE 12.5 POP K-P,BRASS ETCHING APPLE KHUMCHA PLATE 12.5 POP,74198030,BRASS ETCHING APPLE KHUMCHA PLATE 12.5 POP K-P BRASS ETCHING APPLE KHUMCHA PLATE 12.5 POP,28
BRASS ECHING PAN THALL PLATE 12 POP K-P,BRASS ECHING PAN THALL PLATE 12 POP K-P,74198030,BRASS ECHING PAN THALL PLATE 12 POP K-P BRASS ECHING PAN THALL PLATE 12 POP K-P,28
BRASS ECHING PAN THALL PLATE 14 POP K-P,BRASS ECHING PAN THALL PLATE 14 POP,74198030,BRASS ECHING PAN THALL PLATE 14 POP K-P BRASS ECHING PAN THALL PLATE 14 POP,28
BRASS  OVAL TRAY 14 POP K-P,BRASS  OVAL TRAY 14 POP,74198030,BRASS  OVAL TRAY 14 POP K-P BRASS  OVAL TRAY 14 POP,28
BRASS RECTANGLE TAY 11 POP K-P,BRASS RECTANGLE TAY 11 POP,74198030,BRASS RECTANGLE TAY 11 POP K-P BRASS RECTANGLE TAY 11 POP,28
BRASS RECTANGLE TAY 12 POP K-P,BRASS RECTANGLE TAY 12 POP,74198030,BRASS RECTANGLE TAY 12 POP K-P BRASS RECTANGLE TAY 12 POP,28
BRASS RECTANGLE TAY 13 POP K-P,BRASS RECTANGLE TAY 13 POP,74198030,BRASS RECTANGLE TAY 13 POP K-P BRASS RECTANGLE TAY 13 POP,28
BRASS RECTANGLE TAY 14 POP K-P,BRASS RECTANGLE TAY 14 POP,74198030,BRASS RECTANGLE TAY 14 POP K-P BRASS RECTANGLE TAY 14 POP,28
BRASS ETCHING PLATE 5 POP K-P,BRASS ETCHING PLATE 5 POP,74198030,BRASS ETCHING PLATE 5 POP K-P BRASS ETCHING PLATE 5 POP,28
BRASS ETCHING PLATE 6 POP K-P,BRASS ETCHING PLATE 6 POP,74198030,BRASS ETCHING PLATE 6 POP K-P BRASS ETCHING PLATE 6 POP,28
BRASS ETCHING PLATE 7 POP K-P,BRASS ETCHING PLATE 7 POP,74198030,BRASS ETCHING PLATE 7 POP K-P BRASS ETCHING PLATE 7 POP,28
BRASS ETCHING PLATE 8 POP K-P,BRASS ETCHING PLATE 8 POP,74198030,BRASS ETCHING PLATE 8 POP K-P BRASS ETCHING PLATE 8 POP,28
BRASS ETCHING PLATE 9 POP  K-P,BRASS ETCHING PLATE 9 POP,74198030,BRASS ETCHING PLATE 9 POP  K-P BRASS ETCHING PLATE 9 POP,28
COPPER CHEMBU-10 LVP K-P,COPPER CHEMBU-10 LVP K-P,741810,COPPER CHEMBU-10 LVP K-P COPPER CHEMBU-10 LVP K-P,9
BRASS ETCHING PLATE 10 POP K-P,BRASS ETCHING PLATE 10 POP,74198030,BRASS ETCHING PLATE 10 POP K-P BRASS ETCHING PLATE 10 POP,28
BRASS ETCHING PLATE 11 POP K-P,BRASS ETCHING PLATE 11 POP,74198030,BRASS ETCHING PLATE 11 POP K-P BRASS ETCHING PLATE 11 POP,28
BRASS ETCHING PLATE 13  POP K-P,BRASS ETCHING PLATE 13  POP,74198030,BRASS ETCHING PLATE 13  POP K-P BRASS ETCHING PLATE 13  POP,28
KANSA TALI SET SPL POP PCS,KANSA TALI SET SPL POP,74198030,KANSA TALI SET SPL POP PCS KANSA TALI SET SPL POP,28
BRASS FLOWER AGAARDAN 1 POP PCS,BRASS FLOWER AGAARDAN 1 POP,74198030,BRASS FLOWER AGAARDAN 1 POP PCS BRASS FLOWER AGAARDAN 1 POP,28
BRASS FLOWER AGARDAN 2 POP PCS,BRASS FLOWER AGARDAN 2 POP,74198030,BRASS FLOWER AGARDAN 2 POP PCS BRASS FLOWER AGARDAN 2 POP,28
BRASS FLOWER AGARDAN 3 POP PCS,BRASS FLOWER AGARDAN 3 POP,74198030,BRASS FLOWER AGARDAN 3 POP PCS BRASS FLOWER AGARDAN 3 POP,28
BRASS FLOWER AGARDAN 4 POP PCS,BRASS FLOWER AGARDAN 4 POP,74198030,BRASS FLOWER AGARDAN 4 POP PCS BRASS FLOWER AGARDAN 4 POP,28
BRASS SWASTHIK AGARDAN 1 POP PCS,BRASS SWASTHIK AGARDAN 1 POP,74198030,BRASS SWASTHIK AGARDAN 1 POP PCS BRASS SWASTHIK AGARDAN 1 POP,28
BRASS SWASTHIK AGARDAN 2 POP PCS,BRASS SWASTHIK AGARDAN 2 POP,74198030,BRASS SWASTHIK AGARDAN 2 POP PCS BRASS SWASTHIK AGARDAN 2 POP,28
BRASS SWASTHIK AGARDAN 3 POP PCS,BRASS SWASTHIK AGARDAN 3 POP,74198030,BRASS SWASTHIK AGARDAN 3 POP PCS BRASS SWASTHIK AGARDAN 3 POP,28
BRASS KALAI AGARDAN 1 POP PCS,BRASS KALAI AGARDAN 1 POP,74198030,BRASS KALAI AGARDAN 1 POP PCS BRASS KALAI AGARDAN 1 POP,28
BRASS KALAI AGARDAN 3 POP PCS,BRASS KALAI AGARDAN 3 POP,74198030,BRASS KALAI AGARDAN 3 POP PCS BRASS KALAI AGARDAN 3 POP,28
BRASS AFK AGARDAN 2 POP PCS,BRASS AFK AGARDAN 2 POP,74198030,BRASS AFK AGARDAN 2 POP PCS BRASS AFK AGARDAN 2 POP,28
BRASS AFK AGARDAN 4 POP PCS,BRASS AFK AGARDAN 4 POP,74198030,BRASS AFK AGARDAN 4 POP PCS BRASS AFK AGARDAN 4 POP,28
BRASS KETTLE POP PCS,BRASS KETTLE POP,74198030,BRASS KETTLE POP PCS BRASS KETTLE POP,28
BRASS PEPSI GLASS L W POP PCS,BRASS PEPSI GLASS L W POP,74198030,BRASS PEPSI GLASS L W POP PCS BRASS PEPSI GLASS L W POP,28
BRASS FLOWER  GLASS BIG POP PCS,BRASS FLOWER  GLASS BIG POP,74198030,BRASS FLOWER  GLASS BIG POP PCS BRASS FLOWER  GLASS BIG POP,28
BRASS NANDA DEEP PYALI CURVE 1 DHIN PCS,BRASS NANDA DEEP PYALI CURVE 1 DHIN,741999,BRASS NANDA DEEP PYALI CURVE 1 DHIN PCS BRASS NANDA DEEP PYALI CURVE 1 DHIN,13
BRASS NANDA DEEP PYALI CURVE  3 DHIN PCS,BRASS NANDA DEEP PYALI CURVE  3 DHIN,741999,BRASS NANDA DEEP PYALI CURVE  3 DHIN PCS BRASS NANDA DEEP PYALI CURVE  3 DHIN,13
BRASS NATRAJ  15 BNKI,BRASS NATRAJ  15 BNKI,830629,BRASS NATRAJ  15 BNKI BRASS NATRAJ  15 BNKI,17
BRASS VISHNU SHANK SOUND 1.1 RADHM K-P,BRASS VISHNU SHANK SOUND 1.1 RADHM,83062910,BRASS VISHNU SHANK SOUND 1.1 RADHM K-P BRASS VISHNU SHANK SOUND 1.1 RADHM,36
BRASS DEVI FACE W FRAME GV PCS,BRASS DEVI FACE W FRAME GV,83062910,BRASS DEVI FACE W FRAME GV PCS BRASS DEVI FACE W FRAME GV,36
BRASS GANESH PLATE W FRAME 7 GV PCS,BRASS GANESH PLATE W FRAME 7 GV,83062910,BRASS GANESH PLATE W FRAME 7 GV PCS BRASS GANESH PLATE W FRAME 7 GV,36
BRASS LAXMI KAMAL  BNKI  K-P,BRASS LAXMI KAMAL  BNKI,830629,BRASS LAXMI KAMAL  BNKI  K-P BRASS LAXMI KAMAL  BNKI,17
BRASS GANESH KAMAL  BNKI  K-P,BRASS GANESH KAMAL  BNKI,830629,BRASS GANESH KAMAL  BNKI  K-P BRASS GANESH KAMAL  BNKI,17
BRASS SARASWATI KAMAL  BNKI  K-P,BRASS SARASWATI KAMAL  BNKI,830629,BRASS SARASWATI KAMAL  BNKI  K-P BRASS SARASWATI KAMAL  BNKI,17
BRASS KAMAL COW KRISHNA  BNKI  K-P,BRASS KAMAL COW KRISHNA  BNKI,830629,BRASS KAMAL COW KRISHNA  BNKI  K-P BRASS KAMAL COW KRISHNA  BNKI,17
BRASS RADHA KRISHNAA SAME BASE  BNKI  K-P,BRASS RADHA KRISHNAA SAME BASE  BNKI,830629,BRASS RADHA KRISHNAA SAME BASE  BNKI  K-P BRASS RADHA KRISHNAA SAME BASE  BNKI,17
BRASS BALAJI  BNKI K-P,BRASS BALAJI  BNKI,83062910,BRASS BALAJI  BNKI K-P BRASS BALAJI  BNKI,36
BRASS FRAME W/O BALAJI  BNKI K-P,BRASS FRAME W/O BALAJI  BNKI,83062910,BRASS FRAME W/O BALAJI  BNKI K-P BRASS FRAME W/O BALAJI  BNKI,36
BRASS T. BALAJI WITH PADMAVATHI BNKI K-P,BRASS T. BALAJI WITH PADMAVATHI BNKI,83062910,BRASS T. BALAJI WITH PADMAVATHI BNKI K-P BRASS T. BALAJI WITH PADMAVATHI BNKI,36
BRASS BUDDHA BASE BU109 BNKI K-P,BRASS BUDDHA BASE BU109 BNKI,83062910,BRASS BUDDHA BASE BU109 BNKI K-P BRASS BUDDHA BASE BU109 BNKI,36
BRASS BUDDHA BU106 BNKI K-P,BRASS BUDDHA BU106 BNKI,83062910,BRASS BUDDHA BU106 BNKI K-P BRASS BUDDHA BU106 BNKI,36
BRASS STANDING BALAJI BNKI K-P,BRASS STANDING BALAJI BNKI,83062910,BRASS STANDING BALAJI BNKI K-P BRASS STANDING BALAJI BNKI,36
BRASS FRAME T.BALAJI WITH LATKAN BNKI K-P,BRASS FRAME T.BALAJI WITH LATKAN BNKI,83062910,BRASS FRAME T.BALAJI WITH LATKAN BNKI K-P BRASS FRAME T.BALAJI WITH LATKAN BNKI,36
BRASS PALNA MATKE KRISHNA BNKI K-P,BRASS PALNA MATKE KRISHNA BNKI,83062910,BRASS PALNA MATKE KRISHNA BNKI K-P BRASS PALNA MATKE KRISHNA BNKI,36
BRASS NANDI W/O BASE BNKI K-P,BRASS NANDI W/O BASE BNKI,83062910,BRASS NANDI W/O BASE BNKI K-P BRASS NANDI W/O BASE BNKI,36
BRASS HANUMAN PAHAD BNKI K-P,BRASS HANUMAN PAHAD BNKI,83062910,BRASS HANUMAN PAHAD BNKI K-P BRASS HANUMAN PAHAD BNKI,36
BRASS BALAJI LAXMI BNKI K-P,BRASS BALAJI LAXMI BNKI,83062910,BRASS BALAJI LAXMI BNKI K-P BRASS BALAJI LAXMI BNKI,36
BRASS DACHINAMURTI BNKI K-P,BRASS DACHINAMURTI BNKI,83062910,BRASS DACHINAMURTI BNKI K-P BRASS DACHINAMURTI BNKI,36
BRASS HANUMAN PAHADH BNKI K-P,BRASS HANUMAN PAHADH BNKI,83062910,BRASS HANUMAN PAHADH BNKI K-P BRASS HANUMAN PAHADH BNKI,36
BRASS LAUGHING BUDDHA WITH CHILD BNKI K-P,BRASS LAUGHING BUDDHA WITH CHILD BNKI,83062910,BRASS LAUGHING BUDDHA WITH CHILD BNKI K-P BRASS LAUGHING BUDDHA WITH CHILD BNKI,36
BRASS BIG GANESH DEEPAK BNKI K-P,BRASS BIG GANESH DEEPAK BNKI,83062910,BRASS BIG GANESH DEEPAK BNKI K-P BRASS BIG GANESH DEEPAK BNKI,36
BRASS BIG LAXMI DEEPAK BNKI K-P,BRASS BIG LAXMI DEEPAK BNKI,83062910,BRASS BIG LAXMI DEEPAK BNKI K-P BRASS BIG LAXMI DEEPAK BNKI,36
BRASS BALAJI LATKAN BNKI K-P,BRASS BALAJI LATKAN BNKI,83062910,BRASS BALAJI LATKAN BNKI K-P BRASS BALAJI LATKAN BNKI,36
BRASS FRAME BALAJI BNKI K-P,BRASS FRAME BALAJI BNKI,83062910,BRASS FRAME BALAJI BNKI K-P BRASS FRAME BALAJI BNKI,36
BRASS T BALAJII BNKI K-P,BRASS T BALAJII BNKI,83062910,BRASS T BALAJII BNKI K-P BRASS T BALAJII BNKI,36
BRASS STANDING BALAJII BNKI K-P,BRASS STANDING BALAJII BNKI,83062910,BRASS STANDING BALAJII BNKI K-P BRASS STANDING BALAJII BNKI,36
BRASS T. BALAJI  WITH PADMAVATHI BNKI K-P,BRASS T. BALAJI  WITH PADMAVATHI BNKI,83062910,BRASS T. BALAJI  WITH PADMAVATHI BNKI K-P BRASS T. BALAJI  WITH PADMAVATHI BNKI,36
BRASS KAMAL KRISHNA KR407 BNKI K-P,BRASS KAMAL KRISHNA KR407 BNKI K-P,83062910,BRASS KAMAL KRISHNA KR407 BNKI K-P BRASS KAMAL KRISHNA KR407 BNKI K-P,36
BRASS CAMEL BNKI K-P,BRASS CAMEL BNKI K-P,83062910,BRASS CAMEL BNKI K-P BRASS CAMEL BNKI K-P,36
BRASS OVAL GANESH BNKI K-P,BRASS OVAL GANESH BNKI,83062910,BRASS OVAL GANESH BNKI K-P BRASS OVAL GANESH BNKI,36
BRASS COW L+G BNKI K-P,BRASS COW L+G BNKI,83062910,BRASS COW L+G BNKI K-P BRASS COW L+G BNKI,36
BRASS DEAR BNKI K-P,BRASS DEAR BNKI,83062910,BRASS DEAR BNKI K-P BRASS DEAR BNKI,36
BRASS DOUBLE CHOKI GANESHH BNKI K-P,BRASS DOUBLE CHOKI GANESHH BNKI,83062910,BRASS DOUBLE CHOKI GANESHH BNKI K-P BRASS DOUBLE CHOKI GANESHH BNKI,36
BRASS JIAS CROSS BNKI K-P,BRASS JIAS CROSS BNKI,83062910,BRASS JIAS CROSS BNKI K-P BRASS JIAS CROSS BNKI,36
BRASS SITTING LION BNKI K-P,BRASS SITTING LION BNKI,83062910,BRASS SITTING LION BNKI K-P BRASS SITTING LION BNKI,36
BRASS LION LI119 BNKI K-P,BRASS LION LI119 BNKI,83062910,BRASS LION LI119 BNKI K-P BRASS LION LI119 BNKI,36
BRASS BOX DOOPDHANI BNKI K-P,BRASS BOX DOOPDHANI BNKI,83062910,BRASS BOX DOOPDHANI BNKI K-P BRASS BOX DOOPDHANI BNKI,36
BRASS KRISHHNA BNKI K-P,BRASS KRISHHNA BNKI,83062910,BRASS KRISHHNA BNKI K-P BRASS KRISHHNA BNKI,36
BRASS STANDING KRISHHNA BNKI K-P,BRASS STANDING KRISHHNA BNKI,83062910,BRASS STANDING KRISHHNA BNKI K-P BRASS STANDING KRISHHNA BNKI,36
BRASS LION LI119S  BNKI K-P,BRASS LION LI119 BNKI,83062910,BRASS LION LI119S  BNKI K-P BRASS LION LI119 BNKI,36
SALAD TRAY / 4 (2NO) BOWL /4 SPOON TB41 OJAS,SALAD TRAY / 4 (2NO) BOWL /4 SPOON TB41 OJAS,711590,SALAD TRAY / 4 (2NO) BOWL /4 SPOON TB41 OJAS SALAD TRAY / 4 (2NO) BOWL /4 SPOON TB41 OJAS,5
S.TRAY / 2 MATT PARI BOWL TB26 OJAS,S.TRAY / 2 MATT PARI BOWL TB26 OJAS,711590,S.TRAY / 2 MATT PARI BOWL TB26 OJAS S.TRAY / 2 MATT PARI BOWL TB26 OJAS,5
GERMAN TRAY / 2 ECLAIR BOWL TB30 OJAS,GERMAN TRAY / 2 ECLAIR BOWL TB30 OJAS,711590,GERMAN TRAY / 2 ECLAIR BOWL TB30 OJAS GERMAN TRAY / 2 ECLAIR BOWL TB30 OJAS,5
GERMAN TRAY SET (S) PS14 OJAS,GERMAN TRAY SET (S) PS14 OJAS,711590,GERMAN TRAY SET (S) PS14 OJAS GERMAN TRAY SET (S) PS14 OJAS,5
CAP TRAY (S) /2 FLOWER POT GLASS GT37 OJAS,CAP TRAY (S) /2 FLOWER POT GLASS GT37 OJAS,711590,CAP TRAY (S) /2 FLOWER POT GLASS GT37 OJAS CAP TRAY (S) /2 FLOWER POT GLASS GT37 OJAS,5
BABY DINNER SET (M) BSM OJAS,BABY DINNER SET (M) BSM OJAS,711590,BABY DINNER SET (M) BSM OJAS BABY DINNER SET (M) BSM OJAS,5
OCTAGON TRAY /4 MANCHU BOWL (M) /TB 42 4SPOON OJAS,OCTAGON TRAY /4 MANCHU BOWL (M) /TB 42 4SPOON OJAS,711590,OCTAGON TRAY /4 MANCHU BOWL (M) /TB 42 4SPOON OJAS OCTAGON TRAY /4 MANCHU BOWL (M) /TB 42 4SPOON OJAS,5
BRASS SEV SANCHA 450 KESHARI SGIND PCS,BRASS SEV SANCHA 450 KESHARI SGIND,741810,BRASS SEV SANCHA 450 KESHARI SGIND PCS BRASS SEV SANCHA 450 KESHARI SGIND,9
BRASS SEV SANCHA 600 KESHARI SGIND PCS,BRASS SEV SANCHA 600 KESHARI SGIND PCS,741810,BRASS SEV SANCHA 600 KESHARI SGIND PCS BRASS SEV SANCHA 600 KESHARI SGIND PCS,9
BRASS RUDRAKSHI SANKU DEEP 5 SWA PCS,BRASS RUDRAKSHI SANKU DEEP 5 SWA,741810,BRASS RUDRAKSHI SANKU DEEP 5 SWA PCS BRASS RUDRAKSHI SANKU DEEP 5 SWA,9
BRASS RUDRAKSHI CHAKKAR DEEP 5 SWA PCS,BRASS RUDRAKSHI CHAKKAR DEEP 5 SWA PCS,741810,BRASS RUDRAKSHI CHAKKAR DEEP 5 SWA PCS BRASS RUDRAKSHI CHAKKAR DEEP 5 SWA PCS,9
BRASS LOTTA 11 DPE K-P,BRASS LOTTA 11 DPE,74181021,BRASS LOTTA 11 DPE K-P BRASS LOTTA 11 DPE,25
BRASS LOTTA 9 DPE K-P,BRASS LOTTA 9 DPE,74181021,BRASS LOTTA 9 DPE K-P BRASS LOTTA 9 DPE,25
BRASS LOTTA 8 DPE K-P,BRASS LOTTA 8 DPE,74181021,BRASS LOTTA 8 DPE K-P BRASS LOTTA 8 DPE,25
BRASS PAYAL PLATE  DPE KG,BRASS PAYAL PLATE  DPE,74181021,BRASS PAYAL PLATE  DPE KG BRASS PAYAL PLATE  DPE,25
BRASS GANGAJALI DPE K-P,BRASS GANGAJALI DPE,74181021,BRASS GANGAJALI DPE K-P BRASS GANGAJALI DPE,25
BRASS SITARI LOTTA 8 DPE K-P,BRASS SITARI LOTTA 8 DPE,74181021,BRASS SITARI LOTTA 8 DPE K-P BRASS SITARI LOTTA 8 DPE,25
W.PATLA SILVER 12*18 SBNH PCS,W.PATLA SILVER 12*18 SBNH,442090,W.PATLA SILVER 12*18 SBNH PCS W.PATLA SILVER 12*18 SBNH,2
W.PATLA GOLD 12*18 SBNH PCS,W.PATLA GOLD 12*18 SBNH,442090,W.PATLA GOLD 12*18 SBNH PCS W.PATLA GOLD 12*18 SBNH,2
WHITE GANESH KAMAL GOLE  7 AND PCS,WHITE GANESH KAMAL GOLE  7 AND,83061000,WHITE GANESH KAMAL GOLE  7 AND PCS WHITE GANESH KAMAL GOLE  7 AND,33
WHITE GANESH CHOWKI GOLE 15 AND PCS,WHITE GANESH CHOWKI GOLE 15 AND,83061000,WHITE GANESH CHOWKI GOLE 15 AND PCS WHITE GANESH CHOWKI GOLE 15 AND,33
WHITE HORSE NEW STANDING 14 AND PCS,WHITE HORSE NEW STANDING 14 AND,83061000,WHITE HORSE NEW STANDING 14 AND PCS WHITE HORSE NEW STANDING 14 AND,33
WHITE ELEPHANT 7 AND PCS,WHITE ELEPHANT 7 AND,83061000,WHITE ELEPHANT 7 AND PCS WHITE ELEPHANT 7 AND,33
WHITE ELEPHANT 4.75 AND PCS,WHITE ELEPHANT 4.75 AND PCS,83061000,WHITE ELEPHANT 4.75 AND PCS WHITE ELEPHANT 4.75 AND PCS,33
WHITE ELEPHANT 4 AND PCS,WHITE ELEPHANT 4 AND,83061000,WHITE ELEPHANT 4 AND PCS WHITE ELEPHANT 4 AND,33
WHITE ELEPHANT 3.25 AND PCS,WHITE ELEPHANT 3.25 AND,83061000,WHITE ELEPHANT 3.25 AND PCS WHITE ELEPHANT 3.25 AND,33
WHITE ELEPHANT TILAK 6.5 AND PCS,WHITE ELEPHANT TILAK 6.5 AND,83061000,WHITE ELEPHANT TILAK 6.5 AND PCS WHITE ELEPHANT TILAK 6.5 AND,33
WHITE ELEPHANT NEW 5 AND PCS,WHITE ELEPHANT NEW 5 AND,83061000,WHITE ELEPHANT NEW 5 AND PCS WHITE ELEPHANT NEW 5 AND,33
WHITE ELEPHANT BIG 8 AND PCS,WHITE ELEPHANT BIG 8 AND,83061000,WHITE ELEPHANT BIG 8 AND PCS WHITE ELEPHANT BIG 8 AND,33
SQU-JHU-SQUARE SPOON JUNUK RJYG,SQU-JHU-SQUARE SPOON JUNUK RJYG,82159900,SQU-JHU-SQUARE SPOON JUNUK RJYG SQU-JHU-SQUARE SPOON JUNUK RJYG,31
OS-JHU-OVAL SPOON-JHUNUK RJYG,OS-JHU-OVAL SPOON-JHUNUK RJYG,82159900,OS-JHU-OVAL SPOON-JHUNUK RJYG OS-JHU-OVAL SPOON-JHUNUK RJYG,31
WHITE GANESH SINGASAN BIG 22.5 AND PCS,WHITE GANESH SINGASAN BIG 22.5 AND PCS,83061000,WHITE GANESH SINGASAN BIG 22.5 AND PCS WHITE GANESH SINGASAN BIG 22.5 AND PCS,33
BRASS FANCY HAMMERED BOWL DPE KG,BRASS FANCY HAMMERED BOWL DPE,74181021,BRASS FANCY HAMMERED BOWL DPE KG BRASS FANCY HAMMERED BOWL DPE,25
BRASS CUP PLATE SET  KMLH PCS,BRASS CUP PLATE SET  KMLH,741999,BRASS CUP PLATE SET  KMLH PCS BRASS CUP PLATE SET  KMLH,13
BRASS SAKSHI DEEP 1 KMLH PCS,BRASS SAKSHI DEEP 1 KMLH,741980,BRASS SAKSHI DEEP 1 KMLH PCS BRASS SAKSHI DEEP 1 KMLH,12
BRASS SAKSHI DEEP 2 KMLH PCS,BRASS SAKSHI DEEP 2 KMLH,741980,BRASS SAKSHI DEEP 2 KMLH PCS BRASS SAKSHI DEEP 2 KMLH,12
BRASS AGARDAN CONE 1 KMLH PCS,BRASS AGARDAN CONE 1 KMLH PCS,741980,BRASS AGARDAN CONE 1 KMLH PCS BRASS AGARDAN CONE 1 KMLH PCS,12
BRASS AGARDAN CONE 2 KMLH PCS,BRASS AGARDAN CONE 2 KMLH,741980,BRASS AGARDAN CONE 2 KMLH PCS BRASS AGARDAN CONE 2 KMLH,12
BRASS AGARDAN CONE 3 KMLH PCS,BRASS AGARDAN CONE 3 KMLH,741980,BRASS AGARDAN CONE 3 KMLH PCS BRASS AGARDAN CONE 3 KMLH,12
BRASS AG LOTUS BOWL 0 KMLH PCS,BRASS AG LOTUS BOWL 0  KMLH,741980,BRASS AG LOTUS BOWL 0 KMLH PCS BRASS AG LOTUS BOWL 0  KMLH,12
BRASS AG SURAJ 3 KMLH PCS,BRASS AG SURAJ 3 KMLH PCS,741980,BRASS AG SURAJ 3 KMLH PCS BRASS AG SURAJ 3 KMLH PCS,12
BRASS CAMEL 700 KSLRP PCS,BRASS CAMEL 700 KSLRP,83062910,BRASS CAMEL 700 KSLRP PCS BRASS CAMEL 700 KSLRP,36
BRASS CAMEL 550 KSLRP PCS,BRASS CAMEL 550 KSLRP,83062910,BRASS CAMEL 550 KSLRP PCS BRASS CAMEL 550 KSLRP,36
BRASS CAMEL 400 KSLRP PCS,BRASS CAMEL 400 KSLRP,83062910,BRASS CAMEL 400 KSLRP PCS BRASS CAMEL 400 KSLRP,36
BRASS CAMEL 250 KSLRP PCS,BRASS CAMEL 250 KSLRP,83062910,BRASS CAMEL 250 KSLRP PCS BRASS CAMEL 250 KSLRP,36
BRASS PARROT 300 KSLRP PCS,BRASS PARROT 300 KSLRP,83062910,BRASS PARROT 300 KSLRP PCS BRASS PARROT 300 KSLRP,36
BRASS PARROT 250 KSLRP PCS,BRASS PARROT 250 KSLRP,83062910,BRASS PARROT 250 KSLRP PCS BRASS PARROT 250 KSLRP,36
BRASS ARJUN RATH 1.75 KSLRP PCS,BRASS ARJUN RATH 1.75 KSLRP,83062910,BRASS ARJUN RATH 1.75 KSLRP PCS BRASS ARJUN RATH 1.75 KSLRP,36
BRASS CHESS BOARD SET KSLRP PCS,BRASS CHESS BOARD SET KSLRP,83062910,BRASS CHESS BOARD SET KSLRP PCS BRASS CHESS BOARD SET KSLRP,36
BRASS VIGRAHAM SF  KSLRP KG,BRASS VIGRAHAM SF  KSLRP,83062910,BRASS VIGRAHAM SF  KSLRP KG BRASS VIGRAHAM SF  KSLRP,36
BRASS VIGRAHAM SM  KSLRP KG,BRASS VIGRAHAM SM  KSLRP,83062910,BRASS VIGRAHAM SM  KSLRP KG BRASS VIGRAHAM SM  KSLRP,36
BRASS VIGRAHAM N KSLRP KG,BRASS VIGRAHAM N KSLRP,83062910,BRASS VIGRAHAM N KSLRP KG BRASS VIGRAHAM N KSLRP,36
BRASS AGAL OM VEL 4 DEEP SWA PCS,BRASS AGAL OM VEL 4 DEEP SWA,74181010,BRASS AGAL OM VEL 4 DEEP SWA PCS BRASS AGAL OM VEL 4 DEEP SWA,24
BRASS N AKP S.SPL 48 TO 72 VILAKKU ASB KG,BRASS N AKP S.SPL 48 TO 72 VILAKKU ASB KG,741980,BRASS N AKP S.SPL 48 TO 72 VILAKKU ASB KG BRASS N AKP S.SPL 48 TO 72 VILAKKU ASB KG,12
W FRAME GANESH L,W FRAME GANESH L,44201000,W FRAME GANESH L W FRAME GANESH L,21
W FRAME PADMANABHASAMY L,W FRAME PADMANABHASAMY L,44201000,W FRAME PADMANABHASAMY L W FRAME PADMANABHASAMY L,21
W FRAME JESUS L,W FRAME JESUS L,44201000,W FRAME JESUS L W FRAME JESUS L,21
BRASS URULI THASAVATAR 16 PCS PCTR,BRASS URULI THASAVATAR 16 PCS PCTR,741810,BRASS URULI THASAVATAR 16 PCS PCTR BRASS URULI THASAVATAR 16 PCS PCTR,9
BRASS URULI THASAVATAR 14 PCS PCTR,BRASS URULI THASAVATAR 14 PCS PCTR,741810,BRASS URULI THASAVATAR 14 PCS PCTR BRASS URULI THASAVATAR 14 PCS PCTR,9
BRASS URULI THASAVATAR 12 PCS PCTR,BRASS URULI THASAVATAR 12 PCS PCTR,741810,BRASS URULI THASAVATAR 12 PCS PCTR BRASS URULI THASAVATAR 12 PCS PCTR,9
BRASS URULI THASAVATAR 10 PCS PCTR,BRASS URULI THASAVATAR 10 PCS PCTR,741810,BRASS URULI THASAVATAR 10 PCS PCTR BRASS URULI THASAVATAR 10 PCS PCTR,9
BRASS URULI THASAVATAR 8 PCS PCTR,BRASS URULI THASAVATAR 8 PCS PCTR,741810,BRASS URULI THASAVATAR 8 PCS PCTR BRASS URULI THASAVATAR 8 PCS PCTR,9
BRASS URULI AST LAXMI 16 PCS PCTR,BRASS URULI AST LAXMI 16 PCS PCTR,741810,BRASS URULI AST LAXMI 16 PCS PCTR BRASS URULI AST LAXMI 16 PCS PCTR,9
BRASS URULI AST LAXMI 14 PCS PCTR,BRASS URULI AST LAXMI 14 PCS PCTR,741810,BRASS URULI AST LAXMI 14 PCS PCTR BRASS URULI AST LAXMI 14 PCS PCTR,9
BRASS URULI AST LAXMI 12 PCS PCTR,BRASS URULI AST LAXMI 12 PCS PCTR,741810,BRASS URULI AST LAXMI 12 PCS PCTR BRASS URULI AST LAXMI 12 PCS PCTR,9
BRASS URULI AST LAXMI 10 PCS PCTR,BRASS URULI AST LAXMI 10 PCS PCTR,741810,BRASS URULI AST LAXMI 10 PCS PCTR BRASS URULI AST LAXMI 10 PCS PCTR,9
BRASS URULI AST LAXMI 8 PCS PCTR,BRASS URULI AST LAXMI 8 PCS PCTR,741810,BRASS URULI AST LAXMI 8 PCS PCTR BRASS URULI AST LAXMI 8 PCS PCTR,9
BRASS THULSI POT AST LAXMI BIG 2 PCS PCTR,BRASS THULSI POT AST LAXMI BIG 2 PCS PCTR,741810,BRASS THULSI POT AST LAXMI BIG 2 PCS PCTR BRASS THULSI POT AST LAXMI BIG 2 PCS PCTR,9
BRASS THULSI POT AST LAXMI MED 1.5 PCS PCTR,BRASS THULSI POT AST LAXMI MED 1.5,741810,BRASS THULSI POT AST LAXMI MED 1.5 PCS PCTR BRASS THULSI POT AST LAXMI MED 1.5,9
BRASS THULSI POT AST LAXMI SMALL 1 PCS PCTR,BRASS THULSI POT AST LAXMI SMALL 1,741810,BRASS THULSI POT AST LAXMI SMALL 1 PCS PCTR BRASS THULSI POT AST LAXMI SMALL 1,9
BRASS BUCKET AST LAXMI 1.3 PCS PCTR,BRASS BUCKET AST LAXMI 1.3 PCTR,741810,BRASS BUCKET AST LAXMI 1.3 PCS PCTR BRASS BUCKET AST LAXMI 1.3 PCTR,9
BRASS LOTTA INSIDE AST LAXMI PCS PCTR,BRASS LOTTA INSIDE AST LAXMI  PCTR,741810,BRASS LOTTA INSIDE AST LAXMI PCS PCTR BRASS LOTTA INSIDE AST LAXMI  PCTR,9
BRASS KATTORI LAXMI BALAJI 200 PTCR PCS,BRASS KATTORI LAXMI BALAJI 200 PTCR,741810,BRASS KATTORI LAXMI BALAJI 200 PTCR PCS BRASS KATTORI LAXMI BALAJI 200 PTCR,9
BRASS GLASS LAXMI BALAJI 150 PCTR PCS,BRASS GLASS LAXMI BALAJI 150 PCTR,741810,BRASS GLASS LAXMI BALAJI 150 PCTR PCS BRASS GLASS LAXMI BALAJI 150 PCTR,9
BRASS CONTAINER AST LAXMI BIG 2 PCTR PCS,BRASS CONTAINER AST LAXMI BIG 2 PCTR,741810,BRASS CONTAINER AST LAXMI BIG 2 PCTR PCS BRASS CONTAINER AST LAXMI BIG 2 PCTR,9
BRASS CONTAINER AST LAXMI MED 1.5 PCTR PCS,BRASS CONTAINER AST LAXMI MED 1.5 PCTR,741810,BRASS CONTAINER AST LAXMI MED 1.5 PCTR PCS BRASS CONTAINER AST LAXMI MED 1.5 PCTR,9
BRASS CONTAINER AST LAXMI SMALL 1 PCTR,BRASS CONTAINER AST LAXMI SMALL 1 PCTR,741810,BRASS CONTAINER AST LAXMI SMALL 1 PCTR BRASS CONTAINER AST LAXMI SMALL 1 PCTR,9
BRASS KAMAL STAND 00 HY FIN PCS,BRASS KAMAL STAND 00 HY FIN,741810,BRASS KAMAL STAND 00 HY FIN PCS BRASS KAMAL STAND 00 HY FIN,9
BRASS KAMAL STAND 0 HY FIN,BRASS KAMAL STAND 0 HY FIN,741810,BRASS KAMAL STAND 0 HY FIN BRASS KAMAL STAND 0 HY FIN,9
BRASS KAMAL STAND 1 HY FIN,BRASS KAMAL STAND 1 HY FIN,741810,BRASS KAMAL STAND 1 HY FIN BRASS KAMAL STAND 1 HY FIN,9
BRASS KAMAL STAND 2 HY FIN,BRASS KAMAL STAND 2 HY FIN,741810,BRASS KAMAL STAND 2 HY FIN BRASS KAMAL STAND 2 HY FIN,9
BRASS KAMAL STAND 3 HY FIN,BRASS KAMAL STAND 3 HY FIN,741810,BRASS KAMAL STAND 3 HY FIN BRASS KAMAL STAND 3 HY FIN,9
BRASS NATRAJ 354 BNKI K-P,BRASS NATRAJ 354 BNKI,83062910,BRASS NATRAJ 354 BNKI K-P BRASS NATRAJ 354 BNKI,36
BRASS PENTAGON ASTALAXMI BASKET W/HANDLE BNKI K-P,BRASS PENTAGON ASTALAXMI BASKET W/HANDLE BNKI,83062910,BRASS PENTAGON ASTALAXMI BASKET W/HANDLE BNKI K-P BRASS PENTAGON ASTALAXMI BASKET W/HANDLE BNKI,36
BRASS DACHINAMURTI 244 BNKI K-P,BRASS DACHINAMURTI 244 BNKI,83062910,BRASS DACHINAMURTI 244 BNKI K-P BRASS DACHINAMURTI 244 BNKI,36
BRASS GAJLAXMI DEEPAK BNKI K-P,BRASS GAJLAXMI DEEPAK BNKI,83062910,BRASS GAJLAXMI DEEPAK BNKI K-P BRASS GAJLAXMI DEEPAK BNKI,36
BRASS BASE TREE BNKI K-P,BRASS BASE TREE BNKI,83062910,BRASS BASE TREE BNKI K-P BRASS BASE TREE BNKI,36
BRASS ETCHING PLATE 6  SHILP,BRASS ETCHING PLATE 6  SHILP,741810,BRASS ETCHING PLATE 6  SHILP BRASS ETCHING PLATE 6  SHILP,9
BS-JHU-BASTING SPOON JHUNUK RJYG,BS-JHU-BASTING SPOON JHUNUK RJYG,82159900,BS-JHU-BASTING SPOON JHUNUK RJYG BS-JHU-BASTING SPOON JHUNUK RJYG,31
MASALA SPOON VINTAGE GOLD RJYG,MASALA SPOON VINTAGE GOLD RJYG,82159900,MASALA SPOON VINTAGE GOLD RJYG MASALA SPOON VINTAGE GOLD RJYG,31
W/ CHOWKI 4 LEG SQUARE 15 MENH PCS,W/ CHOWKI 4 LEG SQUARE 15 MENH,44190010,W/ CHOWKI 4 LEG SQUARE 15 MENH PCS W/ CHOWKI 4 LEG SQUARE 15 MENH,20
W/ CHOWKI 4 LEG SQUARE 18 MENH PCS,W/ CHOWKI 4 LEG SQUARE 18 MENH PCS,44190010,W/ CHOWKI 4 LEG SQUARE 18 MENH PCS W/ CHOWKI 4 LEG SQUARE 18 MENH PCS,20
W/ CHOWKI 4 LEG SQUARE 21  MENH PCS,W/ CHOWKI 4 LEG SQUARE 21  MENH,44190010,W/ CHOWKI 4 LEG SQUARE 21  MENH PCS W/ CHOWKI 4 LEG SQUARE 21  MENH,20
W/ CHOWKI 4 LEG ROUND  15  MENH PCS,W/ CHOWKI 4 LEG ROUND  15  MENH,44190010,W/ CHOWKI 4 LEG ROUND  15  MENH PCS W/ CHOWKI 4 LEG ROUND  15  MENH,20
W/ CHOWKI 4 LEG ROUND  18  MENH PCS,W/ CHOWKI 4 LEG ROUND  18  MENH PCS,44190010,W/ CHOWKI 4 LEG ROUND  18  MENH PCS W/ CHOWKI 4 LEG ROUND  18  MENH PCS,20
W/ CHOWKI 4 LEG ROUND  21  MENH PCS,W/ CHOWKI 4 LEG ROUND  21  MENH PCS,44190010,W/ CHOWKI 4 LEG ROUND  21  MENH PCS W/ CHOWKI 4 LEG ROUND  21  MENH PCS,20
W/ BANGLE STAND  6 ROD MENH PCS,W/ BANGLE STAND  6 ROD MENH PCS,44190010,W/ BANGLE STAND  6 ROD MENH PCS W/ BANGLE STAND  6 ROD MENH PCS,20
W/ BANGLE STAND TREE 9 STICK MENH PCS,W/ BANGLE STAND TREE 9 STICK MENH PCS,44190010,W/ BANGLE STAND TREE 9 STICK MENH PCS W/ BANGLE STAND TREE 9 STICK MENH PCS,20
W/ KERALA BOX 7X5X6 MENH PCS,W/ KERALA BOX 7X5X6 MENH,44190010,W/ KERALA BOX 7X5X6 MENH PCS W/ KERALA BOX 7X5X6 MENH,20
BRASS NEW ASTALAXMI POOJA BASKET LW GV -K-P,BRASS NEW ASTALAXMI POOJA BASKET LW GV -K-P,83062910,BRASS NEW ASTALAXMI POOJA BASKET LW GV -K-P BRASS NEW ASTALAXMI POOJA BASKET LW GV -K-P,36
BRASS LOTUS DOOPDANI GV K-P,BRASS LOTUS DOOPDANI GV,83062910,BRASS LOTUS DOOPDANI GV K-P BRASS LOTUS DOOPDANI GV,36
BRASS NEW CHIDIYA DEEPAK GV K-P,BRASS NEW CHIDIYA DEEPAK GV,83062910,BRASS NEW CHIDIYA DEEPAK GV K-P BRASS NEW CHIDIYA DEEPAK GV,36
BRASS SHANK GANESH  HEAD PLATE  9.5 GV K-P,BRASS SHANK GANESH  HEAD PLATE 9.5 GV,83062910,BRASS SHANK GANESH  HEAD PLATE  9.5 GV K-P BRASS SHANK GANESH  HEAD PLATE 9.5 GV,36
BRASS SURYA CHANDRA PLATE 6 GV K-P,BRASS SURYA CHANDRA PLATE 6 GV,83062910,BRASS SURYA CHANDRA PLATE 6 GV K-P BRASS SURYA CHANDRA PLATE 6 GV,36
BRASS NEW KAMAL HANGING   GV  K-P,BRASS NEW KAMAL HANGING  GV,83062910,BRASS NEW KAMAL HANGING   GV  K-P BRASS NEW KAMAL HANGING  GV,36
BRASS NEW HANUMAN PLATE GV K-P,BRASS NEW HANUMAN PLATE GV,83062910,BRASS NEW HANUMAN PLATE GV K-P BRASS NEW HANUMAN PLATE GV,36
BRASS KALASH GANESH PLATE 10.25 GV K-P,BRASS KALASH GANESH PLATE 10.25 GV,83062910,BRASS KALASH GANESH PLATE 10.25 GV K-P BRASS KALASH GANESH PLATE 10.25 GV,36
BRASS TEMPLE GANESH PLATE 8.5 GV K-P,BRASS TEMPLE GANESH PLATE 8.5 GV,83062910,BRASS TEMPLE GANESH PLATE 8.5 GV K-P BRASS TEMPLE GANESH PLATE 8.5 GV,36
BRASS GANESH HEAD BELL 9 GV K-P,BRASS GANESH HEAD BELL 9 GV,83062910,BRASS GANESH HEAD BELL 9 GV K-P BRASS GANESH HEAD BELL 9 GV,36
BRASS GAJA LAXMI ROUND PLATE 7.5 GV K-P,BRASS GAJA LAXMI ROUND PLATE 7.5 GV,83062910,BRASS GAJA LAXMI ROUND PLATE 7.5 GV K-P BRASS GAJA LAXMI ROUND PLATE 7.5 GV,36
BRASS DHASAVATAR PADAM S+C NAMA PLATE GV K-P,BRASS DHASAVATAR PADAM S+C NAMA PLATE GV K-P,83062910,BRASS DHASAVATAR PADAM S+C NAMA PLATE GV K-P BRASS DHASAVATAR PADAM S+C NAMA PLATE GV K-P,36
BRASS LOTTA 7 DPE  K-P,BRASS LOTTA 7 DPE  K-P,741810,BRASS LOTTA 7 DPE  K-P BRASS LOTTA 7 DPE  K-P,9
BRASS LOTTA 6 DPE  K-P,BRASS LOTTA 6 DPE,741810,BRASS LOTTA 6 DPE  K-P BRASS LOTTA 6 DPE,9
BRASS MAHARAJA SAMAI 13 LAMP DHIN K-P,BRASS MAHARAJA SAMAI 13 LAMP DHIN,741810,BRASS MAHARAJA SAMAI 13 LAMP DHIN K-P BRASS MAHARAJA SAMAI 13 LAMP DHIN,9
BRASS UGALDAN (KOLAMPI) 1 DHIN K-P,BRASS UGALDAN (KOLAMPI) 1 DHIN,741810,BRASS UGALDAN (KOLAMPI) 1 DHIN K-P BRASS UGALDAN (KOLAMPI) 1 DHIN,9
BRASS S.POT BOAT KARANDA 327 DHIN PCS,BRASS S.POT BOAT KARANDA 327 DHIN,741810,BRASS S.POT BOAT KARANDA 327 DHIN PCS BRASS S.POT BOAT KARANDA 327 DHIN,9
BRASS MAHARAJ SAMAI 10 LAMP M  DHIN K-P,BRASS MAHARAJ SAMAI 10 LAMP M  DHIN K-P,741810,BRASS MAHARAJ SAMAI 10 LAMP M  DHIN K-P BRASS MAHARAJ SAMAI 10 LAMP M  DHIN K-P,9
BRASS POOJA KINDI SPL 3  DHIN K-P,BRASS POOJA KINDI SPL 3  DHIN,741810,BRASS POOJA KINDI SPL 3  DHIN K-P BRASS POOJA KINDI SPL 3  DHIN,9
BRASS POOJA KINDI SPL 4  DHIN K-P,BRASS POOJA KINDI SPL 4  DHIN,741810,BRASS POOJA KINDI SPL 4  DHIN K-P BRASS POOJA KINDI SPL 4  DHIN,9
BRASS POOJA KINDI SPL 1  DHIN K-P,BRASS POOJA KINDI SPL 1  DHIN,741810,BRASS POOJA KINDI SPL 1  DHIN K-P BRASS POOJA KINDI SPL 1  DHIN,9
BRASS POOJA KINDI SPL 2  DHIN K-P,BRASS POOJA KINDI SPL 2  DHIN K-P,741810,BRASS POOJA KINDI SPL 2  DHIN K-P BRASS POOJA KINDI SPL 2  DHIN K-P,9
BRASS AGARDAN MATKI 0 DHIN PCS,BRASS AGARDAN MATKI 0 DHIN,741810,BRASS AGARDAN MATKI 0 DHIN PCS BRASS AGARDAN MATKI 0 DHIN,9
BRASS AGARDAN MATKI 1 DHIN PCS,BRASS AGARDAN MATKI 1 DHIN,741810,BRASS AGARDAN MATKI 1 DHIN PCS BRASS AGARDAN MATKI 1 DHIN,9
BRASS POOJA KINDI SPL  0 DHIN K-P,BRASS POOJA KINDI SPL  0 DHIN K-P,741810,BRASS POOJA KINDI SPL  0 DHIN K-P BRASS POOJA KINDI SPL  0 DHIN K-P,9
BRASS KODI VILAKKU  1 GOLE PENDI  DHIN PCS,BRASS KODI VILAKKU 1 GOLE PENDI  DHIN,741810,BRASS KODI VILAKKU  1 GOLE PENDI  DHIN PCS BRASS KODI VILAKKU 1 GOLE PENDI  DHIN,9
BRASS KODI VILAKKU 2  GOLE PENDI  DHIN PCS,BRASS KODI VILAKKU 2 GOLE PENDI  DHIN,741810,BRASS KODI VILAKKU 2  GOLE PENDI  DHIN PCS BRASS KODI VILAKKU 2 GOLE PENDI  DHIN,9
BRASS AGARDAN MATKI NO 2 DHIN PCS,BRASS AGARDAN MATKI NO 2 DHIN,741810,BRASS AGARDAN MATKI NO 2 DHIN PCS BRASS AGARDAN MATKI NO 2 DHIN,9
BRASS SHILPA URULI ASB KG,BRASS SHILPA URULI ASB,741980,BRASS SHILPA URULI ASB KG BRASS SHILPA URULI ASB,12
BRASS ND LEG URULI SPL ASB KG,BRASS ND LEG URULI SPL ASB,741980,BRASS ND LEG URULI SPL ASB KG BRASS ND LEG URULI SPL ASB,12
BRASS MED ELEPHANT DESIGN BNKI K-P,BRASS MED ELEPHANT DESIGN BNKI K-P,83062910,BRASS MED ELEPHANT DESIGN BNKI K-P BRASS MED ELEPHANT DESIGN BNKI K-P,36
BRASS ELEPHANT MULTIPLE BNKI K-P,BRASS ELEPHANT MULTIPLE BNKI K-P,83062910,BRASS ELEPHANT MULTIPLE BNKI K-P BRASS ELEPHANT MULTIPLE BNKI K-P,36
WOOD PLANTER TABLE 3 LEG NO 8 MENH,WOOD PLANTER TABLE 3 LEG NO 8 MENH,44190010,WOOD PLANTER TABLE 3 LEG NO 8 MENH WOOD PLANTER TABLE 3 LEG NO 8 MENH,20
WOOD PLANTER TABLE 3 LEG NO 10 MENH,WOOD PLANTER TABLE 3 LEG NO 10 MENH,44190010,WOOD PLANTER TABLE 3 LEG NO 10 MENH WOOD PLANTER TABLE 3 LEG NO 10 MENH,20
WOOD PLANTER TABLE 3 LEG NO 12 MENH,WOOD PLANTER TABLE 3 LEG NO 12 MENH,44190010,WOOD PLANTER TABLE 3 LEG NO 12 MENH WOOD PLANTER TABLE 3 LEG NO 12 MENH,20
WOOD KEY HANGER PEACOCK  MENH PCS,WOOD KEY HANGER PEACOCK  MENH,44190010,WOOD KEY HANGER PEACOCK  MENH PCS WOOD KEY HANGER PEACOCK  MENH,20
WOOD KEY HANGER ELEPHANT  MENH PCS,WOOD KEY HANGER ELEPHANT  MENH,44190010,WOOD KEY HANGER ELEPHANT  MENH PCS WOOD KEY HANGER ELEPHANT  MENH,20
BRASS STATUE MA  KG,BRASS STATUE MA  KG,830621,BRASS STATUE MA  KG BRASS STATUE MA  KG,16
BRASS STATUE SF MA  KG,BRASS STATUE SF MA  KG,830621,BRASS STATUE SF MA  KG BRASS STATUE SF MA  KG,16
WHITE NATARAJ 24 AND PCS,WHITE NATARAJ 24 AND PCS,76169990,WHITE NATARAJ 24 AND PCS WHITE NATARAJ 24 AND PCS,30
WHITE NATARAJ 23.5 AND PCS,WHITE NATARAJ 23.5 AND PCS,76169990,WHITE NATARAJ 23.5 AND PCS WHITE NATARAJ 23.5 AND PCS,30
WHITE NATARAJ 17.5 AND PCS,WHITE NATARAJ 17.5 AND PCS,76169990,WHITE NATARAJ 17.5 AND PCS WHITE NATARAJ 17.5 AND PCS,30
WHITE NATARAJ 16.75 AND PCS,WHITE NATARAJ 16.75 AND,76169990,WHITE NATARAJ 16.75 AND PCS WHITE NATARAJ 16.75 AND,30
WHITE PEACOCK 17 AND PCS,WHITE PEACOCK 17 AND PCS,76169990,WHITE PEACOCK 17 AND PCS WHITE PEACOCK 17 AND PCS,30
WHITE SARASWATHI 21 AND PCS,WHITE SARASWATHI 21 AND,76169990,WHITE SARASWATHI 21 AND PCS WHITE SARASWATHI 21 AND,30
WHITE SARASWATHI  HANS NEW 18 AND PCS,WHITE SARASWATHI  HANS NEW 18 AND,76169990,WHITE SARASWATHI  HANS NEW 18 AND PCS WHITE SARASWATHI  HANS NEW 18 AND,30
WHITE SARASWATHI SMALL GOLE 8 OVAL AND PCS,WHITE SARASWATHI SMALL GOLE 8 OVAL AND,76169990,WHITE SARASWATHI SMALL GOLE 8 OVAL AND PCS WHITE SARASWATHI SMALL GOLE 8 OVAL AND,30
WHITE SARASWATHI SMALL GOLE 6  SQUARE  AND PCS,WHITE SARASWATHI SMALL GOLE 6  SQUARE  AND,76169990,WHITE SARASWATHI SMALL GOLE 6  SQUARE  AND PCS WHITE SARASWATHI SMALL GOLE 6  SQUARE  AND,30
WHITE SARASWATHI WITH SWAN 6 AND PCS,WHITE SARASWATHI WITH SWAN 6 AND,76169990,WHITE SARASWATHI WITH SWAN 6 AND PCS WHITE SARASWATHI WITH SWAN 6 AND,30
BRASS KAMAL GANESH LW 150 RADHM K-P,BRASS KAMAL GANESH LW 150 RADHM,83062910,BRASS KAMAL GANESH LW 150 RADHM K-P BRASS KAMAL GANESH LW 150 RADHM,36
BRASS HANUMAN SITTING LW 30 RADHM K-P,BRASS HANUMAN SITTING LW 30 RADHM,83062910,BRASS HANUMAN SITTING LW 30 RADHM K-P BRASS HANUMAN SITTING LW 30 RADHM,36
BRASS LADDU GOPAL LW 20 RADHM K-P,BRASS LADDU GOPAL LW 20 RADHM,83062910,BRASS LADDU GOPAL LW 20 RADHM K-P BRASS LADDU GOPAL LW 20 RADHM,36
BRASS LADDU GOPAL LW 60 RADHM K-P,BRASS LADDU GOPAL LW 60 RADHM,83062910,BRASS LADDU GOPAL LW 60 RADHM K-P BRASS LADDU GOPAL LW 60 RADHM,36
BRASS LADDU GOPAL LW 120 RADHM K-P,BRASS LADDU GOPAL LW 120 RADHM,83062910,BRASS LADDU GOPAL LW 120 RADHM K-P BRASS LADDU GOPAL LW 120 RADHM,36
BRASS LADDU GOPAL LW 200 RADHM K-P,BRASS LADDU GOPAL LW 200 RADHM,83062910,BRASS LADDU GOPAL LW 200 RADHM K-P BRASS LADDU GOPAL LW 200 RADHM,36
BRASS MURUGAN LW 80 RADHM K-P,BRASS MURUGAN LW 80 RADHM,83062910,BRASS MURUGAN LW 80 RADHM K-P BRASS MURUGAN LW 80 RADHM,36
BRASS PALANI AANDAVAR 500  RADHM K-P,BRASS PALANI AANDAVAR 500  RADHM,83062910,BRASS PALANI AANDAVAR 500  RADHM K-P BRASS PALANI AANDAVAR 500  RADHM,36
BRASS PALANI MURUGAN RAJA ALANGARAM 650 RADHM K-P,BRASS PALANI MURUGAN RAJA ALANGARAM 650 RADHM,83062910,BRASS PALANI MURUGAN RAJA ALANGARAM 650 RADHM K-P BRASS PALANI MURUGAN RAJA ALANGARAM 650 RADHM,36
BRASS STATUES LW EXP RADHM  KG,BRASS STATUES LW EXP RADHM,83062910,BRASS STATUES LW EXP RADHM  KG BRASS STATUES LW EXP RADHM,36
BRASS PRABHA ARCH-60  KART PCS,BRASS PRABHA ARCH-60  KART PCS,74181010,BRASS PRABHA ARCH-60  KART PCS BRASS PRABHA ARCH-60  KART PCS,24
BRASS THASAVATHAR KALASH 6 PCTR PCS,BRASS THASAVATHAR KALASH 6 PCTR PCS,741810,BRASS THASAVATHAR KALASH 6 PCTR PCS BRASS THASAVATHAR KALASH 6 PCTR PCS,9
BRASS THASAVATHAR KALASH 5 PCTR PCS,BRASS THASAVATHAR KALASH 5 PCTR,741810,BRASS THASAVATHAR KALASH 5 PCTR PCS BRASS THASAVATHAR KALASH 5 PCTR,9
BRASS AST LAXMI URULI 3 LEG 8 PCTR PCS,BRASS AST LAXMI URULI 3 LEG 8 PCTR,741810,BRASS AST LAXMI URULI 3 LEG 8 PCTR PCS BRASS AST LAXMI URULI 3 LEG 8 PCTR,9
BRASS AST LAXMI URULI 3 LEG 10  PCTR PCS,BRASS AST LAXMI URULI 3 LEG 10  PCTR PCS,741810,BRASS AST LAXMI URULI 3 LEG 10  PCTR PCS BRASS AST LAXMI URULI 3 LEG 10  PCTR PCS,9
BRASS AST LAXMI URULI 3 LEG 14  PCTR PCS,BRASS AST LAXMI URULI 3 LEG 14  PCTR,741810,BRASS AST LAXMI URULI 3 LEG 14  PCTR PCS BRASS AST LAXMI URULI 3 LEG 14  PCTR,9
BRASS AST LAXMI URULI 3 LEG 16 PCTR PCS,BRASS AST LAXMI URULI 3 LEG 16 PCTR,741810,BRASS AST LAXMI URULI 3 LEG 16 PCTR PCS BRASS AST LAXMI URULI 3 LEG 16 PCTR,9
BRASS ROUND CHOWKI ELEPHANT 600 PCTR PCS,BRASS ROUND CHOWKI ELEPHANT 600 PCTR PCS,741810,BRASS ROUND CHOWKI ELEPHANT 600 PCTR PCS BRASS ROUND CHOWKI ELEPHANT 600 PCTR PCS,9
BRASS ASTA LAXMI CONTAINER MURAM 6 PCTR PCS,BRASS ASTA LAXMI CONTAINER MURAM 6 PCTR,741810,BRASS ASTA LAXMI CONTAINER MURAM 6 PCTR PCS BRASS ASTA LAXMI CONTAINER MURAM 6 PCTR,9
BRS AST LXMI LOTUS URULI 12 ELEPHANT PCTR PCS,BRS AST LXMI LOTUS URULI 12 ELEPHANT PCTR PCS,741810,BRS AST LXMI LOTUS URULI 12 ELEPHANT PCTR PCS BRS AST LXMI LOTUS URULI 12 ELEPHANT PCTR PCS,9
BRASS AST LAXMI POOJA BASKET 750 PCTR PCS,BRASS AST LAXMI POOJA BASKET 750 PCTR PCS,741810,BRASS AST LAXMI POOJA BASKET 750 PCTR PCS BRASS AST LAXMI POOJA BASKET 750 PCTR PCS,9
BRASS AST LAXMI POOJA BASKET 1 PCTR PCS,BRASS AST LAXMI POOJA BASKET 1 PCTR PCS,741810,BRASS AST LAXMI POOJA BASKET 1 PCTR PCS BRASS AST LAXMI POOJA BASKET 1 PCTR PCS,9
BRASS AST LAXMI POOJA BASKET 1.5 PCTR PCS,BRASS AST LAXMI POOJA BASKET 1.5 PCTR,741810,BRASS AST LAXMI POOJA BASKET 1.5 PCTR PCS BRASS AST LAXMI POOJA BASKET 1.5 PCTR,9
BRASS STATUES SF BLACK BOTHR KG,BRASS STATUES SF BLACK BOTHR,83062910,BRASS STATUES SF BLACK BOTHR KG BRASS STATUES SF BLACK BOTHR,36
BRASS STATUES NORMAL BLACK BOTHR KG,BRASS STATUES NORMAL BLACK BOTHR,83062910,BRASS STATUES NORMAL BLACK BOTHR KG BRASS STATUES NORMAL BLACK BOTHR,36
BRASS KANSA THALI SET SWA PCS,BRASS KANSA THALI SET SWA,741810,BRASS KANSA THALI SET SWA PCS BRASS KANSA THALI SET SWA,9
BRASS APPACHHATTY SWA KG,BRASS APPACHHATTY SWA,741810,BRASS APPACHHATTY SWA KG BRASS APPACHHATTY SWA,9
BRASS KADAI CASTING SWA KG,BRASS KADAI CASTING SWA,741810,BRASS KADAI CASTING SWA KG BRASS KADAI CASTING SWA,9
BRASS AKP NADAN PLAIN ROD 5 SWA K-P,BRASS AKP NADAN PLAIN ROD 5 SWA,741810,BRASS AKP NADAN PLAIN ROD 5 SWA K-P BRASS AKP NADAN PLAIN ROD 5 SWA,9
BRASS AKP NADAN PLAIN ROD 6 SWA K-P,BRASS AKP NADAN PLAIN ROD 6 SWA,741810,BRASS AKP NADAN PLAIN ROD 6 SWA K-P BRASS AKP NADAN PLAIN ROD 6 SWA,9
BRASS AKP NADAN PLAIN ROD 7 SWA K-P,BRASS AKP NADAN PLAIN ROD 7 SWA,741810,BRASS AKP NADAN PLAIN ROD 7 SWA K-P BRASS AKP NADAN PLAIN ROD 7 SWA,9
BRASS AKP NADAN PLAIN ROD 8 SWA K-P,BRASS AKP NADAN PLAIN ROD 8 SWA,741810,BRASS AKP NADAN PLAIN ROD 8 SWA K-P BRASS AKP NADAN PLAIN ROD 8 SWA,9
BRASS AKP NADAN RING ROD 5 SWA K-P,BRASS AKP NADAN RING ROD 5 SWA,741810,BRASS AKP NADAN RING ROD 5 SWA K-P BRASS AKP NADAN RING ROD 5 SWA,9
BRASS PUTTU KUDAM CASTING SWA KG,BRASS PUTTU KUDAM CASTING SWA,741810,BRASS PUTTU KUDAM CASTING SWA KG BRASS PUTTU KUDAM CASTING SWA,9
BRASS RING FANCY PEACOCK 13 SWA PCS,BRASS RING FANCY PEACOCK 13 SWA,741810,BRASS RING FANCY PEACOCK 13 SWA PCS BRASS RING FANCY PEACOCK 13 SWA,9
BRASS RING FANCY PEACOCK 11 SWA PCS,BRASS RING FANCY PEACOCK 11 SWA,741810,BRASS RING FANCY PEACOCK 11 SWA PCS BRASS RING FANCY PEACOCK 11 SWA,9
BRASS RING FANCY PEACOCK 9 SWA PCS,BRASS RING FANCY PEACOCK 9 SWA P,741810,BRASS RING FANCY PEACOCK 9 SWA PCS BRASS RING FANCY PEACOCK 9 SWA P,9
BRASS RING FANCY PEACOCK 8 SWA PCS,BRASS RING FANCY PEACOCK 8 SWA,741810,BRASS RING FANCY PEACOCK 8 SWA PCS BRASS RING FANCY PEACOCK 8 SWA,9
BRASS RING FANCY PEACOCK 7 SWA PCS,BRASS RING FANCY PEACOCK 7 SWA,741810,BRASS RING FANCY PEACOCK 7 SWA PCS BRASS RING FANCY PEACOCK 7 SWA,9
BRASS RING FANCY KALASH 10 SWA PCS,BRASS RING FANCY KALASH 10 SWA,741810,BRASS RING FANCY KALASH 10 SWA PCS BRASS RING FANCY KALASH 10 SWA,9
BRASS RING FANCY KALASH 9 SWA PCS,BRASS RING FANCY KALASH 9 SWA,741810,BRASS RING FANCY KALASH 9 SWA PCS BRASS RING FANCY KALASH 9 SWA,9
BRASS RING FANCY KALASH 8 SWA PCS,BRASS RING FANCY KALASH 8 SWA,741810,BRASS RING FANCY KALASH 8 SWA PCS BRASS RING FANCY KALASH 8 SWA,9
BRASS RING FANCY KALASH 7 SWA PCS,BRASS RING FANCY KALASH 7 SWA,741810,BRASS RING FANCY KALASH 7 SWA PCS BRASS RING FANCY KALASH 7 SWA,9
BRASS MASALA BOX W/O BIDDING 6 SWA PCS,BRASS MASALA BOX W/O BIDDING 6  SWA,741810,BRASS MASALA BOX W/O BIDDING 6 SWA PCS BRASS MASALA BOX W/O BIDDING 6  SWA,9
BRASS MASALA BOX W/O BIDDING 5 SWA PCS,BRASS MASALA BOX W/O BIDDING 5 SWA,741810,BRASS MASALA BOX W/O BIDDING 5 SWA PCS BRASS MASALA BOX W/O BIDDING 5 SWA,9
BRASS HANS WITH URULI 4 GV K-P,BRASS HANS WITH URULI 4 GV,83062910,BRASS HANS WITH URULI 4 GV K-P BRASS HANS WITH URULI 4 GV,36
BRASS URULI GHUNGHRU WALI 6 GV K-P,BRASS URULI GHUNGHRU WALI  6 GV,83062910,BRASS URULI GHUNGHRU WALI 6 GV K-P BRASS URULI GHUNGHRU WALI  6 GV,36
BRASS LEG URULI GHUNGHRU WALI 10 GV K-P,BRASS LEG URULI GHUNGHRU WALI 10,83062910,BRASS LEG URULI GHUNGHRU WALI 10 GV K-P BRASS LEG URULI GHUNGHRU WALI 10,36
BRASS NEW LALITA DEVI FAMILY 30  GV K-P,BRASS NEW LALITA DEVI FAMILY 30  GV,83062910,BRASS NEW LALITA DEVI FAMILY 30  GV K-P BRASS NEW LALITA DEVI FAMILY 30  GV,36
BRASS NEW HORSE SET 25 GV K-P,BRASS NEW HORSE SET 25 GV,83062910,BRASS NEW HORSE SET 25 GV K-P BRASS NEW HORSE SET 25 GV,36
BRASS NEW KAMAKSHI  2 GV K-P,BRASS NEW KAMAKSHI  2 GV,83062910,BRASS NEW KAMAKSHI  2 GV K-P BRASS NEW KAMAKSHI  2 GV,36
BRASS PADMANABHA SAWMI LW 80 GV K-P,BRASS PADMANABHA SAWMI LW 80 GV,83062910,BRASS PADMANABHA SAWMI LW 80 GV K-P BRASS PADMANABHA SAWMI LW 80 GV,36
BRASS LEG URULI GHUNGHRU WALI 8 GV K-P,BRASS LEG URULI GHUNGHRU WALI 8 GV,83062910,BRASS LEG URULI GHUNGHRU WALI 8 GV K-P BRASS LEG URULI GHUNGHRU WALI 8 GV,36
BRASS FRAME THIRUPATHI BALAJI  6.5 GV K-P,BRASS FRAME THIRUPATHI BALAJI  6.5 GV K-P,83062910,BRASS FRAME THIRUPATHI BALAJI  6.5 GV K-P BRASS FRAME THIRUPATHI BALAJI  6.5 GV K-P,36
BRASS NEW DUCK PAIR 900 GV K-P,BRASS NEW DUCK PAIR 900 GV,83062910,BRASS NEW DUCK PAIR 900 GV K-P BRASS NEW DUCK PAIR 900 GV,36
BRASS COW CALF L+G SQ BASE BNKI K-P,BRASS COW CALF L+G SQ BASE BNKI K-P,83062910,BRASS COW CALF L+G SQ BASE BNKI K-P BRASS COW CALF L+G SQ BASE BNKI K-P,36
BRASS KAMAKSHI VILLAKKU 3 POP PCS,BRASS KAMAKSHI VILLAKKU 3 POP,741980,BRASS KAMAKSHI VILLAKKU 3 POP PCS BRASS KAMAKSHI VILLAKKU 3 POP,12
BRASS TORTOISE SHRI YANTRA 2 POP PCS,BRASS TORTOISE SHRI YANTRA 2  POP,741980,BRASS TORTOISE SHRI YANTRA 2 POP PCS BRASS TORTOISE SHRI YANTRA 2  POP,12
BRASS TORTOISE SHRI YANTRA 3 POP PCS,BRASS TORTOISE SHRI YANTRA 3 POP,741980,BRASS TORTOISE SHRI YANTRA 3 POP PCS BRASS TORTOISE SHRI YANTRA 3 POP,12
BRASS TORTOISE SHRI YANTRA 5 POP PCS,BRASS TORTOISE SHRI YANTRA 5 POP,741980,BRASS TORTOISE SHRI YANTRA 5 POP PCS BRASS TORTOISE SHRI YANTRA 5 POP,12
BRASS LOTTA L.W EXP RARAM KG,BRASS LOTTA L.W EXP RARAM,741810,BRASS LOTTA L.W EXP RARAM KG BRASS LOTTA L.W EXP RARAM,9
BRASS  SIMHASANAM LW EXP RARAM KG,BRASS  SIMHASANAM LW EXP RARAM,741810,BRASS  SIMHASANAM LW EXP RARAM KG BRASS  SIMHASANAM LW EXP RARAM,9
BRASS CHOWKI LW EXP RARAM KG,BRASS CHOWKI LW EXP RARAM,741810,BRASS CHOWKI LW EXP RARAM KG BRASS CHOWKI LW EXP RARAM,9
BRASS KAMAL SARASWATHI 800 GV K-P,BRASS KAMAL SARASWATHI 800 GV,83062910,BRASS KAMAL SARASWATHI 800 GV K-P BRASS KAMAL SARASWATHI 800 GV,36
BRASS FRAME SARASWATHI 5.5 GV K-P,BRASS FRAME SARASWATHI 5.5 GV,83062910,BRASS FRAME SARASWATHI 5.5 GV K-P BRASS FRAME SARASWATHI 5.5 GV,36
BRASS LOTUS SARASWATHI 4 GV K-P,BRASS LOTUS SARASWATHI 4 GV,83062910,BRASS LOTUS SARASWATHI 4 GV K-P BRASS LOTUS SARASWATHI 4 GV,36
BRASS SARASWATHI ROUND BASE 5 GV K-P,BRASS SARASWATHI ROUND BASE 5 GV,83062910,BRASS SARASWATHI ROUND BASE 5 GV K-P BRASS SARASWATHI ROUND BASE 5 GV,36
BRASS SARASWATHI 3.5 GV K-P,BRASS SARASWATHI 3.5 GV,83062910,BRASS SARASWATHI 3.5 GV K-P BRASS SARASWATHI 3.5 GV,36
BRASS NEW MACHLI URULI STAND GV K-P,BRASS NEW MACHLI URULI STAND GV,83062910,BRASS NEW MACHLI URULI STAND GV K-P BRASS NEW MACHLI URULI STAND GV,36
BRASS KALASH INSIDE ASTA LAXMI 600 KRHC K-P,BRASS KALASH INSIDE ASTA LAXMI 600 KRHC,741810,BRASS KALASH INSIDE ASTA LAXMI 600 KRHC K-P BRASS KALASH INSIDE ASTA LAXMI 600 KRHC,9
BRASS KALASH INSIDE ASTA LAXMI 800 KRHC K-P,BRASS KALASH INSIDE ASTA LAXMI 800 KRHC,741810,BRASS KALASH INSIDE ASTA LAXMI 800 KRHC K-P BRASS KALASH INSIDE ASTA LAXMI 800 KRHC,9
BRASS AGAL VEL 4 DEEP SWA PCS,BRASS AGAL VEL 4 DEEP SWA PCS,741810,BRASS AGAL VEL 4 DEEP SWA PCS BRASS AGAL VEL 4 DEEP SWA PCS,9
W FRAME BUDDHA 11 X12.5 LCL,W FRAME BUDDHA 11 X12.5 LCL,44201000,W FRAME BUDDHA 11 X12.5 LCL W FRAME BUDDHA 11 X12.5 LCL,21
BRASS WATER JUG ETCHING POP PCS,BRASS WATER JUG ETCHING POP PCS,741980,BRASS WATER JUG ETCHING POP PCS BRASS WATER JUG ETCHING POP PCS,12
BRASS GHEE POT 1 DP PCS,BRASS GHEE POT 1 DP PCS,741819,BRASS GHEE POT 1 DP PCS BRASS GHEE POT 1 DP PCS,10
BRASS GHEE POT 2 DP DP PCS,BRASS GHEE POT 2 DP DP PCS,741819,BRASS GHEE POT 2 DP DP PCS BRASS GHEE POT 2 DP DP PCS,10
BRASS GHEE POT 3 DP  PCS,BRASS GHEE POT 3 DP,741819,BRASS GHEE POT 3 DP  PCS BRASS GHEE POT 3 DP,10
BRASS KANSI 5 PATTI VILAKKU RMH KG,BRASS KANSI 5 PATTI VILAKKU RMH,83062910,BRASS KANSI 5 PATTI VILAKKU RMH KG BRASS KANSI 5 PATTI VILAKKU RMH,36
BRASS STATUE LW EXP KUSH,BRASS STATUE LW EXP KUSH,83062910,BRASS STATUE LW EXP KUSH BRASS STATUE LW EXP KUSH,36
BRASS STATUE LW 15 KUSH,BRASS STATUE LW 15 KUSH,83062910,BRASS STATUE LW 15 KUSH BRASS STATUE LW 15 KUSH,36
BRASS STATUE LW 20 KUSH K-P,BRASS STATUE LW 20 KUSH K-P,83062910,BRASS STATUE LW 20 KUSH K-P BRASS STATUE LW 20 KUSH K-P,36
BRASS STATUE LW 25 KUSH K-P,BRASS STATUE LW 25 KUSH K-P,83062910,BRASS STATUE LW 25 KUSH K-P BRASS STATUE LW 25 KUSH K-P,36
BRASS STATUE LW 30 KUSH K-P,BRASS STATUE LW 30 KUSH K-P,83062910,BRASS STATUE LW 30 KUSH K-P BRASS STATUE LW 30 KUSH K-P,36
BRASS STATUE LW 35 KUSH K-P,BRASS STATUE LW 35 KUSH K-P,83062910,BRASS STATUE LW 35 KUSH K-P BRASS STATUE LW 35 KUSH K-P,36
BRASS GANESH PENTAGON BASE BNKI K-P,BRASS GANESH PENTAGON BASE BNKI,83062910,BRASS GANESH PENTAGON BASE BNKI K-P BRASS GANESH PENTAGON BASE BNKI,36
BRASS GOL BASE GANESH BNKI K-P,BRASS GOL BASE GANESH BNKI K-P,83062910,BRASS GOL BASE GANESH BNKI K-P BRASS GOL BASE GANESH BNKI K-P,36
BRASS GANESH BNKI K-P,BRASS GANESH BNKI K-P,83062910,BRASS GANESH BNKI K-P BRASS GANESH BNKI K-P,36
BRASS ROUNDBASE GANESH BNKI K-P,BRASS ROUNDBASE GANESH BNKI K-P,83062910,BRASS ROUNDBASE GANESH BNKI K-P BRASS ROUNDBASE GANESH BNKI K-P,36
BRASS GANESH KAMAL BASE BNKI K-P,BRASS GANESH KAMAL BASE BNKI K-P,83062910,BRASS GANESH KAMAL BASE BNKI K-P BRASS GANESH KAMAL BASE BNKI K-P,36
BRASS GOL BASE AST GANESH BNKI K-P,BRASS GOL BASE AST GANESH BNKI,83062910,BRASS GOL BASE AST GANESH BNKI K-P BRASS GOL BASE AST GANESH BNKI,36
BRASS OVAL GANESH LG380G BNKI K-P,BRASS OVAL GANESH LG380G BNKI,83062910,BRASS OVAL GANESH LG380G BNKI K-P BRASS OVAL GANESH LG380G BNKI,36
BRASS AST GANESH SQUARE BASE BNKI K-P,BRASS AST GANESH SQUARE BASE BNKI,83062910,BRASS AST GANESH SQUARE BASE BNKI K-P BRASS AST GANESH SQUARE BASE BNKI,36
BRASS APPU GANESH BNKI K-P,BRASS APPU GANESH BNKI,83062910,BRASS APPU GANESH BNKI K-P BRASS APPU GANESH BNKI,36
BRASS TAKIYA SIGHASAN GANESH BNKI K-P,BRASS TAKIYA SIGHASAN GANESH BNKI,83062910,BRASS TAKIYA SIGHASAN GANESH BNKI K-P BRASS TAKIYA SIGHASAN GANESH BNKI,36
BRASS DOUBLE CHOKI GANESH GA413 BNKI K-P,BRASS DOUBLE CHOKI GANESH GA413 BNKI,83062910,BRASS DOUBLE CHOKI GANESH GA413 BNKI K-P BRASS DOUBLE CHOKI GANESH GA413 BNKI,36
BRASS AST GANESH FINE SQAURE BASE BNKI K-P,BRASS AST GANESH FINE SQAURE BASE BNKI,83062910,BRASS AST GANESH FINE SQAURE BASE BNKI K-P BRASS AST GANESH FINE SQAURE BASE BNKI,36
BRASS APPU GANESH WITH SQUARE CHOKI BNKI K-P,BRASS APPU GANESH WITH SQUARE CHOKI BNKI,83062910,BRASS APPU GANESH WITH SQUARE CHOKI BNKI K-P BRASS APPU GANESH WITH SQUARE CHOKI BNKI,36
BRASS ROUND BASE GANESH BNKI K-P,BRASS ROUND BASE GANESH BNKI,83062910,BRASS ROUND BASE GANESH BNKI K-P BRASS ROUND BASE GANESH BNKI,36
BRASS ROUND BASE GANESH GA559 BNKI K-P,BRASS ROUND BASE GANESH GA559 BNKI,83062910,BRASS ROUND BASE GANESH GA559 BNKI K-P BRASS ROUND BASE GANESH GA559 BNKI,36
BRASS FRAME GANESH BNKI K-P,BRASS FRAME GANESH BNKI K-P,83062910,BRASS FRAME GANESH BNKI K-P BRASS FRAME GANESH BNKI K-P,36
BRASS KAMAL KRISHNA BNKI K-P,BRASS KAMAL KRISHNA BNKI,83062910,BRASS KAMAL KRISHNA BNKI K-P BRASS KAMAL KRISHNA BNKI,36
BRASS DOUBLE TREE BNKI K-P,BRASS DOUBLE TREE BNKI K-P,83062910,BRASS DOUBLE TREE BNKI K-P BRASS DOUBLE TREE BNKI K-P,36
BRASS DOUBLE TREE OT280 BNKI K-P,BRASS DOUBLE TREE OT280 BNKI K-P,83062910,BRASS DOUBLE TREE OT280 BNKI K-P BRASS DOUBLE TREE OT280 BNKI K-P,36
BRASS KRISHNA KR265 BNKI K-P,BRASS KRISHNA KR265 BNKI,83062910,BRASS KRISHNA KR265 BNKI K-P BRASS KRISHNA KR265 BNKI,36
BRASS W/O BASE GANESH BNKI K-P,BRASS W/O BASE GANESH BNKI,83062910,BRASS W/O BASE GANESH BNKI K-P BRASS W/O BASE GANESH BNKI,36
BRASS COW KRISHNA BNKI K-P,BRASS COW KRISHNA BNKI,83062910,BRASS COW KRISHNA BNKI K-P BRASS COW KRISHNA BNKI,36
BRASS KRISHNA GOL BASE  KR398 BNKI K-P,BRASS KRISHNA GOL BASE  KR398 BNKI K-P,83062910,BRASS KRISHNA GOL BASE  KR398 BNKI K-P BRASS KRISHNA GOL BASE  KR398 BNKI K-P,36
BRASS KRISHNA KR361 BNKI K-P,BRASS KRISHNA KR361 BNKI,83062910,BRASS KRISHNA KR361 BNKI K-P BRASS KRISHNA KR361 BNKI,36
BRASS NAG KRISHNA BNKI K-P,BRASS NAG KRISHNA BNKI,83062910,BRASS NAG KRISHNA BNKI K-P BRASS NAG KRISHNA BNKI,36
BRASS KURSI GANESH BNKI K-P,BRASS KURSI GANESH BNKI,83062910,BRASS KURSI GANESH BNKI K-P BRASS KURSI GANESH BNKI,36
BRASS SITTING GANESH SINGHASAN BNKI K-P,BRASS SITTING GANESH SINGHASAN BNKI,83062910,BRASS SITTING GANESH SINGHASAN BNKI K-P BRASS SITTING GANESH SINGHASAN BNKI,36
BRASS ASTA LAXMI KUDAM 6 SAI PCS,BRASS ASTA LAXMI KUDAM 6 SAI,741810,BRASS ASTA LAXMI KUDAM 6 SAI PCS BRASS ASTA LAXMI KUDAM 6 SAI,9
BRASS R BASE STANDING BALAJI BNKI K-P,BRASS R BASE STANDING BALAJI BNKI K-P,83062910,BRASS R BASE STANDING BALAJI BNKI K-P BRASS R BASE STANDING BALAJI BNKI K-P,36
BRASS BULLET SMALL BNKI PCS,BRASS BULLET SMALL BNKI,83062910,BRASS BULLET SMALL BNKI PCS BRASS BULLET SMALL BNKI,36
BRASS BULLET VERY SMALL BNKI PCS,BRASS BULLET VERY SMALL BNKI,83062910,BRASS BULLET VERY SMALL BNKI PCS BRASS BULLET VERY SMALL BNKI,36
BRASS BULLET MEDIUM BNKI PCS,BRASS BULLET MEDIUM BNKI,83062910,BRASS BULLET MEDIUM BNKI PCS BRASS BULLET MEDIUM BNKI,36
BRASS BULLET BIG BNKI PCS,BRASS BULLET BIG BNKI,83062910,BRASS BULLET BIG BNKI PCS BRASS BULLET BIG BNKI,36
BRASS R 15 BIKE BNKI PCS,BRASS R 15 BIKE BNKI,83062910,BRASS R 15 BIKE BNKI PCS BRASS R 15 BIKE BNKI,36
BRASS SUPER KINDI 4 SAI K-P,BRASS SUPER KINDI 4 SAI,741810,BRASS SUPER KINDI 4 SAI K-P BRASS SUPER KINDI 4 SAI,9
BRASS DANA BOWL PLAIN 1 SAI PCS,BRASS DANA BOWL PLAIN 1 SAI,741810,BRASS DANA BOWL PLAIN 1 SAI PCS BRASS DANA BOWL PLAIN 1 SAI,9
BRASS DANA BOWL PLAIN 2 SAI PCS,BRASS DANA BOWL PLAIN 2 SAI,741810,BRASS DANA BOWL PLAIN 2 SAI PCS BRASS DANA BOWL PLAIN 2 SAI,9
BRASS DANA BOWL PLAIN 3 SAI PCS,BRASS DANA BOWL PLAIN 3 SAI,741810,BRASS DANA BOWL PLAIN 3 SAI PCS BRASS DANA BOWL PLAIN 3 SAI,9
BRASS DANA BOWL ACHING 1 SAI PCS,BRASS DANA BOWL ACHING 1 SAI,741810,BRASS DANA BOWL ACHING 1 SAI PCS BRASS DANA BOWL ACHING 1 SAI,9
BRASS DANA BOWL ACHING 2 SAI PCS,BRASS DANA BOWL ACHING 2 SAI PCS,741810,BRASS DANA BOWL ACHING 2 SAI PCS BRASS DANA BOWL ACHING 2 SAI PCS,9
BRASS DANA BOWL ACHING 3 SAI PCS,BRASS DANA BOWL ACHING 3 SAI,741810,BRASS DANA BOWL ACHING 3 SAI PCS BRASS DANA BOWL ACHING 3 SAI,9
BRASS KARTHIKAI PADAM DEEPAM 2 KART PCS,BRASS KARTHIKAI PADAM DEEPAM 2 KART,741819,BRASS KARTHIKAI PADAM DEEPAM 2 KART PCS BRASS KARTHIKAI PADAM DEEPAM 2 KART,10
BRASS KARTHIKAI PADAM DEEPAM 3 KART PCS,BRASS KARTHIKAI PADAM DEEPAM 3 KART,741819,BRASS KARTHIKAI PADAM DEEPAM 3 KART PCS BRASS KARTHIKAI PADAM DEEPAM 3 KART,10
BRASS AGAL DEEP 2 KART PCS,BRASS AGAL DEEP 2 KART,741819,BRASS AGAL DEEP 2 KART PCS BRASS AGAL DEEP 2 KART,10
BRASS SEV SANCHA 400 KRSE,BRASS SEV SANCHA 400 KRSE,741810,BRASS SEV SANCHA 400 KRSE BRASS SEV SANCHA 400 KRSE,9
BRASS SEV SANCHA 500 KRSE,BRASS SEV SANCHA 500 KRSE,741810,BRASS SEV SANCHA 500 KRSE BRASS SEV SANCHA 500 KRSE,9
COPPER CHINA PLATE -SHLP,COPPER CHINA PLATE- SHLP,74181010,COPPER CHINA PLATE -SHLP COPPER CHINA PLATE- SHLP,24
BRASS KAMAL PALTE 5 BNKI PCS,BRASS KAMAL PALTE 5 BNKI,83062910,BRASS KAMAL PALTE 5 BNKI PCS BRASS KAMAL PALTE 5 BNKI,36
BRASS KAMAL PALTE 7 BNKI PCS,BRASS KAMAL PALTE 7 BNKI,83062910,BRASS KAMAL PALTE 7 BNKI PCS BRASS KAMAL PALTE 7 BNKI,36
BRASS CHAKRA TALVAAR BNKI K-P,BRASS CHAKRA TALVAAR BNKI,83062910,BRASS CHAKRA TALVAAR BNKI K-P BRASS CHAKRA TALVAAR BNKI,36
BRASS GOL BASE GANESH GA 572 BNKI K-P,BRASS GOL BASE GANESH GA 572 BNKI,83062910,BRASS GOL BASE GANESH GA 572 BNKI K-P BRASS GOL BASE GANESH GA 572 BNKI,36
BRASS BRACKET BNKI K-P,BRASS BRACKET BNKI,83062910,BRASS BRACKET BNKI K-P BRASS BRACKET BNKI,36
BRASS KAMAL BASE SITTING GANESH FIVE BATI DEEPAK BNKI K-P,BRASS KAMAL BASE SITTING GANESH FIVE BATI DEEPAK,83062910,BRASS KAMAL BASE SITTING GANESH FIVE BATI DEEPAK BNKI K-P BRASS KAMAL BASE SITTING GANESH FIVE BATI DEEPAK,36
BRASS DEEP LADY DP125 BNKI K-P,BRASS DEEP LADY DP125 BNKI,83062910,BRASS DEEP LADY DP125 BNKI K-P BRASS DEEP LADY DP125 BNKI,36
BRASS DEEP LADY DP146 BNKI K-P,BRASS DEEP LADY DP146 BNKI,83062910,BRASS DEEP LADY DP146 BNKI K-P BRASS DEEP LADY DP146 BNKI,36
BRASS BIG BASE KRISHNA BNKI K-P,BRASS BIG BASE KRISHNA BNKI,83062910,BRASS BIG BASE KRISHNA BNKI K-P BRASS BIG BASE KRISHNA BNKI,36
BRASS BASE TREE WITH CANDEL HOLDER BNKI K-P,BRASS BASE TREE WITH CANDEL HOLDER BNKI,83062910,BRASS BASE TREE WITH CANDEL HOLDER BNKI K-P BRASS BASE TREE WITH CANDEL HOLDER BNKI,36
BRASS DEEP LADY DP120 BNKI K-P,BRASS DEEP LADY DP120 BNKI,83062910,BRASS DEEP LADY DP120 BNKI K-P BRASS DEEP LADY DP120 BNKI,36
BRASS TORTOISE GANESH BNKI K-P,BRASS TORTOISE GANESH BNKI,83062910,BRASS TORTOISE GANESH BNKI K-P BRASS TORTOISE GANESH BNKI,36
BRASS KAJOOR TREE BNKI K-P,BRASS KAJOOR TREE BNKI,83062910,BRASS KAJOOR TREE BNKI K-P BRASS KAJOOR TREE BNKI,36
BRASS HANGING MORE PALTE BNKI K-P,BRASS HANGING MORE PALTE BNKI,83062910,BRASS HANGING MORE PALTE BNKI K-P BRASS HANGING MORE PALTE BNKI,36
BRASS TREE WITH BIRDS BNKI K-P,BRASS TREE WITH BIRDS BNKI,83062910,BRASS TREE WITH BIRDS BNKI K-P BRASS TREE WITH BIRDS BNKI,36
BRASS CHOKI GANESH WITH CHATRI BNKI K-P,BRASS CHOKI GANESH WITH CHATRI BNKI,83062910,BRASS CHOKI GANESH WITH CHATRI BNKI K-P BRASS CHOKI GANESH WITH CHATRI BNKI,36
BRASS KAMAL GANESH LG293G BNKI K-P,BRASS KAMAL GANESH LG293G BNKI,83062910,BRASS KAMAL GANESH LG293G BNKI K-P BRASS KAMAL GANESH LG293G BNKI,36
BRASS GOL BASE KRISHNA KR490 BNKI K-P,BRASS GOL BASE KRISHNA KR490 BNKI,83062910,BRASS GOL BASE KRISHNA KR490 BNKI K-P BRASS GOL BASE KRISHNA KR490 BNKI,36
BRASS STANDING KRISHNA KR430 BNKI K-P,BRASS STANDING KRISHNA KR430 BNKI,83062910,BRASS STANDING KRISHNA KR430 BNKI K-P BRASS STANDING KRISHNA KR430 BNKI,36
BRASS STANDING KRISHNA ROUND BASE BNKI K-P,BRASS STANDING KRISHNA ROUND BASE BNKI,83062910,BRASS STANDING KRISHNA ROUND BASE BNKI K-P BRASS STANDING KRISHNA ROUND BASE BNKI,36
BRASS APPU GANESH GA125 BNKI K-P,BRASS APPU GANESH GA125 BNKI,83062910,BRASS APPU GANESH GA125 BNKI K-P BRASS APPU GANESH GA125 BNKI,36
BRASS HANGING KAMAL BNKI K-P,BRASS HANGING KAMAL BNKI,83062910,BRASS HANGING KAMAL BNKI K-P BRASS HANGING KAMAL BNKI,36
BRASS KRISHNA GOL BASE KR156 BNKI K-P,BRASS KRISHNA GOL BASE KR156 BNKI,83062910,BRASS KRISHNA GOL BASE KR156 BNKI K-P BRASS KRISHNA GOL BASE KR156 BNKI,36
BRASS KRISHNA KR 175 BNKI K-P,BRASS KRISHNA KR 175 BNKI,83062910,BRASS KRISHNA KR 175 BNKI K-P BRASS KRISHNA KR 175 BNKI,36
BRASS KAMAL KRISHNA KR499 BNKI K-P,BRASS KAMAL KRISHNA KR499 BNKI,83062910,BRASS KAMAL KRISHNA KR499 BNKI K-P BRASS KAMAL KRISHNA KR499 BNKI,36
BRASS MODERN KRISHNA BNKI K-P,BRASS MODERN KRISHNA BNKI,83062910,BRASS MODERN KRISHNA BNKI K-P BRASS MODERN KRISHNA BNKI,36
BRASS LAXMI GANESH SARASWATHI OVAL BASE BNKI K-P,BRASS LAXMI GANESH SARASWATHI OVAL BASE BNKI,83062910,BRASS LAXMI GANESH SARASWATHI OVAL BASE BNKI K-P BRASS LAXMI GANESH SARASWATHI OVAL BASE BNKI,36
BRASS TORTOISE AST LAXMI BNKI K-P,BRASS TORTOISE AST LAXMI BNK,83062910,BRASS TORTOISE AST LAXMI BNKI K-P BRASS TORTOISE AST LAXMI BNK,36
BRASS FRAME KRISHNA KR176 BNKI K-P,BRASS FRAME KRISHNA KR176 BNKI,83062910,BRASS FRAME KRISHNA KR176 BNKI K-P BRASS FRAME KRISHNA KR176 BNKI,36
KANSA THALI SET ( HAND DESIGN) EMB,KANSA THALI SET ( HAND DESIGN) EMB,741810,KANSA THALI SET ( HAND DESIGN) EMB KANSA THALI SET ( HAND DESIGN) EMB,9
KANSA THALI NO 12 EMB,KANSA THALI NO 12 EMB,741810,KANSA THALI NO 12 EMB KANSA THALI NO 12 EMB,9
KANSA THALI NO 11EMB,KANSA THALI NO 11EMB,741810,KANSA THALI NO 11EMB KANSA THALI NO 11EMB,9
KANSA THALI NO 10 EMB,KANSA THALI NO 10 EMB,741810,KANSA THALI NO 10 EMB KANSA THALI NO 10 EMB,9
BRASS KAMAL PALTE 6 BNKI PCS,BRASS KAMAL PALTE 6 BNKI,83062910,BRASS KAMAL PALTE 6 BNKI PCS BRASS KAMAL PALTE 6 BNKI,36
BRASS KAMAL PALTE 4 BNKI PCS,BRASS KAMAL PALTE 4 BNKI,83062910,BRASS KAMAL PALTE 4 BNKI PCS BRASS KAMAL PALTE 4 BNKI,36
BRASS NEW LARGE APK 48 TO 72 QADS  KG,BRASS NEW LARGE APK 48 TO 72 QADS  KG,741810,BRASS NEW LARGE APK 48 TO 72 QADS  KG BRASS NEW LARGE APK 48 TO 72 QADS  KG,9
BRASS COFFEE DABARA SET MATT DESIGN EMB,BRASS COFFEE DABARA SET MATT DESIGN EMB,741810,BRASS COFFEE DABARA SET MATT DESIGN EMB BRASS COFFEE DABARA SET MATT DESIGN EMB,9
BRASS SHANK FRAME MB PCS,BRASS SHANK FRAME MB PCS,830610,BRASS SHANK FRAME MB PCS BRASS SHANK FRAME MB PCS,15
BRASS CHAKKRA FRAME MB PCS,BRASS CHAKKRA FRAME MB PCS,830610,BRASS CHAKKRA FRAME MB PCS BRASS CHAKKRA FRAME MB PCS,15
BRASS GANESHA PRAVALI MB PCS,BRASS GANESHA PRAVALI MB PCS,830610,BRASS GANESHA PRAVALI MB PCS BRASS GANESHA PRAVALI MB PCS,15
BRASS PARROT FRAME MB PCS,BRASS PARROT FRAME MB PCS,830610,BRASS PARROT FRAME MB PCS BRASS PARROT FRAME MB PCS,15
BRASS KALASH FRAME MB PCS,BRASS KALASH FRAME MB PCS,830610,BRASS KALASH FRAME MB PCS BRASS KALASH FRAME MB PCS,15
BRASS LOTUS FRAME MB PCS,BRASS LOTUS FRAME MB PCS,830610,BRASS LOTUS FRAME MB PCS BRASS LOTUS FRAME MB PCS,15
BRASS ASTA LAXMI FRAME MB PCS,BRASS ASTA LAXMI FRAME MB PCS,830610,BRASS ASTA LAXMI FRAME MB PCS BRASS ASTA LAXMI FRAME MB PCS,15
BRASS SURYA RATH FRAME MB PCS,BRASS SURYA RATH FRAME MB PCS,830610,BRASS SURYA RATH FRAME MB PCS BRASS SURYA RATH FRAME MB PCS,15
BRASS RADHA KRISHNA PLATE FRAME MB PCS,BRASS RADHA KRISHNA PLATE FRAME MB PCS,830610,BRASS RADHA KRISHNA PLATE FRAME MB PCS BRASS RADHA KRISHNA PLATE FRAME MB PCS,15
BRASS TRISTI GANESH FRAME MB PCS,BRASS TRISTI GANESH FRAME MB PCS,830610,BRASS TRISTI GANESH FRAME MB PCS BRASS TRISTI GANESH FRAME MB PCS,15
BRASS VILAKKU SET COMBO.,BRASS VILAKKU SET COMBO.,741810,BRASS VILAKKU SET COMBO. BRASS VILAKKU SET COMBO.,9
CHANKU CHAKRA  SET COMBO,CHANKU CHAKRA  SET COMBO,741810,CHANKU CHAKRA  SET COMBO CHANKU CHAKRA  SET COMBO,9
BRASS POOJA VILAKKU SET COMBO 1,BRASS POOJA VILAKKU SET COMBO 1,732394,BRASS POOJA VILAKKU SET COMBO 1 BRASS POOJA VILAKKU SET COMBO 1,7
BRASS CHANK CHAKRA  SET COMBO 1,BRASS CHANK CHAKRA  SET COMBO 1,732394,BRASS CHANK CHAKRA  SET COMBO 1 BRASS CHANK CHAKRA  SET COMBO 1,7
BRASS L+G+S PANEL BNKI  K-P,BRASS L+G+S  PANEL BNKI,830621,BRASS L+G+S PANEL BNKI  K-P BRASS L+G+S  PANEL BNKI,16
BRASS GOAL BASE S+C NAMA WITH FRAME  BNKI  K-P,BRASS GOAL BASE S+C NAMA WITH FRAME  BNKI,830621,BRASS GOAL BASE S+C NAMA WITH FRAME  BNKI  K-P BRASS GOAL BASE S+C NAMA WITH FRAME  BNKI,16
BRASS DURGA BASE  BNKI  K-P,BRASS DURGA BASE  BNKI,830621,BRASS DURGA BASE  BNKI  K-P BRASS DURGA BASE  BNKI,16
BRASS D BASE GANESH BIG  BNKI  K-P,BRASS D BASE GANESH BIG  BNKI,830621,BRASS D BASE GANESH BIG  BNKI  K-P BRASS D BASE GANESH BIG  BNKI,16
BRASS LAXMI GANESH SAME BASE SET  BNKI  K-P,BRASS LAXMI GANESH SAME BASE SET  BNKI,830621,BRASS LAXMI GANESH SAME BASE SET  BNKI  K-P BRASS LAXMI GANESH SAME BASE SET  BNKI,16
BRASS ELEPHANT DEEPAK  BNKI  K-P,BRASS ELEPHANT DEEPAK  BNKI,830621,BRASS ELEPHANT DEEPAK  BNKI  K-P BRASS ELEPHANT DEEPAK  BNKI,16
BRASS DURGGA BASE  BNKI  K-P,BRASS DURGGA BASE  BNKI,830621,BRASS DURGGA BASE  BNKI  K-P BRASS DURGGA BASE  BNKI,16
BRASS 3 ELEP DESIGN DHANALAXMI DEEPAK  BNKI  K-P,BRASS 3 ELEP DESIGN DHANALAXMI DEEPAK  BNKI,830621,BRASS 3 ELEP DESIGN DHANALAXMI DEEPAK  BNKI  K-P BRASS 3 ELEP DESIGN DHANALAXMI DEEPAK  BNKI,16
BRASS DAGDU GANESH  BNKI  K-P,BRASS DAGDU GANESH  BNKI,830621,BRASS DAGDU GANESH  BNKI  K-P BRASS DAGDU GANESH  BNKI,16
BRASS FIVE BATTI DEEPAK BIG  BNKI  K-P,BRASS FIVE BATTI DEEPAK BIG  BNKI,830621,BRASS FIVE BATTI DEEPAK BIG  BNKI  K-P BRASS FIVE BATTI DEEPAK BIG  BNKI,16
BRASS GANESH KAMALL  BNKI  K-P,BRASS GANESH KAMALL  BNKI,830621,BRASS GANESH KAMALL  BNKI  K-P BRASS GANESH KAMALL  BNKI,16
BRASS GANESHH KAMAL  BNKI  K-P,BRASS GANESHH KAMAL  BNKI,830621,BRASS GANESHH KAMAL  BNKI  K-P BRASS GANESHH KAMAL  BNKI,16
BRASS ANNAPURAN ANNAPURNA SQR BASE  BNKI  K-P,BRASS ANNAPURAN ANNAPURNA SQR BASE  BNKI,830621,BRASS ANNAPURAN ANNAPURNA SQR BASE  BNKI  K-P BRASS ANNAPURAN ANNAPURNA SQR BASE  BNKI,16
BRASS ANNAPOORNA  BNKI  K-P,BRASS ANNAPOORNA  BNKI,830621,BRASS ANNAPOORNA  BNKI  K-P BRASS ANNAPOORNA  BNKI,16
BRASS ANNAPURNA SQR BASE  BNKI  K-P,BRASS ANNAPURNA SQR BASE  BNKI,830621,BRASS ANNAPURNA SQR BASE  BNKI  K-P BRASS ANNAPURNA SQR BASE  BNKI,16
BRASS ANNAPURNA SQUR BASE  BNKI  K-P,BRASS ANNAPURNA SQUR BASE  BNKI,830621,BRASS ANNAPURNA SQUR BASE  BNKI  K-P BRASS ANNAPURNA SQUR BASE  BNKI,16
BRASS DAGDU GANESHH  BNKI  K-P,BRASS DAGDU GANESHH  BNKI,830621,BRASS DAGDU GANESHH  BNKI  K-P BRASS DAGDU GANESHH  BNKI,16
BRASS COW CALF WITH GOD  BNKI  K-P,BRASS COW CALF WITH GOD  BNKI,830621,BRASS COW CALF WITH GOD  BNKI  K-P BRASS COW CALF WITH GOD  BNKI,16
BRASS 3 LEG ELEPHANT LAMP  BNKI  K-P,BRASS 3 LEG ELEPHANT LAMP  BNKI,830621,BRASS 3 LEG ELEPHANT LAMP  BNKI  K-P BRASS 3 LEG ELEPHANT LAMP  BNKI,16
BRASS KAMAAL GANESH  BNKI  K-P,BRASS KAMAAL GANESH  BNKI,830621,BRASS KAMAAL GANESH  BNKI  K-P BRASS KAMAAL GANESH  BNKI,16
BRASS NATRAAJ  BNKI  K-P,BRASS NATRAAJ  BNKI,830621,BRASS NATRAAJ  BNKI  K-P BRASS NATRAAJ  BNKI,16
BRASS PARROT BIG  BNKI K-P,BRASS PARROT BIG  BNKI,830621,BRASS PARROT BIG  BNKI K-P BRASS PARROT BIG  BNKI,16
BRASS STANDING FRAME BALAJI  BNKI  K-P,BRASS STANDING FRAME BALAJI  BNKI,830621,BRASS STANDING FRAME BALAJI  BNKI  K-P BRASS STANDING FRAME BALAJI  BNKI,16
BRASS SITTING P HANUMAN  BNKI  K-P,BRASS SITTING P HANUMAN  BNKI,830621,BRASS SITTING P HANUMAN  BNKI  K-P BRASS SITTING P HANUMAN  BNKI,16
BRASS ROUND BASE MATKI KRISHNA  BNKI  K-P,BRASS ROUND BASE MATKI KRISHNA  BNKI,830621,BRASS ROUND BASE MATKI KRISHNA  BNKI  K-P BRASS ROUND BASE MATKI KRISHNA  BNKI,16
BRASS DESIGN ELEPHANT  BNKI  K-P,BRASS DESIGN ELEPHANT  BNKI,830621,BRASS DESIGN ELEPHANT  BNKI  K-P BRASS DESIGN ELEPHANT  BNKI,16
BRASS STANDING BALAJI SMALL  BNKI  K-P,BRASS STANDING BALAJI SMALL  BNKI,830621,BRASS STANDING BALAJI SMALL  BNKI  K-P BRASS STANDING BALAJI SMALL  BNKI,16
BRASS SITTING HANUMANN  BNKI  K-P,BRASS SITTING HANUMANN  BNKI,830621,BRASS SITTING HANUMANN  BNKI  K-P BRASS SITTING HANUMANN  BNKI,16
BRASS KAMAL SARASWATHII  BNKI  K-P,BRASS KAMAL SARASWATHII  BNKI,830621,BRASS KAMAL SARASWATHII  BNKI  K-P BRASS KAMAL SARASWATHII  BNKI,16
BRASS STANDING BALAJI BIG  BNKI  K-P,BRASS STANDING BALAJI BIG  BNKI,830621,BRASS STANDING BALAJI BIG  BNKI  K-P BRASS STANDING BALAJI BIG  BNKI,16
BRASS ANNA DEEPAK  BNKI  K-P,BRASS ANNA DEEPAK  BNKI,830621,BRASS ANNA DEEPAK  BNKI  K-P BRASS ANNA DEEPAK  BNKI,16
BRASS 3 ELEP TIRUPATI B DEEPAK W/L+S+C  BNKI  K-P,BRASS 3 ELEP TIRUPATI B DEEPAK W/L+S+C  BNKI,830621,BRASS 3 ELEP TIRUPATI B DEEPAK W/L+S+C  BNKI  K-P BRASS 3 ELEP TIRUPATI B DEEPAK W/L+S+C  BNKI,16
BRASS BALAJI LAXMI DEEPAK  BNKI  K-P,BRASS BALAJI LAXMI DEEPAK  BNKI,830621,BRASS BALAJI LAXMI DEEPAK  BNKI  K-P BRASS BALAJI LAXMI DEEPAK  BNKI,16
BRASS STANDING JHAD KRISHNA  BNKI  K-P,BRASS STANDING JHAD KRISHNA  BNKI,830621,BRASS STANDING JHAD KRISHNA  BNKI  K-P BRASS STANDING JHAD KRISHNA  BNKI,16
BRASS BIG STANDING BALAJI  BNKI  K-P,BRASS BIG STANDING BALAJI  BNKI,830621,BRASS BIG STANDING BALAJI  BNKI  K-P BRASS BIG STANDING BALAJI  BNKI,16
BRASS ROUND BASE STANDING BALAJI  BNKI  K-P,BRASS ROUND BASE STANDING BALAJI  BNKI,830621,BRASS ROUND BASE STANDING BALAJI  BNKI  K-P BRASS ROUND BASE STANDING BALAJI  BNKI,16
BRASS ROUND BASEE STANDING BALAJI  BNKI  K-P,BRASS ROUND BASEE STANDING BALAJI  BNKI,830621,BRASS ROUND BASEE STANDING BALAJI  BNKI  K-P BRASS ROUND BASEE STANDING BALAJI  BNKI,16
BRASS STANDING BALAJI ROUND BASE  BNKI  K-P,BRASS STANDING BALAJI ROUND BASE  BNKI,830621,BRASS STANDING BALAJI ROUND BASE  BNKI  K-P BRASS STANDING BALAJI ROUND BASE  BNKI,16
BRASS BASE DURGGA   BNKI K-P,BRASS BASE DURGGA   BNKI,830621,BRASS BASE DURGGA   BNKI K-P BRASS BASE DURGGA   BNKI,16
BRASS EMBOSS LOTTA NO 1 VJMW,BRASS EMBOSS LOTTA NO 1 VJMW,741810,BRASS EMBOSS LOTTA NO 1 VJMW BRASS EMBOSS LOTTA NO 1 VJMW,9
BRASS EMBOSS LOTTA NO 2 VJMW,BRASS EMBOSS LOTTA NO 2 VJMW,741810,BRASS EMBOSS LOTTA NO 2 VJMW BRASS EMBOSS LOTTA NO 2 VJMW,9
BRASS EMBOSS LOTTA NO 3 VJMW,BRASS EMBOSS LOTTA NO 3 VJMW,741810,BRASS EMBOSS LOTTA NO 3 VJMW BRASS EMBOSS LOTTA NO 3 VJMW,9
BRASS EMBOSS LOTTA NO 4 VJMW,BRASS EMBOSS LOTTA NO 4 VJMW,741810,BRASS EMBOSS LOTTA NO 4 VJMW BRASS EMBOSS LOTTA NO 4 VJMW,9
BRASS BOWL IDIKAL KUTANI VJMW,BRASS BOWL IDIKAL KUTANI VJMW,741810,BRASS BOWL IDIKAL KUTANI VJMW BRASS BOWL IDIKAL KUTANI VJMW,9
BRASS ETCHING BIRIYANI HANDI NO 1 VJMW,BRASS ETCHING BIRIYANI HANDI NO 1 VJMW,741810,BRASS ETCHING BIRIYANI HANDI NO 1 VJMW BRASS ETCHING BIRIYANI HANDI NO 1 VJMW,9
BRASS ETCHING BIRIYANI HANDI NO 2 VJMW,BRASS ETCHING BIRIYANI HANDI NO 2 VJMW,741810,BRASS ETCHING BIRIYANI HANDI NO 2 VJMW BRASS ETCHING BIRIYANI HANDI NO 2 VJMW,9
BRASS ETCHING BIRIYANI HANDI NO 3 VJMW,BRASS ETCHING BIRIYANI HANDI NO 3 VJMW,741810,BRASS ETCHING BIRIYANI HANDI NO 3 VJMW BRASS ETCHING BIRIYANI HANDI NO 3 VJMW,9
BRASS PURI DIBBI VJMW,BRASS PURI DIBBI VJMW,741810,BRASS PURI DIBBI VJMW BRASS PURI DIBBI VJMW,9
BRASS PURI DIBBI WITH TRAY SET VJMW,BRASS PURI DIBBI WITH TRAY SET VJMW,741810,BRASS PURI DIBBI WITH TRAY SET VJMW BRASS PURI DIBBI WITH TRAY SET VJMW,9
BRASS ROYAL KHAZANA HAMMERED VJMW,BRASS ROYAL KHAZANA HAMMERED VJMW,741810,BRASS ROYAL KHAZANA HAMMERED VJMW BRASS ROYAL KHAZANA HAMMERED VJMW,9
BRASS ROYAL URALI STRIPES NO 6 VJMW,BRASS ROYAL URALI STRIPES NO 6 VJMW,741810,BRASS ROYAL URALI STRIPES NO 6 VJMW BRASS ROYAL URALI STRIPES NO 6 VJMW,9
BRASS ROYAL URALI STRIPES NO 8 VJMW,BRASS ROYAL URALI STRIPES NO 8 VJMW,741810,BRASS ROYAL URALI STRIPES NO 8 VJMW BRASS ROYAL URALI STRIPES NO 8 VJMW,9
BRASS ROYAL URALI STRIPES NO 10 VJMW,BRASS ROYAL URALI STRIPES NO 10 VJMW,741810,BRASS ROYAL URALI STRIPES NO 10 VJMW BRASS ROYAL URALI STRIPES NO 10 VJMW,9
BRASS ROYAL URALI HAMMERED NO 6 VJMW,BRASS ROYAL URALI HAMMERED NO 6 VJMW,741810,BRASS ROYAL URALI HAMMERED NO 6 VJMW BRASS ROYAL URALI HAMMERED NO 6 VJMW,9
BRASS ROYAL URALI PEACOCK NO 6 VJMW,BRASS ROYAL URALI PEACOCK NO 6 VJMW,741810,BRASS ROYAL URALI PEACOCK NO 6 VJMW BRASS ROYAL URALI PEACOCK NO 6 VJMW,9
BRASS ROYAL URALI PEACOCK NO 8 VJMW,BRASS ROYAL URALI PEACOCK NO 8 VJMW,741810,BRASS ROYAL URALI PEACOCK NO 8 VJMW BRASS ROYAL URALI PEACOCK NO 8 VJMW,9
BRASS ROYAL URALI PEACOCK NO 10 VJMW,BRASS ROYAL URALI PEACOCK NO 10 VJMW,741810,BRASS ROYAL URALI PEACOCK NO 10 VJMW BRASS ROYAL URALI PEACOCK NO 10 VJMW,9
BRASS ROYAL URALI PETAL NO 8 VJMW,BRASS ROYAL URALI PETAL NO 8 VJMW,741810,BRASS ROYAL URALI PETAL NO 8 VJMW BRASS ROYAL URALI PETAL NO 8 VJMW,9
BRASS ROYAL URALI PETAL NO 10 VJMW,BRASS ROYAL URALI PETAL NO 10 VJMW,741810,BRASS ROYAL URALI PETAL NO 10 VJMW BRASS ROYAL URALI PETAL NO 10 VJMW,9
BRASS ROYAL URALI LOTUS NO 6 VJMW,BRASS ROYAL URALI LOTUS NO 6 VJMW,741810,BRASS ROYAL URALI LOTUS NO 6 VJMW BRASS ROYAL URALI LOTUS NO 6 VJMW,9
BRASS ROYAL URALI LOTUS NO 8 VJMW,BRASS ROYAL URALI LOTUS NO 8 VJMW,741810,BRASS ROYAL URALI LOTUS NO 8 VJMW BRASS ROYAL URALI LOTUS NO 8 VJMW,9
BRASS KITCHEN TOOL W HANDLE VJMW,BRASS KITCHEN TOOL W HANDLE VJMW,741810,BRASS KITCHEN TOOL W HANDLE VJMW BRASS KITCHEN TOOL W HANDLE VJMW,9
BRASS MASALA BOX NO 7 VJMW,BRASS MASALA BOX NO 7 VJMW,741810,BRASS MASALA BOX NO 7 VJMW BRASS MASALA BOX NO 7 VJMW,9
BRASS MASALA BOX NO 8 VJMW,BRASS MASALA BOX NO 8 VJMW,741810,BRASS MASALA BOX NO 8 VJMW BRASS MASALA BOX NO 8 VJMW,9
BRASS GHEE POT ETCHING NO 1 VJMW,BRASS GHEE POT ETCHING NO 1 VJMW,741810,BRASS GHEE POT ETCHING NO 1 VJMW BRASS GHEE POT ETCHING NO 1 VJMW,9
BRASS GHEE POT ETCHING NO 2 VJMW,BRASS GHEE POT ETCHING NO 2 VJMW,741810,BRASS GHEE POT ETCHING NO 2 VJMW BRASS GHEE POT ETCHING NO 2 VJMW,9
BRASS GHEE POT HAMMERED NO 2 VJMW,BRASS GHEE POT HAMMERED NO 2 VJMW,741810,BRASS GHEE POT HAMMERED NO 2 VJMW BRASS GHEE POT HAMMERED NO 2 VJMW,9
